2026-08-10 00:00:01 DAILY-SUMMARY DATE:2026-08-09 SPIKES:51 KILLS:0 UNIQUE_PIDS:45 PEAK_MEM:PID:8000/651.9MB
2026-08-10 00:00:29 HEARTBEAT PROCS:2 TOP_MEM:PID:12208/38.3MB TOP_CPU:PID:12208/0.6% SYS_CPU:0%-WD:0.6% SYS_MEM:2.2/32GB(6.9%)-WD:0.1GB(0.3%) TRACKING:0 SPIKES:0 KILLS:0
2026-08-10 00:00:29   DIST CPU_IDLE(<1%):2 CPU_NORMAL(1-25%):0 CPU_HOT(>=25%):0
2026-08-10 00:05:31 HEARTBEAT PROCS:0 TOP_MEM:none TOP_CPU:none SYS_CPU:1%-WD:0% SYS_MEM:2.2/32GB(6.9%)-WD:0GB(0%) TRACKING:0 SPIKES:0 KILLS:0
2026-08-10 00:05:31   DIST CPU_IDLE(<1%):0 CPU_NORMAL(1-25%):0 CPU_HOT(>=25%):0
2026-08-10 00:10:34 HEARTBEAT PROCS:5 TOP_MEM:PID:11620/36MB TOP_CPU:PID:1044/0% SYS_CPU:1%-WD:0% SYS_MEM:2.3/32GB(7.2%)-WD:0.2GB(0.6%) TRACKING:0 SPIKES:0 KILLS:0
2026-08-10 00:10:34   DIST CPU_IDLE(<1%):5 CPU_NORMAL(1-25%):0 CPU_HOT(>=25%):0
2026-08-10 00:15:38 HEARTBEAT PROCS:5 TOP_MEM:PID:11620/36.1MB TOP_CPU:PID:7380/0% SYS_CPU:1%-WD:0% SYS_MEM:2.3/32GB(7.2%)-WD:0.2GB(0.6%) TRACKING:0 SPIKES:0 KILLS:0
2026-08-10 00:15:38   DIST CPU_IDLE(<1%):5 CPU_NORMAL(1-25%):0 CPU_HOT(>=25%):0
2026-08-10 00:20:40 HEARTBEAT PROCS:3 TOP_MEM:PID:11116/43.4MB TOP_CPU:PID:11116/0% SYS_CPU:1%-WD:0% SYS_MEM:2.3/32GB(7.2%)-WD:0.1GB(0.3%) TRACKING:0 SPIKES:0 KILLS:0
2026-08-10 00:20:40   DIST CPU_IDLE(<1%):3 CPU_NORMAL(1-25%):0 CPU_HOT(>=25%):0
2026-08-10 00:25:43 HEARTBEAT PROCS:0 TOP_MEM:none TOP_CPU:none SYS_CPU:1%-WD:0% SYS_MEM:2.2/32GB(6.9%)-WD:0GB(0%) TRACKING:0 SPIKES:0 KILLS:0
2026-08-10 00:25:43   DIST CPU_IDLE(<1%):0 CPU_NORMAL(1-25%):0 CPU_HOT(>=25%):0
2026-08-10 00:30:45 HEARTBEAT PROCS:2 TOP_MEM:PID:6316/64.4MB TOP_CPU:PID:10140/0% SYS_CPU:1%-WD:0% SYS_MEM:2.3/32GB(7.2%)-WD:0.1GB(0.3%) TRACKING:0 SPIKES:0 KILLS:0
2026-08-10 00:30:45   DIST CPU_IDLE(<1%):2 CPU_NORMAL(1-25%):0 CPU_HOT(>=25%):0
2026-08-10 00:35:48 HEARTBEAT PROCS:4 TOP_MEM:PID:6316/64.4MB TOP_CPU:PID:9144/0% SYS_CPU:1%-WD:0% SYS_MEM:2.3/32GB(7.2%)-WD:0.2GB(0.6%) TRACKING:0 SPIKES:0 KILLS:0
2026-08-10 00:35:48   DIST CPU_IDLE(<1%):4 CPU_NORMAL(1-25%):0 CPU_HOT(>=25%):0
2026-08-10 00:40:51 HEARTBEAT PROCS:4 TOP_MEM:PID:6316/64.5MB TOP_CPU:PID:9144/0% SYS_CPU:1%-WD:0% SYS_MEM:2.3/32GB(7.2%)-WD:0.2GB(0.6%) TRACKING:0 SPIKES:0 KILLS:0
2026-08-10 00:40:51   DIST CPU_IDLE(<1%):4 CPU_NORMAL(1-25%):0 CPU_HOT(>=25%):0
2026-08-10 00:45:54 HEARTBEAT PROCS:9 TOP_MEM:PID:10140/46.4MB TOP_CPU:PID:10140/0% SYS_CPU:0%-WD:0% SYS_MEM:2.4/32GB(7.5%)-WD:0.4GB(1.2%) TRACKING:0 SPIKES:0 KILLS:0
2026-08-10 00:45:54   DIST CPU_IDLE(<1%):9 CPU_NORMAL(1-25%):0 CPU_HOT(>=25%):0
2026-08-10 00:50:58 HEARTBEAT PROCS:8 TOP_MEM:PID:9404/50.9MB TOP_CPU:PID:1756/0% SYS_CPU:1%-WD:0% SYS_MEM:2.4/32GB(7.5%)-WD:0.3GB(0.9%) TRACKING:0 SPIKES:0 KILLS:0
2026-08-10 00:50:58   DIST CPU_IDLE(<1%):8 CPU_NORMAL(1-25%):0 CPU_HOT(>=25%):0
2026-08-10 00:56:00 HEARTBEAT PROCS:2 TOP_MEM:PID:6412/49.9MB TOP_CPU:PID:6412/0% SYS_CPU:0%-WD:0% SYS_MEM:2.2/32GB(6.9%)-WD:0.1GB(0.3%) TRACKING:0 SPIKES:1 KILLS:0
2026-08-10 00:56:00   DIST CPU_IDLE(<1%):2 CPU_NORMAL(1-25%):0 CPU_HOT(>=25%):0
2026-08-10 01:01:03 HEARTBEAT PROCS:3 TOP_MEM:PID:9596/50.8MB TOP_CPU:PID:11732/0% SYS_CPU:1%-WD:0% SYS_MEM:2.3/32GB(7.2%)-WD:0.1GB(0.3%) TRACKING:0 SPIKES:0 KILLS:0
2026-08-10 01:01:03   DIST CPU_IDLE(<1%):3 CPU_NORMAL(1-25%):0 CPU_HOT(>=25%):0
2026-08-10 01:06:06 HEARTBEAT PROCS:9 TOP_MEM:PID:9596/50.8MB TOP_CPU:PID:7368/0% SYS_CPU:0%-WD:0% SYS_MEM:2.4/32GB(7.5%)-WD:0.4GB(1.2%) TRACKING:0 SPIKES:0 KILLS:0
2026-08-10 01:06:06   DIST CPU_IDLE(<1%):9 CPU_NORMAL(1-25%):0 CPU_HOT(>=25%):0
2026-08-10 01:11:09 HEARTBEAT PROCS:4 TOP_MEM:PID:2304/72.3MB TOP_CPU:PID:2304/0% SYS_CPU:0%-WD:0% SYS_MEM:2.3/32GB(7.2%)-WD:0.2GB(0.6%) TRACKING:0 SPIKES:0 KILLS:0
2026-08-10 01:11:09   DIST CPU_IDLE(<1%):4 CPU_NORMAL(1-25%):0 CPU_HOT(>=25%):0
2026-08-10 01:16:12 HEARTBEAT PROCS:3 TOP_MEM:PID:2304/72.3MB TOP_CPU:PID:8932/0% SYS_CPU:1%-WD:0% SYS_MEM:2.3/32GB(7.2%)-WD:0.2GB(0.6%) TRACKING:0 SPIKES:0 KILLS:0
2026-08-10 01:16:12   DIST CPU_IDLE(<1%):3 CPU_NORMAL(1-25%):0 CPU_HOT(>=25%):0
2026-08-10 01:21:14 HEARTBEAT PROCS:2 TOP_MEM:PID:10848/43.6MB TOP_CPU:PID:10848/0% SYS_CPU:1%-WD:0% SYS_MEM:2.2/32GB(6.9%)-WD:0.1GB(0.3%) TRACKING:0 SPIKES:0 KILLS:0
2026-08-10 01:21:14   DIST CPU_IDLE(<1%):2 CPU_NORMAL(1-25%):0 CPU_HOT(>=25%):0
2026-08-10 01:26:17 HEARTBEAT PROCS:1 TOP_MEM:PID:10144/42.2MB TOP_CPU:PID:10144/0% SYS_CPU:0%-WD:0% SYS_MEM:2.2/32GB(6.9%)-WD:0GB(0%) TRACKING:0 SPIKES:0 KILLS:0
2026-08-10 01:26:17   DIST CPU_IDLE(<1%):1 CPU_NORMAL(1-25%):0 CPU_HOT(>=25%):0
2026-08-10 01:31:20 HEARTBEAT PROCS:0 TOP_MEM:none TOP_CPU:none SYS_CPU:1%-WD:0% SYS_MEM:2.2/32GB(6.9%)-WD:0GB(0%) TRACKING:0 SPIKES:0 KILLS:0
2026-08-10 01:31:20   DIST CPU_IDLE(<1%):0 CPU_NORMAL(1-25%):0 CPU_HOT(>=25%):0
2026-08-10 01:36:22 HEARTBEAT PROCS:2 TOP_MEM:PID:6644/50.5MB TOP_CPU:PID:7636/0% SYS_CPU:1%-WD:0% SYS_MEM:2.2/32GB(6.9%)-WD:0.1GB(0.3%) TRACKING:0 SPIKES:0 KILLS:0
2026-08-10 01:36:22   DIST CPU_IDLE(<1%):2 CPU_NORMAL(1-25%):0 CPU_HOT(>=25%):0
2026-08-10 01:41:24 HEARTBEAT PROCS:0 TOP_MEM:none TOP_CPU:none SYS_CPU:0%-WD:0% SYS_MEM:2.2/32GB(6.9%)-WD:0GB(0%) TRACKING:0 SPIKES:0 KILLS:0
2026-08-10 01:41:24   DIST CPU_IDLE(<1%):0 CPU_NORMAL(1-25%):0 CPU_HOT(>=25%):0
2026-08-10 01:46:27 HEARTBEAT PROCS:1 TOP_MEM:PID:10052/35.1MB TOP_CPU:PID:10052/0% SYS_CPU:1%-WD:0% SYS_MEM:2.2/32GB(6.9%)-WD:0GB(0%) TRACKING:0 SPIKES:0 KILLS:0
2026-08-10 01:46:27   DIST CPU_IDLE(<1%):1 CPU_NORMAL(1-25%):0 CPU_HOT(>=25%):0
2026-08-10 01:51:30 HEARTBEAT PROCS:0 TOP_MEM:none TOP_CPU:none SYS_CPU:1%-WD:0% SYS_MEM:2.2/32GB(6.9%)-WD:0GB(0%) TRACKING:0 SPIKES:0 KILLS:0
2026-08-10 01:51:30   DIST CPU_IDLE(<1%):0 CPU_NORMAL(1-25%):0 CPU_HOT(>=25%):0
2026-08-10 01:56:32 HEARTBEAT PROCS:0 TOP_MEM:none TOP_CPU:none SYS_CPU:1%-WD:0% SYS_MEM:2.2/32GB(6.9%)-WD:0GB(0%) TRACKING:0 SPIKES:0 KILLS:0
2026-08-10 01:56:32   DIST CPU_IDLE(<1%):0 CPU_NORMAL(1-25%):0 CPU_HOT(>=25%):0
2026-08-10 02:01:35 HEARTBEAT PROCS:3 TOP_MEM:PID:12008/44.1MB TOP_CPU:PID:4664/0% SYS_CPU:0%-WD:0% SYS_MEM:2.3/32GB(7.2%)-WD:0.1GB(0.3%) TRACKING:0 SPIKES:0 KILLS:0
2026-08-10 02:01:35   DIST CPU_IDLE(<1%):3 CPU_NORMAL(1-25%):0 CPU_HOT(>=25%):0
2026-08-10 02:06:38 HEARTBEAT PROCS:4 TOP_MEM:PID:12008/44.2MB TOP_CPU:PID:12008/0% SYS_CPU:1%-WD:0% SYS_MEM:2.3/32GB(7.2%)-WD:0.2GB(0.6%) TRACKING:0 SPIKES:0 KILLS:0
2026-08-10 02:06:38   DIST CPU_IDLE(<1%):4 CPU_NORMAL(1-25%):0 CPU_HOT(>=25%):0
2026-08-10 02:11:40 HEARTBEAT PROCS:1 TOP_MEM:PID:12008/44.2MB TOP_CPU:PID:12008/0% SYS_CPU:1%-WD:0% SYS_MEM:2.2/32GB(6.9%)-WD:0GB(0%) TRACKING:0 SPIKES:0 KILLS:0
2026-08-10 02:11:40   DIST CPU_IDLE(<1%):1 CPU_NORMAL(1-25%):0 CPU_HOT(>=25%):0
2026-08-10 02:16:43 HEARTBEAT PROCS:3 TOP_MEM:PID:12008/44.1MB TOP_CPU:PID:8176/0% SYS_CPU:1%-WD:0% SYS_MEM:2.3/32GB(7.2%)-WD:0.1GB(0.3%) TRACKING:0 SPIKES:0 KILLS:0
2026-08-10 02:16:43   DIST CPU_IDLE(<1%):3 CPU_NORMAL(1-25%):0 CPU_HOT(>=25%):0
2026-08-10 02:21:45 HEARTBEAT PROCS:0 TOP_MEM:none TOP_CPU:none SYS_CPU:0%-WD:0% SYS_MEM:2.2/32GB(6.9%)-WD:0GB(0%) TRACKING:0 SPIKES:0 KILLS:0
2026-08-10 02:21:45   DIST CPU_IDLE(<1%):0 CPU_NORMAL(1-25%):0 CPU_HOT(>=25%):0
2026-08-10 02:26:47 HEARTBEAT PROCS:0 TOP_MEM:none TOP_CPU:none SYS_CPU:0%-WD:0% SYS_MEM:2.2/32GB(6.9%)-WD:0GB(0%) TRACKING:0 SPIKES:0 KILLS:0
2026-08-10 02:26:47   DIST CPU_IDLE(<1%):0 CPU_NORMAL(1-25%):0 CPU_HOT(>=25%):0
2026-08-10 02:31:50 HEARTBEAT PROCS:0 TOP_MEM:none TOP_CPU:none SYS_CPU:1%-WD:0% SYS_MEM:2.2/32GB(6.9%)-WD:0GB(0%) TRACKING:0 SPIKES:0 KILLS:0
2026-08-10 02:31:50   DIST CPU_IDLE(<1%):0 CPU_NORMAL(1-25%):0 CPU_HOT(>=25%):0
2026-08-10 02:36:52 HEARTBEAT PROCS:0 TOP_MEM:none TOP_CPU:none SYS_CPU:0%-WD:0% SYS_MEM:2.2/32GB(6.9%)-WD:0GB(0%) TRACKING:0 SPIKES:0 KILLS:0
2026-08-10 02:36:52   DIST CPU_IDLE(<1%):0 CPU_NORMAL(1-25%):0 CPU_HOT(>=25%):0
2026-08-10 02:41:55 HEARTBEAT PROCS:0 TOP_MEM:none TOP_CPU:none SYS_CPU:1%-WD:0% SYS_MEM:2.2/32GB(6.9%)-WD:0GB(0%) TRACKING:0 SPIKES:0 KILLS:0
2026-08-10 02:41:55   DIST CPU_IDLE(<1%):0 CPU_NORMAL(1-25%):0 CPU_HOT(>=25%):0
2026-08-10 02:46:57 HEARTBEAT PROCS:0 TOP_MEM:none TOP_CPU:none SYS_CPU:2%-WD:0% SYS_MEM:2.2/32GB(6.9%)-WD:0GB(0%) TRACKING:0 SPIKES:0 KILLS:0
2026-08-10 02:46:57   DIST CPU_IDLE(<1%):0 CPU_NORMAL(1-25%):0 CPU_HOT(>=25%):0
2026-08-10 02:52:00 HEARTBEAT PROCS:1 TOP_MEM:PID:3936/43.5MB TOP_CPU:PID:3936/0% SYS_CPU:0%-WD:0% SYS_MEM:2.2/32GB(6.9%)-WD:0GB(0%) TRACKING:0 SPIKES:0 KILLS:0
2026-08-10 02:52:00   DIST CPU_IDLE(<1%):1 CPU_NORMAL(1-25%):0 CPU_HOT(>=25%):0
2026-08-10 02:57:02 HEARTBEAT PROCS:2 TOP_MEM:PID:3936/43.6MB TOP_CPU:PID:3936/0% SYS_CPU:0%-WD:0% SYS_MEM:2.2/32GB(6.9%)-WD:0.1GB(0.3%) TRACKING:0 SPIKES:0 KILLS:0
2026-08-10 02:57:02   DIST CPU_IDLE(<1%):2 CPU_NORMAL(1-25%):0 CPU_HOT(>=25%):0
2026-08-10 03:02:05 HEARTBEAT PROCS:1 TOP_MEM:PID:9492/32.3MB TOP_CPU:PID:9492/0% SYS_CPU:2%-WD:0% SYS_MEM:2.2/32GB(6.9%)-WD:0GB(0%) TRACKING:0 SPIKES:0 KILLS:0
2026-08-10 03:02:05   DIST CPU_IDLE(<1%):1 CPU_NORMAL(1-25%):0 CPU_HOT(>=25%):0
2026-08-10 03:07:08 HEARTBEAT PROCS:1 TOP_MEM:PID:9492/32.5MB TOP_CPU:PID:9492/0% SYS_CPU:1%-WD:0% SYS_MEM:2.2/32GB(6.9%)-WD:0GB(0%) TRACKING:0 SPIKES:0 KILLS:0
2026-08-10 03:07:08   DIST CPU_IDLE(<1%):1 CPU_NORMAL(1-25%):0 CPU_HOT(>=25%):0
2026-08-10 03:12:10 HEARTBEAT PROCS:0 TOP_MEM:none TOP_CPU:none SYS_CPU:2%-WD:0% SYS_MEM:2.2/32GB(6.9%)-WD:0GB(0%) TRACKING:0 SPIKES:0 KILLS:0
2026-08-10 03:12:10   DIST CPU_IDLE(<1%):0 CPU_NORMAL(1-25%):0 CPU_HOT(>=25%):0
2026-08-10 03:17:12 HEARTBEAT PROCS:0 TOP_MEM:none TOP_CPU:none SYS_CPU:0%-WD:0% SYS_MEM:2.2/32GB(6.9%)-WD:0GB(0%) TRACKING:0 SPIKES:0 KILLS:0
2026-08-10 03:17:12   DIST CPU_IDLE(<1%):0 CPU_NORMAL(1-25%):0 CPU_HOT(>=25%):0
2026-08-10 03:22:15 HEARTBEAT PROCS:1 TOP_MEM:PID:12104/43.5MB TOP_CPU:PID:12104/0% SYS_CPU:1%-WD:0% SYS_MEM:2.2/32GB(6.9%)-WD:0GB(0%) TRACKING:0 SPIKES:0 KILLS:0
2026-08-10 03:22:15   DIST CPU_IDLE(<1%):1 CPU_NORMAL(1-25%):0 CPU_HOT(>=25%):0
2026-08-10 03:27:18 HEARTBEAT PROCS:0 TOP_MEM:none TOP_CPU:none SYS_CPU:1%-WD:0% SYS_MEM:2.2/32GB(6.9%)-WD:0GB(0%) TRACKING:0 SPIKES:0 KILLS:0
2026-08-10 03:27:18   DIST CPU_IDLE(<1%):0 CPU_NORMAL(1-25%):0 CPU_HOT(>=25%):0
2026-08-10 03:32:20 HEARTBEAT PROCS:0 TOP_MEM:none TOP_CPU:none SYS_CPU:2%-WD:0% SYS_MEM:2.2/32GB(6.9%)-WD:0GB(0%) TRACKING:0 SPIKES:0 KILLS:0
2026-08-10 03:32:20   DIST CPU_IDLE(<1%):0 CPU_NORMAL(1-25%):0 CPU_HOT(>=25%):0
2026-08-10 03:37:23 HEARTBEAT PROCS:0 TOP_MEM:none TOP_CPU:none SYS_CPU:1%-WD:0% SYS_MEM:2.2/32GB(6.9%)-WD:0GB(0%) TRACKING:0 SPIKES:0 KILLS:0
2026-08-10 03:37:23   DIST CPU_IDLE(<1%):0 CPU_NORMAL(1-25%):0 CPU_HOT(>=25%):0
2026-08-10 03:42:25 HEARTBEAT PROCS:0 TOP_MEM:none TOP_CPU:none SYS_CPU:1%-WD:0% SYS_MEM:2.2/32GB(6.9%)-WD:0GB(0%) TRACKING:0 SPIKES:0 KILLS:0
2026-08-10 03:42:25   DIST CPU_IDLE(<1%):0 CPU_NORMAL(1-25%):0 CPU_HOT(>=25%):0
2026-08-10 03:47:28 HEARTBEAT PROCS:0 TOP_MEM:none TOP_CPU:none SYS_CPU:1%-WD:0% SYS_MEM:2.1/32GB(6.6%)-WD:0GB(0%) TRACKING:0 SPIKES:0 KILLS:0
2026-08-10 03:47:28   DIST CPU_IDLE(<1%):0 CPU_NORMAL(1-25%):0 CPU_HOT(>=25%):0
2026-08-10 03:52:30 HEARTBEAT PROCS:2 TOP_MEM:PID:7528/43.9MB TOP_CPU:PID:7528/0% SYS_CPU:1%-WD:0% SYS_MEM:2.2/32GB(6.9%)-WD:0.1GB(0.3%) TRACKING:0 SPIKES:0 KILLS:0
2026-08-10 03:52:30   DIST CPU_IDLE(<1%):2 CPU_NORMAL(1-25%):0 CPU_HOT(>=25%):0
2026-08-10 03:57:35 HEARTBEAT PROCS:15 TOP_MEM:PID:1292/50MB TOP_CPU:PID:11000/0% SYS_CPU:1%-WD:0% SYS_MEM:2.6/32GB(8.1%)-WD:0.7GB(2.2%) TRACKING:0 SPIKES:0 KILLS:0
2026-08-10 03:57:35   DIST CPU_IDLE(<1%):15 CPU_NORMAL(1-25%):0 CPU_HOT(>=25%):0
2026-08-10 04:02:38 HEARTBEAT PROCS:8 TOP_MEM:PID:1292/50MB TOP_CPU:PID:7688/0% SYS_CPU:1%-WD:0% SYS_MEM:2.4/32GB(7.5%)-WD:0.4GB(1.2%) TRACKING:0 SPIKES:0 KILLS:0
2026-08-10 04:02:38   DIST CPU_IDLE(<1%):8 CPU_NORMAL(1-25%):0 CPU_HOT(>=25%):0
2026-08-10 04:07:42 HEARTBEAT PROCS:22 TOP_MEM:PID:8692/50.2MB TOP_CPU:PID:11000/0% SYS_CPU:4%-WD:0% SYS_MEM:2.7/32GB(8.4%)-WD:0.9GB(2.8%) TRACKING:0 SPIKES:0 KILLS:0
2026-08-10 04:07:42   DIST CPU_IDLE(<1%):22 CPU_NORMAL(1-25%):0 CPU_HOT(>=25%):0
2026-08-10 04:12:46 HEARTBEAT PROCS:227 TOP_MEM:PID:8692/50.2MB TOP_CPU:PID:4448/0% SYS_CPU:1%-WD:0% SYS_MEM:6.2/32GB(19.4%)-WD:7.8GB(24.4%) TRACKING:0 SPIKES:0 KILLS:0
2026-08-10 04:12:46   DIST CPU_IDLE(<1%):227 CPU_NORMAL(1-25%):0 CPU_HOT(>=25%):0
2026-08-10 04:17:47 HEARTBEAT PROCS:12 TOP_MEM:PID:8692/50.2MB TOP_CPU:PID:10952/0% SYS_CPU:0%-WD:0% SYS_MEM:2.4/32GB(7.5%)-WD:0.5GB(1.6%) TRACKING:0 SPIKES:0 KILLS:0
2026-08-10 04:17:47   DIST CPU_IDLE(<1%):12 CPU_NORMAL(1-25%):0 CPU_HOT(>=25%):0
2026-08-10 04:22:50 HEARTBEAT PROCS:10 TOP_MEM:PID:10468/45.6MB TOP_CPU:PID:3052/0% SYS_CPU:0%-WD:0% SYS_MEM:2.4/32GB(7.5%)-WD:0.4GB(1.2%) TRACKING:0 SPIKES:0 KILLS:0
2026-08-10 04:22:50   DIST CPU_IDLE(<1%):10 CPU_NORMAL(1-25%):0 CPU_HOT(>=25%):0
2026-08-10 04:27:53 HEARTBEAT PROCS:1 TOP_MEM:PID:3324/44.4MB TOP_CPU:PID:3324/0% SYS_CPU:1%-WD:0% SYS_MEM:2.2/32GB(6.9%)-WD:0GB(0%) TRACKING:0 SPIKES:0 KILLS:0
2026-08-10 04:27:53   DIST CPU_IDLE(<1%):1 CPU_NORMAL(1-25%):0 CPU_HOT(>=25%):0
2026-08-10 04:32:55 HEARTBEAT PROCS:0 TOP_MEM:none TOP_CPU:none SYS_CPU:1%-WD:0% SYS_MEM:2.2/32GB(6.9%)-WD:0GB(0%) TRACKING:0 SPIKES:0 KILLS:0
2026-08-10 04:32:55   DIST CPU_IDLE(<1%):0 CPU_NORMAL(1-25%):0 CPU_HOT(>=25%):0
2026-08-10 04:37:58 HEARTBEAT PROCS:0 TOP_MEM:none TOP_CPU:none SYS_CPU:1%-WD:0% SYS_MEM:2.2/32GB(6.9%)-WD:0GB(0%) TRACKING:0 SPIKES:0 KILLS:0
2026-08-10 04:37:58   DIST CPU_IDLE(<1%):0 CPU_NORMAL(1-25%):0 CPU_HOT(>=25%):0
2026-08-10 04:43:01 HEARTBEAT PROCS:0 TOP_MEM:none TOP_CPU:none SYS_CPU:1%-WD:0% SYS_MEM:2.2/32GB(6.9%)-WD:0GB(0%) TRACKING:0 SPIKES:0 KILLS:0
2026-08-10 04:43:01   DIST CPU_IDLE(<1%):0 CPU_NORMAL(1-25%):0 CPU_HOT(>=25%):0
2026-08-10 04:48:03 HEARTBEAT PROCS:0 TOP_MEM:none TOP_CPU:none SYS_CPU:1%-WD:0% SYS_MEM:2.2/32GB(6.9%)-WD:0GB(0%) TRACKING:0 SPIKES:0 KILLS:0
2026-08-10 04:48:03   DIST CPU_IDLE(<1%):0 CPU_NORMAL(1-25%):0 CPU_HOT(>=25%):0
2026-08-10 04:53:06 HEARTBEAT PROCS:0 TOP_MEM:none TOP_CPU:none SYS_CPU:1%-WD:0% SYS_MEM:2.2/32GB(6.9%)-WD:0GB(0%) TRACKING:0 SPIKES:0 KILLS:0
2026-08-10 04:53:06   DIST CPU_IDLE(<1%):0 CPU_NORMAL(1-25%):0 CPU_HOT(>=25%):0
2026-08-10 04:58:09 HEARTBEAT PROCS:0 TOP_MEM:none TOP_CPU:none SYS_CPU:0%-WD:0% SYS_MEM:2.2/32GB(6.9%)-WD:0GB(0%) TRACKING:0 SPIKES:0 KILLS:0
2026-08-10 04:58:09   DIST CPU_IDLE(<1%):0 CPU_NORMAL(1-25%):0 CPU_HOT(>=25%):0
2026-08-10 05:03:12 HEARTBEAT PROCS:1 TOP_MEM:PID:9080/43.3MB TOP_CPU:PID:9080/0% SYS_CPU:0%-WD:0% SYS_MEM:2.2/32GB(6.9%)-WD:0GB(0%) TRACKING:0 SPIKES:0 KILLS:0
2026-08-10 05:03:12   DIST CPU_IDLE(<1%):1 CPU_NORMAL(1-25%):0 CPU_HOT(>=25%):0
2026-08-10 05:08:14 HEARTBEAT PROCS:5 TOP_MEM:PID:8336/49.9MB TOP_CPU:PID:8948/0% SYS_CPU:1%-WD:0% SYS_MEM:2.3/32GB(7.2%)-WD:0.2GB(0.6%) TRACKING:0 SPIKES:0 KILLS:0
2026-08-10 05:08:14   DIST CPU_IDLE(<1%):5 CPU_NORMAL(1-25%):0 CPU_HOT(>=25%):0
2026-08-10 05:13:17 HEARTBEAT PROCS:2 TOP_MEM:PID:8336/50.1MB TOP_CPU:PID:8496/0% SYS_CPU:1%-WD:0% SYS_MEM:2.3/32GB(7.2%)-WD:0.1GB(0.3%) TRACKING:0 SPIKES:0 KILLS:0
2026-08-10 05:13:17   DIST CPU_IDLE(<1%):2 CPU_NORMAL(1-25%):0 CPU_HOT(>=25%):0
2026-08-10 05:18:20 HEARTBEAT PROCS:0 TOP_MEM:none TOP_CPU:none SYS_CPU:1%-WD:0% SYS_MEM:2.2/32GB(6.9%)-WD:0GB(0%) TRACKING:0 SPIKES:0 KILLS:0
2026-08-10 05:18:20   DIST CPU_IDLE(<1%):0 CPU_NORMAL(1-25%):0 CPU_HOT(>=25%):0
2026-08-10 05:23:22 HEARTBEAT PROCS:2 TOP_MEM:PID:10772/49.4MB TOP_CPU:PID:3460/0% SYS_CPU:1%-WD:0% SYS_MEM:2.3/32GB(7.2%)-WD:0.1GB(0.3%) TRACKING:0 SPIKES:0 KILLS:0
2026-08-10 05:23:22   DIST CPU_IDLE(<1%):2 CPU_NORMAL(1-25%):0 CPU_HOT(>=25%):0
2026-08-10 05:28:25 HEARTBEAT PROCS:5 TOP_MEM:PID:10772/49.4MB TOP_CPU:PID:7596/0% SYS_CPU:1%-WD:0% SYS_MEM:2.3/32GB(7.2%)-WD:0.2GB(0.6%) TRACKING:0 SPIKES:0 KILLS:0
2026-08-10 05:28:25   DIST CPU_IDLE(<1%):5 CPU_NORMAL(1-25%):0 CPU_HOT(>=25%):0
2026-08-10 05:33:29 HEARTBEAT PROCS:5 TOP_MEM:PID:10024/49.8MB TOP_CPU:PID:3928/0% SYS_CPU:0%-WD:0% SYS_MEM:2.3/32GB(7.2%)-WD:0.2GB(0.6%) TRACKING:0 SPIKES:0 KILLS:0
2026-08-10 05:33:29   DIST CPU_IDLE(<1%):5 CPU_NORMAL(1-25%):0 CPU_HOT(>=25%):0
2026-08-10 05:38:31 HEARTBEAT PROCS:1 TOP_MEM:PID:10024/49.8MB TOP_CPU:PID:10024/0% SYS_CPU:1%-WD:0% SYS_MEM:2.2/32GB(6.9%)-WD:0GB(0%) TRACKING:0 SPIKES:0 KILLS:0
2026-08-10 05:38:31   DIST CPU_IDLE(<1%):1 CPU_NORMAL(1-25%):0 CPU_HOT(>=25%):0
2026-08-10 05:43:33 HEARTBEAT PROCS:0 TOP_MEM:none TOP_CPU:none SYS_CPU:1%-WD:0% SYS_MEM:2.2/32GB(6.9%)-WD:0GB(0%) TRACKING:0 SPIKES:0 KILLS:0
2026-08-10 05:43:33   DIST CPU_IDLE(<1%):0 CPU_NORMAL(1-25%):0 CPU_HOT(>=25%):0
2026-08-10 05:48:37 HEARTBEAT PROCS:4 TOP_MEM:PID:10268/34.2MB TOP_CPU:PID:1756/0% SYS_CPU:1%-WD:0% SYS_MEM:2.3/32GB(7.2%)-WD:0.1GB(0.3%) TRACKING:0 SPIKES:0 KILLS:0
2026-08-10 05:48:37   DIST CPU_IDLE(<1%):4 CPU_NORMAL(1-25%):0 CPU_HOT(>=25%):0
2026-08-10 05:53:39 HEARTBEAT PROCS:0 TOP_MEM:none TOP_CPU:none SYS_CPU:1%-WD:0% SYS_MEM:2.2/32GB(6.9%)-WD:0GB(0%) TRACKING:0 SPIKES:0 KILLS:0
2026-08-10 05:53:39   DIST CPU_IDLE(<1%):0 CPU_NORMAL(1-25%):0 CPU_HOT(>=25%):0
2026-08-10 05:58:41 HEARTBEAT PROCS:4 TOP_MEM:PID:1868/85MB TOP_CPU:PID:1868/0% SYS_CPU:0%-WD:0% SYS_MEM:2.3/32GB(7.2%)-WD:0.2GB(0.6%) TRACKING:0 SPIKES:0 KILLS:0
2026-08-10 05:58:41   DIST CPU_IDLE(<1%):4 CPU_NORMAL(1-25%):0 CPU_HOT(>=25%):0
2026-08-10 06:03:44 HEARTBEAT PROCS:2 TOP_MEM:PID:1868/80.7MB TOP_CPU:PID:4436/0% SYS_CPU:1%-WD:0% SYS_MEM:2.3/32GB(7.2%)-WD:0.1GB(0.3%) TRACKING:0 SPIKES:0 KILLS:0
2026-08-10 06:03:44   DIST CPU_IDLE(<1%):2 CPU_NORMAL(1-25%):0 CPU_HOT(>=25%):0
2026-08-10 06:08:46 HEARTBEAT PROCS:6 TOP_MEM:PID:1868/94MB TOP_CPU:PID:7288/0% SYS_CPU:1%-WD:0% SYS_MEM:2.4/32GB(7.5%)-WD:0.3GB(0.9%) TRACKING:0 SPIKES:0 KILLS:0
2026-08-10 06:08:46   DIST CPU_IDLE(<1%):6 CPU_NORMAL(1-25%):0 CPU_HOT(>=25%):0
2026-08-10 06:13:49 HEARTBEAT PROCS:4 TOP_MEM:PID:1868/91.4MB TOP_CPU:PID:8788/0% SYS_CPU:0%-WD:0% SYS_MEM:2.3/32GB(7.2%)-WD:0.2GB(0.6%) TRACKING:0 SPIKES:0 KILLS:0
2026-08-10 06:13:49   DIST CPU_IDLE(<1%):4 CPU_NORMAL(1-25%):0 CPU_HOT(>=25%):0
2026-08-10 06:18:53 HEARTBEAT PROCS:12 TOP_MEM:PID:1868/100.7MB TOP_CPU:PID:6412/0% SYS_CPU:2%-WD:0% SYS_MEM:2.5/32GB(7.8%)-WD:0.5GB(1.6%) TRACKING:0 SPIKES:0 KILLS:0
2026-08-10 06:18:53   DIST CPU_IDLE(<1%):12 CPU_NORMAL(1-25%):0 CPU_HOT(>=25%):0
2026-08-10 06:23:57 HEARTBEAT PROCS:16 TOP_MEM:PID:1868/102.9MB TOP_CPU:PID:9892/0% SYS_CPU:4%-WD:0% SYS_MEM:2.7/32GB(8.4%)-WD:0.8GB(2.5%) TRACKING:0 SPIKES:1 KILLS:0
2026-08-10 06:23:57   DIST CPU_IDLE(<1%):16 CPU_NORMAL(1-25%):0 CPU_HOT(>=25%):0
2026-08-10 06:29:00 HEARTBEAT PROCS:10 TOP_MEM:PID:1868/109.8MB TOP_CPU:PID:12228/0% SYS_CPU:0%-WD:0% SYS_MEM:2.5/32GB(7.8%)-WD:0.5GB(1.6%) TRACKING:0 SPIKES:1 KILLS:0
2026-08-10 06:29:00   DIST CPU_IDLE(<1%):10 CPU_NORMAL(1-25%):0 CPU_HOT(>=25%):0
2026-08-10 06:34:04 HEARTBEAT PROCS:17 TOP_MEM:PID:1868/109.1MB TOP_CPU:PID:1868/1.4% SYS_CPU:1%-WD:1.4% SYS_MEM:2.7/32GB(8.4%)-WD:0.8GB(2.5%) TRACKING:0 SPIKES:0 KILLS:0
2026-08-10 06:34:04   DIST CPU_IDLE(<1%):16 CPU_NORMAL(1-25%):1 CPU_HOT(>=25%):0
2026-08-10 06:39:08 HEARTBEAT PROCS:8 TOP_MEM:PID:1868/109.4MB TOP_CPU:PID:11764/0% SYS_CPU:0%-WD:0% SYS_MEM:2.5/32GB(7.8%)-WD:0.5GB(1.6%) TRACKING:0 SPIKES:0 KILLS:0
2026-08-10 06:39:08   DIST CPU_IDLE(<1%):8 CPU_NORMAL(1-25%):0 CPU_HOT(>=25%):0
2026-08-10 06:44:11 HEARTBEAT PROCS:8 TOP_MEM:PID:1868/109.4MB TOP_CPU:PID:10816/0% SYS_CPU:1%-WD:0% SYS_MEM:2.5/32GB(7.8%)-WD:0.5GB(1.6%) TRACKING:0 SPIKES:0 KILLS:0
2026-08-10 06:44:11   DIST CPU_IDLE(<1%):8 CPU_NORMAL(1-25%):0 CPU_HOT(>=25%):0
2026-08-10 06:49:14 HEARTBEAT PROCS:9 TOP_MEM:PID:7608/94.9MB TOP_CPU:PID:7976/0% SYS_CPU:1%-WD:0% SYS_MEM:2.5/32GB(7.8%)-WD:0.5GB(1.6%) TRACKING:0 SPIKES:0 KILLS:0
2026-08-10 06:49:14   DIST CPU_IDLE(<1%):9 CPU_NORMAL(1-25%):0 CPU_HOT(>=25%):0
2026-08-10 06:54:18 HEARTBEAT PROCS:9 TOP_MEM:PID:7608/90MB TOP_CPU:PID:7976/0% SYS_CPU:2%-WD:0% SYS_MEM:2.5/32GB(7.8%)-WD:0.5GB(1.6%) TRACKING:0 SPIKES:0 KILLS:0
2026-08-10 06:54:18   DIST CPU_IDLE(<1%):9 CPU_NORMAL(1-25%):0 CPU_HOT(>=25%):0
2026-08-10 06:59:21 HEARTBEAT PROCS:19 TOP_MEM:PID:4460/108.9MB TOP_CPU:PID:6600/0% SYS_CPU:1%-WD:0% SYS_MEM:2.8/32GB(8.8%)-WD:1GB(3.1%) TRACKING:0 SPIKES:0 KILLS:0
2026-08-10 06:59:21   DIST CPU_IDLE(<1%):19 CPU_NORMAL(1-25%):0 CPU_HOT(>=25%):0
2026-08-10 07:04:25 HEARTBEAT PROCS:9 TOP_MEM:PID:4460/111.2MB TOP_CPU:PID:3200/0% SYS_CPU:5%-WD:0% SYS_MEM:2.7/32GB(8.4%)-WD:0.7GB(2.2%) TRACKING:0 SPIKES:1 KILLS:0
2026-08-10 07:04:25   DIST CPU_IDLE(<1%):9 CPU_NORMAL(1-25%):0 CPU_HOT(>=25%):0
2026-08-10 07:09:29 HEARTBEAT PROCS:30 TOP_MEM:PID:4460/112.5MB TOP_CPU:PID:6464/0.6% SYS_CPU:2%-WD:0.6% SYS_MEM:3.2/32GB(10%)-WD:1.5GB(4.7%) TRACKING:0 SPIKES:0 KILLS:0
2026-08-10 07:09:29   DIST CPU_IDLE(<1%):30 CPU_NORMAL(1-25%):0 CPU_HOT(>=25%):0
2026-08-10 07:14:33 HEARTBEAT PROCS:18 TOP_MEM:PID:4460/111.1MB TOP_CPU:PID:7976/0% SYS_CPU:1%-WD:0% SYS_MEM:3/32GB(9.4%)-WD:1.1GB(3.4%) TRACKING:0 SPIKES:0 KILLS:0
2026-08-10 07:14:33   DIST CPU_IDLE(<1%):18 CPU_NORMAL(1-25%):0 CPU_HOT(>=25%):0
2026-08-10 07:19:36 HEARTBEAT PROCS:37 TOP_MEM:PID:4460/112.4MB TOP_CPU:PID:8060/3.6% SYS_CPU:4%-WD:3.6% SYS_MEM:3.3/32GB(10.3%)-WD:1.8GB(5.6%) TRACKING:0 SPIKES:2 KILLS:0
2026-08-10 07:19:36   DIST CPU_IDLE(<1%):36 CPU_NORMAL(1-25%):1 CPU_HOT(>=25%):0
2026-08-10 07:24:41 HEARTBEAT PROCS:23 TOP_MEM:PID:4460/113.6MB TOP_CPU:PID:11260/3.6% SYS_CPU:1%-WD:12.2% SYS_MEM:3.1/32GB(9.7%)-WD:1.2GB(3.8%) TRACKING:0 SPIKES:1 KILLS:0
2026-08-10 07:24:41   DIST CPU_IDLE(<1%):19 CPU_NORMAL(1-25%):4 CPU_HOT(>=25%):0
2026-08-10 07:29:44 HEARTBEAT PROCS:32 TOP_MEM:PID:4460/108.4MB TOP_CPU:PID:4652/0% SYS_CPU:0%-WD:0% SYS_MEM:3.3/32GB(10.3%)-WD:1.7GB(5.3%) TRACKING:0 SPIKES:2 KILLS:0
2026-08-10 07:29:44   DIST CPU_IDLE(<1%):32 CPU_NORMAL(1-25%):0 CPU_HOT(>=25%):0
2026-08-10 07:34:48 HEARTBEAT PROCS:21 TOP_MEM:PID:4460/111.3MB TOP_CPU:PID:4972/0% SYS_CPU:2%-WD:0% SYS_MEM:3.1/32GB(9.7%)-WD:1.3GB(4.1%) TRACKING:0 SPIKES:2 KILLS:0
2026-08-10 07:34:48   DIST CPU_IDLE(<1%):21 CPU_NORMAL(1-25%):0 CPU_HOT(>=25%):0
2026-08-10 07:39:52 HEARTBEAT PROCS:26 TOP_MEM:PID:4460/115MB TOP_CPU:PID:3556/6.5% SYS_CPU:5%-WD:6.5% SYS_MEM:3.3/32GB(10.3%)-WD:1.6GB(5%) TRACKING:0 SPIKES:0 KILLS:0
2026-08-10 07:39:52   DIST CPU_IDLE(<1%):25 CPU_NORMAL(1-25%):1 CPU_HOT(>=25%):0
2026-08-10 07:44:56 HEARTBEAT PROCS:33 TOP_MEM:PID:2692/144.8MB TOP_CPU:PID:11680/1.4% SYS_CPU:1%-WD:1.4% SYS_MEM:3.5/32GB(10.9%)-WD:2GB(6.2%) TRACKING:0 SPIKES:0 KILLS:0
2026-08-10 07:44:56   DIST CPU_IDLE(<1%):32 CPU_NORMAL(1-25%):1 CPU_HOT(>=25%):0
2026-08-10 07:50:00 HEARTBEAT PROCS:40 TOP_MEM:PID:2692/141.4MB TOP_CPU:PID:6576/0% SYS_CPU:1%-WD:0% SYS_MEM:3.7/32GB(11.6%)-WD:2.3GB(7.2%) TRACKING:0 SPIKES:2 KILLS:0
2026-08-10 07:50:00   DIST CPU_IDLE(<1%):40 CPU_NORMAL(1-25%):0 CPU_HOT(>=25%):0
2026-08-10 07:55:05 HEARTBEAT PROCS:43 TOP_MEM:PID:2692/144.1MB TOP_CPU:PID:9196/0% SYS_CPU:1%-WD:0% SYS_MEM:3.9/32GB(12.2%)-WD:2.6GB(8.1%) TRACKING:0 SPIKES:0 KILLS:0
2026-08-10 07:55:05   DIST CPU_IDLE(<1%):43 CPU_NORMAL(1-25%):0 CPU_HOT(>=25%):0
2026-08-10 08:00:08 HEARTBEAT PROCS:45 TOP_MEM:PID:11680/116.9MB TOP_CPU:PID:10964/5.1% SYS_CPU:0%-WD:5.1% SYS_MEM:4.1/32GB(12.8%)-WD:2.8GB(8.8%) TRACKING:0 SPIKES:0 KILLS:0
2026-08-10 08:00:08   DIST CPU_IDLE(<1%):44 CPU_NORMAL(1-25%):1 CPU_HOT(>=25%):0
2026-08-10 08:05:13 HEARTBEAT PROCS:52 TOP_MEM:PID:11680/116.9MB TOP_CPU:PID:7416/0% SYS_CPU:5%-WD:0% SYS_MEM:4.3/32GB(13.4%)-WD:3.1GB(9.7%) TRACKING:0 SPIKES:7 KILLS:0
2026-08-10 08:05:13   DIST CPU_IDLE(<1%):52 CPU_NORMAL(1-25%):0 CPU_HOT(>=25%):0
2026-08-10 08:10:18 HEARTBEAT PROCS:68 TOP_MEM:PID:11680/116.9MB TOP_CPU:PID:10708/0% SYS_CPU:2%-WD:0% SYS_MEM:4.8/32GB(15%)-WD:3.9GB(12.2%) TRACKING:0 SPIKES:0 KILLS:0
2026-08-10 08:10:18   DIST CPU_IDLE(<1%):68 CPU_NORMAL(1-25%):0 CPU_HOT(>=25%):0
2026-08-10 08:15:23 HEARTBEAT PROCS:87 TOP_MEM:PID:11680/116.9MB TOP_CPU:PID:10908/0% SYS_CPU:0%-WD:0% SYS_MEM:5.4/32GB(16.9%)-WD:4.9GB(15.3%) TRACKING:0 SPIKES:10 KILLS:0
2026-08-10 08:15:23   DIST CPU_IDLE(<1%):87 CPU_NORMAL(1-25%):0 CPU_HOT(>=25%):0
2026-08-10 08:20:23 HEARTBEAT PROCS:89 TOP_MEM:PID:11680/116.9MB TOP_CPU:PID:8376/8% SYS_CPU:2%-WD:8% SYS_MEM:5.6/32GB(17.5%)-WD:5.1GB(15.9%) TRACKING:0 SPIKES:6 KILLS:0
2026-08-10 08:20:23   DIST CPU_IDLE(<1%):88 CPU_NORMAL(1-25%):1 CPU_HOT(>=25%):0
2026-08-10 08:25:24 HEARTBEAT PROCS:114 TOP_MEM:PID:11680/116.9MB TOP_CPU:PID:3620/0% SYS_CPU:0%-WD:0% SYS_MEM:6.4/32GB(20%)-WD:6.4GB(20%) TRACKING:0 SPIKES:5 KILLS:0
2026-08-10 08:25:24   DIST CPU_IDLE(<1%):114 CPU_NORMAL(1-25%):0 CPU_HOT(>=25%):0
2026-08-10 08:30:25 HEARTBEAT PROCS:100 TOP_MEM:PID:7416/121.7MB TOP_CPU:PID:10892/1.4% SYS_CPU:4%-WD:1.4% SYS_MEM:6.5/32GB(20.3%)-WD:6.3GB(19.7%) TRACKING:0 SPIKES:8 KILLS:0
2026-08-10 08:30:25   DIST CPU_IDLE(<1%):99 CPU_NORMAL(1-25%):1 CPU_HOT(>=25%):0
2026-08-10 08:35:26 HEARTBEAT PROCS:137 TOP_MEM:PID:7656/122.2MB TOP_CPU:PID:4596/0% SYS_CPU:1%-WD:0% SYS_MEM:7.6/32GB(23.8%)-WD:8GB(25%) TRACKING:0 SPIKES:6 KILLS:0
2026-08-10 08:35:26   DIST CPU_IDLE(<1%):137 CPU_NORMAL(1-25%):0 CPU_HOT(>=25%):0
2026-08-10 08:40:28 HEARTBEAT PROCS:136 TOP_MEM:PID:7416/121.9MB TOP_CPU:PID:6964/0% SYS_CPU:0%-WD:0% SYS_MEM:7.7/32GB(24.1%)-WD:8.2GB(25.6%) TRACKING:0 SPIKES:5 KILLS:0
2026-08-10 08:40:28   DIST CPU_IDLE(<1%):136 CPU_NORMAL(1-25%):0 CPU_HOT(>=25%):0
2026-08-10 08:45:30 HEARTBEAT PROCS:142 TOP_MEM:PID:7656/126.7MB TOP_CPU:PID:8924/6.5% SYS_CPU:1%-WD:6.5% SYS_MEM:8.2/32GB(25.6%)-WD:8.8GB(27.5%) TRACKING:0 SPIKES:9 KILLS:0
2026-08-10 08:45:30   DIST CPU_IDLE(<1%):141 CPU_NORMAL(1-25%):1 CPU_HOT(>=25%):0
2026-08-10 08:50:32 HEARTBEAT PROCS:147 TOP_MEM:PID:7416/121.9MB TOP_CPU:PID:3536/0.6% SYS_CPU:4%-WD:0.6% SYS_MEM:8.5/32GB(26.6%)-WD:9.3GB(29.1%) TRACKING:0 SPIKES:11 KILLS:0
2026-08-10 08:50:32   DIST CPU_IDLE(<1%):147 CPU_NORMAL(1-25%):0 CPU_HOT(>=25%):0
2026-08-10 08:55:33 HEARTBEAT PROCS:137 TOP_MEM:PID:11292/133.4MB TOP_CPU:PID:7500/7.2% SYS_CPU:4%-WD:18.1% SYS_MEM:8.5/32GB(26.6%)-WD:9GB(28.1%) TRACKING:0 SPIKES:0 KILLS:0
2026-08-10 08:55:33   DIST CPU_IDLE(<1%):134 CPU_NORMAL(1-25%):3 CPU_HOT(>=25%):0
2026-08-10 09:00:37 HEARTBEAT PROCS:184 TOP_MEM:PID:7656/122MB TOP_CPU:PID:1728/0.6% SYS_CPU:2%-WD:0.6% SYS_MEM:9.8/32GB(30.6%)-WD:11.2GB(35%) TRACKING:0 SPIKES:21 KILLS:0
2026-08-10 09:00:37   DIST CPU_IDLE(<1%):184 CPU_NORMAL(1-25%):0 CPU_HOT(>=25%):0
2026-08-10 09:05:41 HEARTBEAT PROCS:188 TOP_MEM:PID:7608/118.7MB TOP_CPU:PID:11812/4.8% SYS_CPU:4%-WD:5.4% SYS_MEM:10.4/32GB(32.5%)-WD:11.9GB(37.2%) TRACKING:0 SPIKES:0 KILLS:0
2026-08-10 09:05:41   DIST CPU_IDLE(<1%):187 CPU_NORMAL(1-25%):1 CPU_HOT(>=25%):0
2026-08-10 09:10:45 HEARTBEAT PROCS:203 TOP_MEM:PID:3984/162.7MB TOP_CPU:PID:6600/0% SYS_CPU:1%-WD:0% SYS_MEM:11.3/32GB(35.3%)-WD:13.1GB(40.9%) TRACKING:0 SPIKES:11 KILLS:0
2026-08-10 09:10:45   DIST CPU_IDLE(<1%):203 CPU_NORMAL(1-25%):0 CPU_HOT(>=25%):0
2026-08-10 09:15:45 HEARTBEAT PROCS:215 TOP_MEM:PID:3984/162.7MB TOP_CPU:PID:9992/1.4% SYS_CPU:4%-WD:1.4% SYS_MEM:11.8/32GB(36.9%)-WD:13.9GB(43.4%) TRACKING:0 SPIKES:36 KILLS:0
2026-08-10 09:15:45   DIST CPU_IDLE(<1%):214 CPU_NORMAL(1-25%):1 CPU_HOT(>=25%):0
2026-08-10 09:20:50 HEARTBEAT PROCS:217 TOP_MEM:PID:10048/133.8MB TOP_CPU:PID:10892/3.4% SYS_CPU:1%-WD:4.0% SYS_MEM:12.2/32GB(38.1%)-WD:14.3GB(44.7%) TRACKING:0 SPIKES:0 KILLS:0
2026-08-10 09:20:50   DIST CPU_IDLE(<1%):216 CPU_NORMAL(1-25%):1 CPU_HOT(>=25%):0
2026-08-10 09:25:54 HEARTBEAT PROCS:217 TOP_MEM:PID:11680/134.4MB TOP_CPU:PID:11196/2.8% SYS_CPU:1%-WD:2.8% SYS_MEM:12.5/32GB(39.1%)-WD:14.6GB(45.6%) TRACKING:0 SPIKES:14 KILLS:0
2026-08-10 09:25:54   DIST CPU_IDLE(<1%):216 CPU_NORMAL(1-25%):1 CPU_HOT(>=25%):0
2026-08-10 09:30:55 HEARTBEAT PROCS:211 TOP_MEM:PID:11680/134.4MB TOP_CPU:PID:868/1.4% SYS_CPU:1%-WD:1.4% SYS_MEM:12.6/32GB(39.4%)-WD:14.7GB(45.9%) TRACKING:0 SPIKES:3 KILLS:0
2026-08-10 09:30:55   DIST CPU_IDLE(<1%):210 CPU_NORMAL(1-25%):1 CPU_HOT(>=25%):0
2026-08-10 09:36:00 HEARTBEAT PROCS:239 TOP_MEM:PID:12028/156.6MB TOP_CPU:PID:10772/0.6% SYS_CPU:2%-WD:0.6% SYS_MEM:13.6/32GB(42.5%)-WD:16.2GB(50.6%) TRACKING:0 SPIKES:50 KILLS:0
2026-08-10 09:36:00   DIST CPU_IDLE(<1%):239 CPU_NORMAL(1-25%):0 CPU_HOT(>=25%):0
2026-08-10 09:41:05 HEARTBEAT PROCS:224 TOP_MEM:PID:11680/134.4MB TOP_CPU:PID:9532/2% SYS_CPU:5%-WD:2% SYS_MEM:13.6/32GB(42.5%)-WD:15.9GB(49.7%) TRACKING:0 SPIKES:6 KILLS:0
2026-08-10 09:41:05   DIST CPU_IDLE(<1%):223 CPU_NORMAL(1-25%):1 CPU_HOT(>=25%):0
2026-08-10 09:46:06 HEARTBEAT PROCS:223 TOP_MEM:PID:7416/134.7MB TOP_CPU:PID:11812/3.2% SYS_CPU:5%-WD:5.1% SYS_MEM:14.5/32GB(45.3%)-WD:16.2GB(50.6%) TRACKING:0 SPIKES:14 KILLS:0
2026-08-10 09:46:06   DIST CPU_IDLE(<1%):222 CPU_NORMAL(1-25%):1 CPU_HOT(>=25%):0
2026-08-10 09:51:07 HEARTBEAT PROCS:231 TOP_MEM:PID:7416/136.5MB TOP_CPU:PID:11196/0.6% SYS_CPU:4%-WD:0.6% SYS_MEM:14.8/32GB(46.2%)-WD:16.8GB(52.5%) TRACKING:0 SPIKES:0 KILLS:0
2026-08-10 09:51:07   DIST CPU_IDLE(<1%):231 CPU_NORMAL(1-25%):0 CPU_HOT(>=25%):0
2026-08-10 09:56:08 HEARTBEAT PROCS:225 TOP_MEM:PID:7416/144.7MB TOP_CPU:PID:1436/3.2% SYS_CPU:7%-WD:7.6% SYS_MEM:14.8/32GB(46.2%)-WD:16.6GB(51.9%) TRACKING:0 SPIKES:4 KILLS:0
2026-08-10 09:56:08   DIST CPU_IDLE(<1%):222 CPU_NORMAL(1-25%):3 CPU_HOT(>=25%):0
2026-08-10 10:01:09 HEARTBEAT PROCS:244 TOP_MEM:PID:9000/163.3MB TOP_CPU:PID:11788/2.5% SYS_CPU:4%-WD:4.9% SYS_MEM:15/32GB(46.9%)-WD:17.3GB(54.1%) TRACKING:0 SPIKES:8 KILLS:0
2026-08-10 10:01:09   DIST CPU_IDLE(<1%):242 CPU_NORMAL(1-25%):2 CPU_HOT(>=25%):0
2026-08-10 10:06:12 HEARTBEAT PROCS:250 TOP_MEM:PID:7416/144.9MB TOP_CPU:PID:7416/3.9% SYS_CPU:2%-WD:3.9% SYS_MEM:15.3/32GB(47.8%)-WD:17.7GB(55.3%) TRACKING:0 SPIKES:25 KILLS:0
2026-08-10 10:06:12   DIST CPU_IDLE(<1%):249 CPU_NORMAL(1-25%):1 CPU_HOT(>=25%):0
2026-08-10 10:11:14 HEARTBEAT PROCS:276 TOP_MEM:PID:9128/147.7MB TOP_CPU:PID:9628/0% SYS_CPU:5%-WD:0% SYS_MEM:16/32GB(50%)-WD:18.9GB(59.1%) TRACKING:0 SPIKES:20 KILLS:0
2026-08-10 10:11:14   DIST CPU_IDLE(<1%):276 CPU_NORMAL(1-25%):0 CPU_HOT(>=25%):0
2026-08-10 10:16:16 HEARTBEAT PROCS:266 TOP_MEM:PID:9128/147.7MB TOP_CPU:PID:1404/0.6% SYS_CPU:8%-WD:0.6% SYS_MEM:15.9/32GB(49.7%)-WD:18.6GB(58.1%) TRACKING:0 SPIKES:6 KILLS:0
2026-08-10 10:16:16   DIST CPU_IDLE(<1%):266 CPU_NORMAL(1-25%):0 CPU_HOT(>=25%):0
2026-08-10 10:21:19 HEARTBEAT PROCS:250 TOP_MEM:PID:6100/148.8MB TOP_CPU:PID:1404/1.9% SYS_CPU:1%-WD:1.9% SYS_MEM:15.5/32GB(48.4%)-WD:17.9GB(55.9%) TRACKING:0 SPIKES:24 KILLS:0
2026-08-10 10:21:19   DIST CPU_IDLE(<1%):249 CPU_NORMAL(1-25%):1 CPU_HOT(>=25%):0
2026-08-10 10:26:21 HEARTBEAT PROCS:249 TOP_MEM:PID:6100/148.7MB TOP_CPU:PID:1308/1.2% SYS_CPU:2%-WD:1.2% SYS_MEM:15.8/32GB(49.4%)-WD:18.1GB(56.6%) TRACKING:0 SPIKES:0 KILLS:0
2026-08-10 10:26:21   DIST CPU_IDLE(<1%):248 CPU_NORMAL(1-25%):1 CPU_HOT(>=25%):0
2026-08-10 10:31:22 HEARTBEAT PROCS:228 TOP_MEM:PID:6100/148.7MB TOP_CPU:PID:8688/5% SYS_CPU:12%-WD:6.2% SYS_MEM:15.3/32GB(47.8%)-WD:17.3GB(54.1%) TRACKING:0 SPIKES:8 KILLS:0
2026-08-10 10:31:22   DIST CPU_IDLE(<1%):228 CPU_NORMAL(1-25%):0 CPU_HOT(>=25%):0
2026-08-10 10:36:24 HEARTBEAT PROCS:241 TOP_MEM:PID:6100/148.7MB TOP_CPU:PID:6348/0.6% SYS_CPU:7%-WD:0.6% SYS_MEM:15.6/32GB(48.8%)-WD:17.8GB(55.6%) TRACKING:0 SPIKES:0 KILLS:0
2026-08-10 10:36:24   DIST CPU_IDLE(<1%):241 CPU_NORMAL(1-25%):0 CPU_HOT(>=25%):0
2026-08-10 10:41:26 HEARTBEAT PROCS:267 TOP_MEM:PID:6100/148.7MB TOP_CPU:PID:9304/1.9% SYS_CPU:1%-WD:3.1% SYS_MEM:16.5/32GB(51.6%)-WD:19.3GB(60.3%) TRACKING:0 SPIKES:8 KILLS:0
2026-08-10 10:41:26   DIST CPU_IDLE(<1%):265 CPU_NORMAL(1-25%):2 CPU_HOT(>=25%):0
2026-08-10 10:46:28 HEARTBEAT PROCS:263 TOP_MEM:PID:9128/147.7MB TOP_CPU:PID:6484/0.6% SYS_CPU:2%-WD:0.6% SYS_MEM:16.4/32GB(51.2%)-WD:19.2GB(60%) TRACKING:0 SPIKES:6 KILLS:0
2026-08-10 10:46:28   DIST CPU_IDLE(<1%):263 CPU_NORMAL(1-25%):0 CPU_HOT(>=25%):0
2026-08-10 10:51:31 HEARTBEAT PROCS:263 TOP_MEM:PID:6100/150.3MB TOP_CPU:PID:15224/0% SYS_CPU:2%-WD:0% SYS_MEM:16.3/32GB(50.9%)-WD:18.9GB(59.1%) TRACKING:0 SPIKES:3 KILLS:0
2026-08-10 10:51:31   DIST CPU_IDLE(<1%):263 CPU_NORMAL(1-25%):0 CPU_HOT(>=25%):0
2026-08-10 10:56:33 HEARTBEAT PROCS:276 TOP_MEM:PID:6100/161.2MB TOP_CPU:PID:13688/0% SYS_CPU:4%-WD:0% SYS_MEM:16.7/32GB(52.2%)-WD:19.6GB(61.3%) TRACKING:0 SPIKES:2 KILLS:0
2026-08-10 10:56:33   DIST CPU_IDLE(<1%):276 CPU_NORMAL(1-25%):0 CPU_HOT(>=25%):0
2026-08-10 11:01:34 HEARTBEAT PROCS:244 TOP_MEM:PID:6100/152.4MB TOP_CPU:PID:11288/1.2% SYS_CPU:8%-WD:2.4% SYS_MEM:16/32GB(50%)-WD:18.3GB(57.2%) TRACKING:0 SPIKES:18 KILLS:0
2026-08-10 11:01:34   DIST CPU_IDLE(<1%):242 CPU_NORMAL(1-25%):2 CPU_HOT(>=25%):0
2026-08-10 11:06:37 HEARTBEAT PROCS:270 TOP_MEM:PID:7924/160.7MB TOP_CPU:PID:2904/3.2% SYS_CPU:2%-WD:5.8% SYS_MEM:16.5/32GB(51.6%)-WD:19.2GB(60%) TRACKING:0 SPIKES:45 KILLS:0
2026-08-10 11:06:37   DIST CPU_IDLE(<1%):268 CPU_NORMAL(1-25%):2 CPU_HOT(>=25%):0
2026-08-10 11:11:39 HEARTBEAT PROCS:269 TOP_MEM:PID:6100/152.4MB TOP_CPU:PID:4916/0.6% SYS_CPU:7%-WD:0.6% SYS_MEM:16.7/32GB(52.2%)-WD:19.5GB(60.9%) TRACKING:0 SPIKES:0 KILLS:0
2026-08-10 11:11:39   DIST CPU_IDLE(<1%):269 CPU_NORMAL(1-25%):0 CPU_HOT(>=25%):0
2026-08-10 11:16:41 HEARTBEAT PROCS:285 TOP_MEM:PID:6100/152.4MB TOP_CPU:PID:8728/0% SYS_CPU:7%-WD:0% SYS_MEM:17.1/32GB(53.4%)-WD:20.2GB(63.1%) TRACKING:0 SPIKES:0 KILLS:0
2026-08-10 11:16:41   DIST CPU_IDLE(<1%):285 CPU_NORMAL(1-25%):0 CPU_HOT(>=25%):0
2026-08-10 11:21:44 HEARTBEAT PROCS:295 TOP_MEM:PID:6100/152.4MB TOP_CPU:PID:14420/3.9% SYS_CPU:4%-WD:4.5% SYS_MEM:17.4/32GB(54.4%)-WD:20.7GB(64.7%) TRACKING:0 SPIKES:22 KILLS:0
2026-08-10 11:21:44   DIST CPU_IDLE(<1%):294 CPU_NORMAL(1-25%):1 CPU_HOT(>=25%):0
2026-08-10 11:24:36 KILLING PID:6288 MEM:51.9MB DUR:11s CPU:39.4 REASON:CPU AGE:1m
2026-08-10 11:24:36   DETAIL PID:6288 SAMPLES:4 SPIKES:3 PEAK_CPU:% PEAK_MEM:MB
2026-08-10 11:24:36   SAMPLE PID:6288 TIME:11:24:19 CPU:0% MEM:51.9MB
2026-08-10 11:24:36   SAMPLE PID:6288 TIME:11:24:25 CPU:39.4% MEM:51.9MB
2026-08-10 11:24:36   SAMPLE PID:6288 TIME:11:24:30 CPU:40% MEM:51.9MB
2026-08-10 11:24:36   SAMPLE PID:6288 TIME:11:24:36 CPU:39.4% MEM:51.9MB
2026-08-10 11:24:36 KILLED PID:6288
2026-08-10 11:24:36 KILLING PID:9956 MEM:76.5MB DUR:11s CPU:88.1 REASON:CPU AGE:1m
2026-08-10 11:24:36   DETAIL PID:9956 SAMPLES:4 SPIKES:3 PEAK_CPU:% PEAK_MEM:MB
2026-08-10 11:24:36   SAMPLE PID:9956 TIME:11:24:19 CPU:0% MEM:73.4MB
2026-08-10 11:24:36   SAMPLE PID:9956 TIME:11:24:25 CPU:80.9% MEM:73.4MB
2026-08-10 11:24:36   SAMPLE PID:9956 TIME:11:24:30 CPU:82% MEM:73.4MB
2026-08-10 11:24:36   SAMPLE PID:9956 TIME:11:24:36 CPU:88.1% MEM:76.5MB
2026-08-10 11:24:36 KILLED PID:9956
2026-08-10 11:24:36 KILLING PID:10972 MEM:73.2MB DUR:11s CPU:69.6 REASON:CPU AGE:1m
2026-08-10 11:24:36   DETAIL PID:10972 SAMPLES:4 SPIKES:3 PEAK_CPU:% PEAK_MEM:MB
2026-08-10 11:24:36   SAMPLE PID:10972 TIME:11:24:19 CPU:0% MEM:73.1MB
2026-08-10 11:24:36   SAMPLE PID:10972 TIME:11:24:25 CPU:69.6% MEM:73.1MB
2026-08-10 11:24:36   SAMPLE PID:10972 TIME:11:24:30 CPU:70.6% MEM:73.1MB
2026-08-10 11:24:36   SAMPLE PID:10972 TIME:11:24:36 CPU:69.6% MEM:73.2MB
2026-08-10 11:24:36 KILLED PID:10972
2026-08-10 11:24:36 KILLING PID:11184 MEM:49.8MB DUR:11s CPU:38.8 REASON:CPU AGE:4m
2026-08-10 11:24:36   DETAIL PID:11184 SAMPLES:4 SPIKES:3 PEAK_CPU:% PEAK_MEM:MB
2026-08-10 11:24:36   SAMPLE PID:11184 TIME:11:24:19 CPU:0% MEM:49.8MB
2026-08-10 11:24:36   SAMPLE PID:11184 TIME:11:24:25 CPU:38.8% MEM:49.8MB
2026-08-10 11:24:36   SAMPLE PID:11184 TIME:11:24:30 CPU:39.2% MEM:49.8MB
2026-08-10 11:24:36   SAMPLE PID:11184 TIME:11:24:36 CPU:38.8% MEM:49.8MB
2026-08-10 11:24:36 KILLED PID:11184
2026-08-10 11:24:36 KILLING PID:13388 MEM:84.2MB DUR:11s CPU:78.9 REASON:CPU AGE:1m
2026-08-10 11:24:36   DETAIL PID:13388 SAMPLES:4 SPIKES:3 PEAK_CPU:% PEAK_MEM:MB
2026-08-10 11:24:36   SAMPLE PID:13388 TIME:11:24:19 CPU:0% MEM:82.9MB
2026-08-10 11:24:36   SAMPLE PID:13388 TIME:11:24:25 CPU:73% MEM:82.9MB
2026-08-10 11:24:36   SAMPLE PID:13388 TIME:11:24:30 CPU:74% MEM:82.9MB
2026-08-10 11:24:36   SAMPLE PID:13388 TIME:11:24:36 CPU:78.9% MEM:84.2MB
2026-08-10 11:24:36 KILLED PID:13388
2026-08-10 11:24:36 KILLING PID:16244 MEM:46MB DUR:11s CPU:36.1 REASON:CPU AGE:4m
2026-08-10 11:24:36   DETAIL PID:16244 SAMPLES:4 SPIKES:3 PEAK_CPU:% PEAK_MEM:MB
2026-08-10 11:24:36   SAMPLE PID:16244 TIME:11:24:19 CPU:0% MEM:46MB
2026-08-10 11:24:36   SAMPLE PID:16244 TIME:11:24:25 CPU:36.1% MEM:46MB
2026-08-10 11:24:36   SAMPLE PID:16244 TIME:11:24:30 CPU:36.6% MEM:46MB
2026-08-10 11:24:36   SAMPLE PID:16244 TIME:11:24:36 CPU:36.1% MEM:46MB
2026-08-10 11:24:36 KILLED PID:16244
2026-08-10 11:26:44 HEARTBEAT PROCS:305 TOP_MEM:PID:6100/152.4MB TOP_CPU:PID:12396/1.2% SYS_CPU:3%-WD:1.2% SYS_MEM:17.7/32GB(55.3%)-WD:21.1GB(65.9%) TRACKING:0 SPIKES:58 KILLS:6
2026-08-10 11:26:44   DIST CPU_IDLE(<1%):304 CPU_NORMAL(1-25%):1 CPU_HOT(>=25%):0
2026-08-10 11:31:48 HEARTBEAT PROCS:292 TOP_MEM:PID:6100/152.4MB TOP_CPU:PID:16244/5% SYS_CPU:13%-WD:10.0% SYS_MEM:17.4/32GB(54.4%)-WD:20.4GB(63.7%) TRACKING:0 SPIKES:20 KILLS:0
2026-08-10 11:31:48   DIST CPU_IDLE(<1%):290 CPU_NORMAL(1-25%):2 CPU_HOT(>=25%):0
2026-08-10 11:36:53 HEARTBEAT PROCS:288 TOP_MEM:PID:6100/152.4MB TOP_CPU:PID:10048/4.4% SYS_CPU:2%-WD:5.0% SYS_MEM:17.5/32GB(54.7%)-WD:20.6GB(64.4%) TRACKING:0 SPIKES:70 KILLS:0
2026-08-10 11:36:53   DIST CPU_IDLE(<1%):287 CPU_NORMAL(1-25%):1 CPU_HOT(>=25%):0
2026-08-10 11:41:56 HEARTBEAT PROCS:259 TOP_MEM:PID:6100/152.4MB TOP_CPU:PID:6588/0% SYS_CPU:4%-WD:0% SYS_MEM:17.3/32GB(54.1%)-WD:19.8GB(61.9%) TRACKING:0 SPIKES:20 KILLS:0
2026-08-10 11:41:56   DIST CPU_IDLE(<1%):259 CPU_NORMAL(1-25%):0 CPU_HOT(>=25%):0
2026-08-10 11:46:58 HEARTBEAT PROCS:260 TOP_MEM:PID:6100/154.4MB TOP_CPU:PID:8700/3.9% SYS_CPU:8%-WD:7.5% SYS_MEM:17.2/32GB(53.8%)-WD:19.7GB(61.6%) TRACKING:0 SPIKES:4 KILLS:0
2026-08-10 11:46:58   DIST CPU_IDLE(<1%):258 CPU_NORMAL(1-25%):2 CPU_HOT(>=25%):0
2026-08-10 11:52:00 HEARTBEAT PROCS:256 TOP_MEM:PID:6100/157.3MB TOP_CPU:PID:13580/512.4% SYS_CPU:5%-WD:7370.5% SYS_MEM:16.9/32GB(52.8%)-WD:19.5GB(60.9%) TRACKING:39 SPIKES:42 KILLS:0
2026-08-10 11:52:00   DIST CPU_IDLE(<1%):172 CPU_NORMAL(1-25%):45 CPU_HOT(>=25%):39
2026-08-10 11:57:03 HEARTBEAT PROCS:274 TOP_MEM:PID:6100/158.1MB TOP_CPU:PID:14764/3.2% SYS_CPU:4%-WD:6.4% SYS_MEM:17.4/32GB(54.4%)-WD:20.3GB(63.4%) TRACKING:0 SPIKES:22 KILLS:0
2026-08-10 11:57:03   DIST CPU_IDLE(<1%):272 CPU_NORMAL(1-25%):2 CPU_HOT(>=25%):0
2026-08-10 12:02:05 HEARTBEAT PROCS:266 TOP_MEM:PID:14140/163.7MB TOP_CPU:PID:1404/1.2% SYS_CPU:49%-WD:1.8% SYS_MEM:17.9/32GB(55.9%)-WD:20.2GB(63.1%) TRACKING:0 SPIKES:35 KILLS:0
2026-08-10 12:02:05   DIST CPU_IDLE(<1%):265 CPU_NORMAL(1-25%):1 CPU_HOT(>=25%):0
2026-08-10 12:02:05   NON_WD_SPIKE SYS_CPU:49% WD_CPU:1.8% GAP:47.2%
2026-08-10 12:02:05   NON_WD PID:4 NAME:System CPU:8.8% MEM:0MB CMD:
2026-08-10 12:02:05   NON_WD PID:3580 NAME:MsMpEng CPU:4.6% MEM:198.3MB CMD:
2026-08-10 12:02:05   NON_WD PID:5228 NAME:WmiPrvSE CPU:1.2% MEM:9.9MB CMD:C:\Windows\system32\wbem\wmiprvse.exe
2026-08-10 12:02:05   NON_WD PID:872 NAME:lsass CPU:0.6% MEM:5.8MB CMD:C:\Windows\system32\lsass.exe
2026-08-10 12:02:05   NON_WD PID:1224 NAME:svchost#1 CPU:0.6% MEM:7.2MB CMD:C:\Windows\system32\svchost.exe -k RPCSS -p
2026-08-10 12:02:05   NON_WD PID:12848 NAME:wd280awp CPU:0.6% MEM:0.4MB CMD:
2026-08-10 12:02:05   NON_WD PID:3016 NAME:svchost#31 CPU:0% MEM:1.8MB CMD:C:\Windows\system32\svchost.exe -k netsvcs -p -s IKEEXT
2026-08-10 12:02:05   NON_WD PID:2960 NAME:svchost#30 CPU:0% MEM:1.5MB CMD:C:\Windows\System32\svchost.exe -k netsvcs -p -s SessionEnv
2026-08-10 12:02:05   NON_WD PID:3360 NAME:svchost#39 CPU:0% MEM:1.3MB CMD:C:\Windows\system32\svchost.exe -k LocalService -s W32Time
2026-08-10 12:02:05   NON_WD PID:2892 NAME:svchost#29 CPU:0% MEM:1MB CMD:C:\Windows\system32\svchost.exe -k netsvcs -s CertPropSvc
2026-08-10 12:07:07 HEARTBEAT PROCS:282 TOP_MEM:PID:14140/163.9MB TOP_CPU:PID:10392/1.2% SYS_CPU:17%-WD:1.2% SYS_MEM:17.9/32GB(55.9%)-WD:20.8GB(65%) TRACKING:0 SPIKES:12 KILLS:0
2026-08-10 12:07:07   DIST CPU_IDLE(<1%):281 CPU_NORMAL(1-25%):1 CPU_HOT(>=25%):0
2026-08-10 12:12:10 HEARTBEAT PROCS:279 TOP_MEM:PID:14080/204.6MB TOP_CPU:PID:6288/3.9% SYS_CPU:0%-WD:4.5% SYS_MEM:18.5/32GB(57.8%)-WD:21GB(65.6%) TRACKING:0 SPIKES:10 KILLS:0
2026-08-10 12:12:10   DIST CPU_IDLE(<1%):278 CPU_NORMAL(1-25%):1 CPU_HOT(>=25%):0
2026-08-10 12:17:13 HEARTBEAT PROCS:261 TOP_MEM:PID:14080/204.7MB TOP_CPU:PID:1852/0% SYS_CPU:2%-WD:0% SYS_MEM:17.8/32GB(55.6%)-WD:20GB(62.5%) TRACKING:0 SPIKES:11 KILLS:0
2026-08-10 12:17:13   DIST CPU_IDLE(<1%):261 CPU_NORMAL(1-25%):0 CPU_HOT(>=25%):0
2026-08-10 12:22:14 HEARTBEAT PROCS:250 TOP_MEM:PID:14080/204.7MB TOP_CPU:PID:8728/0% SYS_CPU:1%-WD:0% SYS_MEM:17.7/32GB(55.3%)-WD:19.7GB(61.6%) TRACKING:0 SPIKES:7 KILLS:0
2026-08-10 12:22:14   DIST CPU_IDLE(<1%):250 CPU_NORMAL(1-25%):0 CPU_HOT(>=25%):0
2026-08-10 12:27:16 HEARTBEAT PROCS:253 TOP_MEM:PID:14244/173.6MB TOP_CPU:PID:4816/3.4% SYS_CPU:6%-WD:6.0% SYS_MEM:17.2/32GB(53.8%)-WD:19.6GB(61.3%) TRACKING:0 SPIKES:6 KILLS:0
2026-08-10 12:27:16   DIST CPU_IDLE(<1%):251 CPU_NORMAL(1-25%):2 CPU_HOT(>=25%):0
2026-08-10 12:32:18 HEARTBEAT PROCS:276 TOP_MEM:PID:14244/173.6MB TOP_CPU:PID:9640/0.6% SYS_CPU:4%-WD:1.2% SYS_MEM:17.7/32GB(55.3%)-WD:20.4GB(63.7%) TRACKING:0 SPIKES:29 KILLS:0
2026-08-10 12:32:18   DIST CPU_IDLE(<1%):276 CPU_NORMAL(1-25%):0 CPU_HOT(>=25%):0
2026-08-10 12:37:20 HEARTBEAT PROCS:270 TOP_MEM:PID:14244/173.6MB TOP_CPU:PID:10880/1.9% SYS_CPU:2%-WD:2.5% SYS_MEM:17.8/32GB(55.6%)-WD:20.2GB(63.1%) TRACKING:0 SPIKES:35 KILLS:0
2026-08-10 12:37:20   DIST CPU_IDLE(<1%):269 CPU_NORMAL(1-25%):1 CPU_HOT(>=25%):0
2026-08-10 12:42:22 HEARTBEAT PROCS:268 TOP_MEM:PID:14244/174.2MB TOP_CPU:PID:11344/0% SYS_CPU:0%-WD:0% SYS_MEM:17.8/32GB(55.6%)-WD:20.2GB(63.1%) TRACKING:0 SPIKES:13 KILLS:0
2026-08-10 12:42:22   DIST CPU_IDLE(<1%):268 CPU_NORMAL(1-25%):0 CPU_HOT(>=25%):0
2026-08-10 12:47:25 HEARTBEAT PROCS:246 TOP_MEM:PID:14244/181.7MB TOP_CPU:PID:4704/1.9% SYS_CPU:4%-WD:1.9% SYS_MEM:17.1/32GB(53.4%)-WD:19.2GB(60%) TRACKING:0 SPIKES:20 KILLS:0
2026-08-10 12:47:25   DIST CPU_IDLE(<1%):245 CPU_NORMAL(1-25%):1 CPU_HOT(>=25%):0
2026-08-10 12:52:26 HEARTBEAT PROCS:248 TOP_MEM:PID:14244/184.9MB TOP_CPU:PID:7476/0% SYS_CPU:47%-WD:0% SYS_MEM:17.2/32GB(53.8%)-WD:19.1GB(59.7%) TRACKING:0 SPIKES:6 KILLS:0
2026-08-10 12:52:26   DIST CPU_IDLE(<1%):248 CPU_NORMAL(1-25%):0 CPU_HOT(>=25%):0
2026-08-10 12:52:26   NON_WD_SPIKE SYS_CPU:47% WD_CPU:0% GAP:47%
2026-08-10 12:52:27   NON_WD PID:4888 NAME:chrome#13 CPU:12.4% MEM:11.5MB CMD:
2026-08-10 12:52:27   NON_WD PID:4 NAME:System CPU:3.4% MEM:0MB CMD:
2026-08-10 12:52:27   NON_WD PID:8032 NAME:wd280admin#1 CPU:2.8% MEM:24.3MB CMD:"C:\WEBDEV 28\wd280admin.exe" /INTERFONLY
2026-08-10 12:52:27   NON_WD PID:5228 NAME:WmiPrvSE CPU:1.4% MEM:32.7MB CMD:C:\Windows\system32\wbem\wmiprvse.exe
2026-08-10 12:52:27   NON_WD PID:8056 NAME:chrome#2 CPU:0.6% MEM:9.6MB CMD:"C:\Program Files\Google\Chrome\Application\chrome.exe" --type=gpu-process --headless --noerrdialogs --user-data-dir="C:...
2026-08-10 12:52:27   NON_WD PID:5124 NAME:httpd#1 CPU:0.6% MEM:55.2MB CMD:C:\Apache24\bin\httpd.exe -d C:/Apache24
2026-08-10 12:52:27   NON_WD PID:2608 NAME:svchost#27 CPU:0% MEM:1.2MB CMD:C:\Windows\System32\svchost.exe -k LocalSystemNetworkRestricted -p -s UmRdpService
2026-08-10 12:52:27   NON_WD PID:2848 NAME:svchost#28 CPU:0% MEM:1.5MB CMD:C:\Windows\system32\svchost.exe -k netsvcs -p -s UserManager
2026-08-10 12:52:27   NON_WD PID:2576 NAME:svchost#26 CPU:0% MEM:1.3MB CMD:C:\Windows\System32\svchost.exe -k NetworkService -p -s LanmanWorkstation
2026-08-10 12:52:27   NON_WD PID:2280 NAME:svchost#23 CPU:0% MEM:5.8MB CMD:C:\Windows\system32\svchost.exe -k LocalServiceNoNetworkFirewall -p
2026-08-10 12:57:28 HEARTBEAT PROCS:265 TOP_MEM:PID:14244/184.9MB TOP_CPU:PID:9348/0.6% SYS_CPU:2%-WD:0.6% SYS_MEM:17/32GB(53.1%)-WD:19.6GB(61.3%) TRACKING:0 SPIKES:24 KILLS:0
2026-08-10 12:57:28   DIST CPU_IDLE(<1%):265 CPU_NORMAL(1-25%):0 CPU_HOT(>=25%):0
2026-08-10 13:02:31 HEARTBEAT PROCS:255 TOP_MEM:PID:14244/184.9MB TOP_CPU:PID:7436/0.6% SYS_CPU:2%-WD:0.6% SYS_MEM:16.9/32GB(52.8%)-WD:19.2GB(60%) TRACKING:0 SPIKES:9 KILLS:0
2026-08-10 13:02:31   DIST CPU_IDLE(<1%):255 CPU_NORMAL(1-25%):0 CPU_HOT(>=25%):0
2026-08-10 13:07:33 HEARTBEAT PROCS:257 TOP_MEM:PID:14244/184.9MB TOP_CPU:PID:13652/3.2% SYS_CPU:1%-WD:3.8% SYS_MEM:16.9/32GB(52.8%)-WD:19.3GB(60.3%) TRACKING:0 SPIKES:15 KILLS:0
2026-08-10 13:07:33   DIST CPU_IDLE(<1%):256 CPU_NORMAL(1-25%):1 CPU_HOT(>=25%):0
2026-08-10 13:12:36 HEARTBEAT PROCS:294 TOP_MEM:PID:14244/184.9MB TOP_CPU:PID:9800/114.9% SYS_CPU:57%-WD:531.2% SYS_MEM:18.1/32GB(56.6%)-WD:20.7GB(64.7%) TRACKING:5 SPIKES:94 KILLS:0
2026-08-10 13:12:36   DIST CPU_IDLE(<1%):248 CPU_NORMAL(1-25%):41 CPU_HOT(>=25%):5
2026-08-10 13:17:39 HEARTBEAT PROCS:230 TOP_MEM:PID:10412/182MB TOP_CPU:PID:14668/0% SYS_CPU:1%-WD:0% SYS_MEM:15.9/32GB(49.7%)-WD:17.8GB(55.6%) TRACKING:0 SPIKES:52 KILLS:0
2026-08-10 13:17:39   DIST CPU_IDLE(<1%):230 CPU_NORMAL(1-25%):0 CPU_HOT(>=25%):0
2026-08-10 13:22:41 HEARTBEAT PROCS:283 TOP_MEM:PID:10412/225.7MB TOP_CPU:PID:15224/0% SYS_CPU:2%-WD:0% SYS_MEM:16.8/32GB(52.5%)-WD:19.6GB(61.3%) TRACKING:0 SPIKES:9 KILLS:0
2026-08-10 13:22:41   DIST CPU_IDLE(<1%):283 CPU_NORMAL(1-25%):0 CPU_HOT(>=25%):0
2026-08-10 13:27:44 HEARTBEAT PROCS:228 TOP_MEM:PID:6100/173.8MB TOP_CPU:PID:13464/64.5% SYS_CPU:17%-WD:213.9% SYS_MEM:16.2/32GB(50.6%)-WD:17.6GB(55%) TRACKING:3 SPIKES:20 KILLS:0
2026-08-10 13:27:44   DIST CPU_IDLE(<1%):203 CPU_NORMAL(1-25%):22 CPU_HOT(>=25%):3
2026-08-10 13:32:45 HEARTBEAT PROCS:220 TOP_MEM:PID:6100/173.8MB TOP_CPU:PID:4780/3.2% SYS_CPU:45%-WD:3.8% SYS_MEM:15.8/32GB(49.4%)-WD:17.2GB(53.8%) TRACKING:0 SPIKES:18 KILLS:0
2026-08-10 13:32:45   DIST CPU_IDLE(<1%):219 CPU_NORMAL(1-25%):1 CPU_HOT(>=25%):0
2026-08-10 13:32:45   NON_WD_SPIKE SYS_CPU:45% WD_CPU:3.8% GAP:41.2%
2026-08-10 13:32:45   NON_WD PID:13020 NAME:chrome#9 CPU:2.8% MEM:18.5MB CMD:"C:\Program Files\Google\Chrome\Application\chrome.exe" --type=renderer --noerrdialogs --user-data-dir="C:\Windows\TEMP\...
2026-08-10 13:32:45   NON_WD PID:5228 NAME:WmiPrvSE CPU:1.4% MEM:9.8MB CMD:C:\Windows\system32\wbem\wmiprvse.exe
2026-08-10 13:32:45   NON_WD PID:3580 NAME:MsMpEng CPU:0.6% MEM:201.3MB CMD:
2026-08-10 13:32:45   NON_WD PID:9404 NAME:chrome#11 CPU:0.6% MEM:52.1MB CMD:"C:\Program Files\Google\Chrome\Application\chrome.exe" --type=renderer --top-chrome-webui --noerrdialogs --user-data-di...
2026-08-10 13:32:45   NON_WD PID:2848 NAME:svchost#28 CPU:0% MEM:1.5MB CMD:C:\Windows\system32\svchost.exe -k netsvcs -p -s UserManager
2026-08-10 13:32:45   NON_WD PID:2608 NAME:svchost#27 CPU:0% MEM:1.2MB CMD:C:\Windows\System32\svchost.exe -k LocalSystemNetworkRestricted -p -s UmRdpService
2026-08-10 13:32:45   NON_WD PID:2892 NAME:svchost#29 CPU:0% MEM:1MB CMD:C:\Windows\system32\svchost.exe -k netsvcs -s CertPropSvc
2026-08-10 13:32:45   NON_WD PID:2548 NAME:svchost#25 CPU:0% MEM:1.4MB CMD:C:\Windows\system32\svchost.exe -k LocalServiceNetworkRestricted -p -s WinHttpAutoProxySvc
2026-08-10 13:32:45   NON_WD PID:2356 NAME:svchost#24 CPU:0% MEM:1MB CMD:C:\Windows\system32\svchost.exe -k LocalService -p -s DispBrokerDesktopSvc
2026-08-10 13:32:45   NON_WD PID:2576 NAME:svchost#26 CPU:0% MEM:1.3MB CMD:C:\Windows\System32\svchost.exe -k NetworkService -p -s LanmanWorkstation
2026-08-10 13:37:45 HEARTBEAT PROCS:225 TOP_MEM:PID:6100/173.8MB TOP_CPU:PID:11048/3.2% SYS_CPU:1%-WD:3.2% SYS_MEM:15.5/32GB(48.4%)-WD:17.3GB(54.1%) TRACKING:0 SPIKES:8 KILLS:0
2026-08-10 13:37:45   DIST CPU_IDLE(<1%):224 CPU_NORMAL(1-25%):1 CPU_HOT(>=25%):0
2026-08-10 13:42:47 HEARTBEAT PROCS:245 TOP_MEM:PID:6100/173.8MB TOP_CPU:PID:7296/102.4% SYS_CPU:2%-WD:545.2% SYS_MEM:16.1/32GB(50.3%)-WD:18.4GB(57.5%) TRACKING:8 SPIKES:8 KILLS:0
2026-08-10 13:42:47   DIST CPU_IDLE(<1%):210 CPU_NORMAL(1-25%):27 CPU_HOT(>=25%):8
2026-08-10 13:47:48 HEARTBEAT PROCS:234 TOP_MEM:PID:6100/173.8MB TOP_CPU:PID:7476/0% SYS_CPU:1%-WD:0% SYS_MEM:16/32GB(50%)-WD:18.1GB(56.6%) TRACKING:0 SPIKES:22 KILLS:0
2026-08-10 13:47:48   DIST CPU_IDLE(<1%):234 CPU_NORMAL(1-25%):0 CPU_HOT(>=25%):0
2026-08-10 13:52:50 HEARTBEAT PROCS:236 TOP_MEM:PID:6100/173.8MB TOP_CPU:PID:7024/0.6% SYS_CPU:10%-WD:0.6% SYS_MEM:16.1/32GB(50.3%)-WD:18.1GB(56.6%) TRACKING:0 SPIKES:13 KILLS:0
2026-08-10 13:52:50   DIST CPU_IDLE(<1%):236 CPU_NORMAL(1-25%):0 CPU_HOT(>=25%):0
2026-08-10 13:57:51 HEARTBEAT PROCS:248 TOP_MEM:PID:6100/175.6MB TOP_CPU:PID:2268/104.5% SYS_CPU:8%-WD:641.4% SYS_MEM:16.4/32GB(51.2%)-WD:18.7GB(58.4%) TRACKING:8 SPIKES:12 KILLS:0
2026-08-10 13:57:51   DIST CPU_IDLE(<1%):208 CPU_NORMAL(1-25%):32 CPU_HOT(>=25%):8
2026-08-10 14:02:53 HEARTBEAT PROCS:265 TOP_MEM:PID:6100/175.3MB TOP_CPU:PID:12892/1.2% SYS_CPU:10%-WD:1.2% SYS_MEM:16.6/32GB(51.9%)-WD:19.1GB(59.7%) TRACKING:0 SPIKES:3 KILLS:0
2026-08-10 14:02:53   DIST CPU_IDLE(<1%):264 CPU_NORMAL(1-25%):1 CPU_HOT(>=25%):0
2026-08-10 14:07:55 HEARTBEAT PROCS:252 TOP_MEM:PID:6100/177MB TOP_CPU:PID:7176/1.9% SYS_CPU:10%-WD:2.5% SYS_MEM:16.2/32GB(50.6%)-WD:18.4GB(57.5%) TRACKING:0 SPIKES:20 KILLS:0
2026-08-10 14:07:55   DIST CPU_IDLE(<1%):251 CPU_NORMAL(1-25%):1 CPU_HOT(>=25%):0
2026-08-10 14:12:56 HEARTBEAT PROCS:246 TOP_MEM:PID:6100/169.7MB TOP_CPU:PID:8020/0.6% SYS_CPU:2%-WD:0.6% SYS_MEM:16.3/32GB(50.9%)-WD:18.5GB(57.8%) TRACKING:0 SPIKES:12 KILLS:0
2026-08-10 14:12:56   DIST CPU_IDLE(<1%):246 CPU_NORMAL(1-25%):0 CPU_HOT(>=25%):0
2026-08-10 14:17:57 HEARTBEAT PROCS:243 TOP_MEM:PID:6100/169.7MB TOP_CPU:PID:3268/0.6% SYS_CPU:5%-WD:0.6% SYS_MEM:16.4/32GB(51.2%)-WD:18.7GB(58.4%) TRACKING:0 SPIKES:0 KILLS:0
2026-08-10 14:17:57   DIST CPU_IDLE(<1%):243 CPU_NORMAL(1-25%):0 CPU_HOT(>=25%):0
2026-08-10 14:22:59 HEARTBEAT PROCS:252 TOP_MEM:PID:6100/169.7MB TOP_CPU:PID:17216/0.6% SYS_CPU:2%-WD:0.6% SYS_MEM:16.7/32GB(52.2%)-WD:19GB(59.4%) TRACKING:0 SPIKES:17 KILLS:0
2026-08-10 14:22:59   DIST CPU_IDLE(<1%):252 CPU_NORMAL(1-25%):0 CPU_HOT(>=25%):0
2026-08-10 14:28:01 HEARTBEAT PROCS:268 TOP_MEM:PID:6100/169.7MB TOP_CPU:PID:6160/0% SYS_CPU:2%-WD:0% SYS_MEM:17.2/32GB(53.8%)-WD:19.8GB(61.9%) TRACKING:0 SPIKES:69 KILLS:0
2026-08-10 14:28:01   DIST CPU_IDLE(<1%):268 CPU_NORMAL(1-25%):0 CPU_HOT(>=25%):0
2026-08-10 14:33:03 HEARTBEAT PROCS:271 TOP_MEM:PID:6100/169.7MB TOP_CPU:PID:12008/1.2% SYS_CPU:1%-WD:2.4% SYS_MEM:17.1/32GB(53.4%)-WD:19.8GB(61.9%) TRACKING:0 SPIKES:0 KILLS:0
2026-08-10 14:33:03   DIST CPU_IDLE(<1%):270 CPU_NORMAL(1-25%):1 CPU_HOT(>=25%):0
2026-08-10 14:38:06 HEARTBEAT PROCS:277 TOP_MEM:PID:6100/169.7MB TOP_CPU:PID:9904/95.4% SYS_CPU:8%-WD:462.7% SYS_MEM:17.5/32GB(54.7%)-WD:20.3GB(63.4%) TRACKING:5 SPIKES:5 KILLS:0
2026-08-10 14:38:06   DIST CPU_IDLE(<1%):242 CPU_NORMAL(1-25%):30 CPU_HOT(>=25%):5
2026-08-10 14:43:08 HEARTBEAT PROCS:267 TOP_MEM:PID:10412/191.5MB TOP_CPU:PID:6296/7.1% SYS_CPU:2%-WD:7.1% SYS_MEM:17.4/32GB(54.4%)-WD:20GB(62.5%) TRACKING:0 SPIKES:80 KILLS:0
2026-08-10 14:43:08   DIST CPU_IDLE(<1%):266 CPU_NORMAL(1-25%):1 CPU_HOT(>=25%):0
2026-08-10 14:48:12 HEARTBEAT PROCS:289 TOP_MEM:PID:10412/191.4MB TOP_CPU:PID:6276/2.6% SYS_CPU:13%-WD:4.4% SYS_MEM:17.9/32GB(55.9%)-WD:20.8GB(65%) TRACKING:0 SPIKES:35 KILLS:0
2026-08-10 14:48:12   DIST CPU_IDLE(<1%):287 CPU_NORMAL(1-25%):2 CPU_HOT(>=25%):0
2026-08-10 14:53:16 HEARTBEAT PROCS:300 TOP_MEM:PID:10412/191.4MB TOP_CPU:PID:10520/0% SYS_CPU:4%-WD:0% SYS_MEM:18/32GB(56.2%)-WD:21.1GB(65.9%) TRACKING:0 SPIKES:26 KILLS:0
2026-08-10 14:53:16   DIST CPU_IDLE(<1%):300 CPU_NORMAL(1-25%):0 CPU_HOT(>=25%):0
2026-08-10 14:58:20 HEARTBEAT PROCS:283 TOP_MEM:PID:10412/191.5MB TOP_CPU:PID:8696/5.9% SYS_CPU:5%-WD:7.8% SYS_MEM:17.6/32GB(55%)-WD:20.3GB(63.4%) TRACKING:0 SPIKES:60 KILLS:0
2026-08-10 14:58:20   DIST CPU_IDLE(<1%):281 CPU_NORMAL(1-25%):2 CPU_HOT(>=25%):0
2026-08-10 15:03:22 HEARTBEAT PROCS:284 TOP_MEM:PID:10412/191.4MB TOP_CPU:PID:8260/0% SYS_CPU:2%-WD:0% SYS_MEM:17.3/32GB(54.1%)-WD:20.1GB(62.8%) TRACKING:0 SPIKES:35 KILLS:0
2026-08-10 15:03:22   DIST CPU_IDLE(<1%):284 CPU_NORMAL(1-25%):0 CPU_HOT(>=25%):0
2026-08-10 15:08:25 HEARTBEAT PROCS:230 TOP_MEM:PID:11428/192.7MB TOP_CPU:PID:7024/0% SYS_CPU:8%-WD:0% SYS_MEM:16.1/32GB(50.3%)-WD:17.9GB(55.9%) TRACKING:0 SPIKES:4 KILLS:0
2026-08-10 15:08:25   DIST CPU_IDLE(<1%):230 CPU_NORMAL(1-25%):0 CPU_HOT(>=25%):0
2026-08-10 15:13:27 HEARTBEAT PROCS:312 TOP_MEM:PID:11428/192.7MB TOP_CPU:PID:7648/0% SYS_CPU:5%-WD:0% SYS_MEM:17.7/32GB(55.3%)-WD:21GB(65.6%) TRACKING:0 SPIKES:2 KILLS:0
2026-08-10 15:13:27   DIST CPU_IDLE(<1%):312 CPU_NORMAL(1-25%):0 CPU_HOT(>=25%):0
2026-08-10 15:18:30 HEARTBEAT PROCS:280 TOP_MEM:PID:11428/199.6MB TOP_CPU:PID:17292/0% SYS_CPU:2%-WD:0% SYS_MEM:16.9/32GB(52.8%)-WD:19.6GB(61.3%) TRACKING:0 SPIKES:26 KILLS:0
2026-08-10 15:18:30   DIST CPU_IDLE(<1%):280 CPU_NORMAL(1-25%):0 CPU_HOT(>=25%):0
2026-08-10 15:23:33 HEARTBEAT PROCS:247 TOP_MEM:PID:10412/194.9MB TOP_CPU:PID:6100/0.6% SYS_CPU:4%-WD:1.2% SYS_MEM:16.3/32GB(50.9%)-WD:18.3GB(57.2%) TRACKING:0 SPIKES:7 KILLS:0
2026-08-10 15:23:33   DIST CPU_IDLE(<1%):247 CPU_NORMAL(1-25%):0 CPU_HOT(>=25%):0
2026-08-10 15:28:34 HEARTBEAT PROCS:272 TOP_MEM:PID:10412/194.9MB TOP_CPU:PID:8212/0.6% SYS_CPU:5%-WD:1.2% SYS_MEM:16.7/32GB(52.2%)-WD:19.3GB(60.3%) TRACKING:0 SPIKES:0 KILLS:0
2026-08-10 15:28:34   DIST CPU_IDLE(<1%):272 CPU_NORMAL(1-25%):0 CPU_HOT(>=25%):0
2026-08-10 15:33:37 HEARTBEAT PROCS:264 TOP_MEM:PID:10412/193.7MB TOP_CPU:PID:1436/126.1% SYS_CPU:26%-WD:468.7% SYS_MEM:16.7/32GB(52.2%)-WD:19GB(59.4%) TRACKING:4 SPIKES:9 KILLS:0
2026-08-10 15:33:37   DIST CPU_IDLE(<1%):214 CPU_NORMAL(1-25%):46 CPU_HOT(>=25%):4
2026-08-10 15:38:38 HEARTBEAT PROCS:275 TOP_MEM:PID:11428/197MB TOP_CPU:PID:6484/1.9% SYS_CPU:8%-WD:2.5% SYS_MEM:17.2/32GB(53.8%)-WD:19.8GB(61.9%) TRACKING:0 SPIKES:23 KILLS:0
2026-08-10 15:38:38   DIST CPU_IDLE(<1%):274 CPU_NORMAL(1-25%):1 CPU_HOT(>=25%):0
2026-08-10 15:43:42 HEARTBEAT PROCS:284 TOP_MEM:PID:10412/194.9MB TOP_CPU:PID:3920/0.6% SYS_CPU:49%-WD:0.6% SYS_MEM:17.8/32GB(55.6%)-WD:20.3GB(63.4%) TRACKING:0 SPIKES:18 KILLS:0
2026-08-10 15:43:42   DIST CPU_IDLE(<1%):284 CPU_NORMAL(1-25%):0 CPU_HOT(>=25%):0
2026-08-10 15:43:42   NON_WD_SPIKE SYS_CPU:49% WD_CPU:0.6% GAP:48.4%
2026-08-10 15:43:42   NON_WD PID:3580 NAME:MsMpEng CPU:1.9% MEM:209.1MB CMD:
2026-08-10 15:43:42   NON_WD PID:5228 NAME:WmiPrvSE CPU:1.2% MEM:35.9MB CMD:C:\Windows\system32\wbem\wmiprvse.exe
2026-08-10 15:43:42   NON_WD PID:5124 NAME:httpd#1 CPU:0.6% MEM:55.3MB CMD:C:\Apache24\bin\httpd.exe -d C:/Apache24
2026-08-10 15:43:42   NON_WD PID:8032 NAME:wd280admin#1 CPU:0.6% MEM:24.7MB CMD:"C:\WEBDEV 28\wd280admin.exe" /INTERFONLY
2026-08-10 15:43:42   NON_WD PID:4 NAME:System CPU:0.6% MEM:0MB CMD:
2026-08-10 15:43:42   NON_WD PID:2960 NAME:svchost#30 CPU:0% MEM:1.5MB CMD:C:\Windows\System32\svchost.exe -k netsvcs -p -s SessionEnv
2026-08-10 15:43:42   NON_WD PID:3016 NAME:svchost#31 CPU:0% MEM:1.8MB CMD:C:\Windows\system32\svchost.exe -k netsvcs -p -s IKEEXT
2026-08-10 15:43:42   NON_WD PID:2892 NAME:svchost#29 CPU:0% MEM:1MB CMD:C:\Windows\system32\svchost.exe -k netsvcs -s CertPropSvc
2026-08-10 15:43:42   NON_WD PID:2848 NAME:svchost#28 CPU:0% MEM:1.6MB CMD:C:\Windows\system32\svchost.exe -k netsvcs -p -s UserManager
2026-08-10 15:43:42   NON_WD PID:3360 NAME:svchost#39 CPU:0% MEM:1.3MB CMD:C:\Windows\system32\svchost.exe -k LocalService -s W32Time
2026-08-10 15:48:45 HEARTBEAT PROCS:262 TOP_MEM:PID:11428/197.9MB TOP_CPU:PID:11184/1.2% SYS_CPU:8%-WD:1.2% SYS_MEM:17/32GB(53.1%)-WD:19.4GB(60.6%) TRACKING:0 SPIKES:25 KILLS:0
2026-08-10 15:48:45   DIST CPU_IDLE(<1%):261 CPU_NORMAL(1-25%):1 CPU_HOT(>=25%):0
2026-08-10 15:53:47 HEARTBEAT PROCS:270 TOP_MEM:PID:11428/197.9MB TOP_CPU:PID:16460/432.1% SYS_CPU:5%-WD:2067.7% SYS_MEM:17.1/32GB(53.4%)-WD:19.8GB(61.9%) TRACKING:15 SPIKES:19 KILLS:0
2026-08-10 15:53:47   DIST CPU_IDLE(<1%):210 CPU_NORMAL(1-25%):45 CPU_HOT(>=25%):15
2026-08-10 15:58:51 HEARTBEAT PROCS:285 TOP_MEM:PID:12564/702.2MB TOP_CPU:PID:12564/12.5% SYS_CPU:27%-WD:13.1% SYS_MEM:18.4/32GB(57.5%)-WD:20.8GB(65%) TRACKING:0 SPIKES:49 KILLS:0
2026-08-10 15:58:51   DIST CPU_IDLE(<1%):284 CPU_NORMAL(1-25%):1 CPU_HOT(>=25%):0
2026-08-10 16:03:52 HEARTBEAT PROCS:278 TOP_MEM:PID:11428/203.4MB TOP_CPU:PID:11048/1.2% SYS_CPU:2%-WD:1.2% SYS_MEM:16.8/32GB(52.5%)-WD:19.5GB(60.9%) TRACKING:0 SPIKES:60 KILLS:0
2026-08-10 16:03:52   DIST CPU_IDLE(<1%):277 CPU_NORMAL(1-25%):1 CPU_HOT(>=25%):0
2026-08-10 16:08:54 HEARTBEAT PROCS:252 TOP_MEM:PID:11428/205.7MB TOP_CPU:PID:13420/0.6% SYS_CPU:4%-WD:0.6% SYS_MEM:16.4/32GB(51.2%)-WD:18.5GB(57.8%) TRACKING:0 SPIKES:8 KILLS:0
2026-08-10 16:08:54   DIST CPU_IDLE(<1%):252 CPU_NORMAL(1-25%):0 CPU_HOT(>=25%):0
2026-08-10 16:13:56 HEARTBEAT PROCS:228 TOP_MEM:PID:6348/186.1MB TOP_CPU:PID:7476/0% SYS_CPU:7%-WD:0% SYS_MEM:15.6/32GB(48.8%)-WD:17.3GB(54.1%) TRACKING:0 SPIKES:13 KILLS:0
2026-08-10 16:13:56   DIST CPU_IDLE(<1%):228 CPU_NORMAL(1-25%):0 CPU_HOT(>=25%):0
2026-08-10 16:18:57 HEARTBEAT PROCS:231 TOP_MEM:PID:11428/200.9MB TOP_CPU:PID:12396/0.6% SYS_CPU:4%-WD:0.6% SYS_MEM:15.8/32GB(49.4%)-WD:17.6GB(55%) TRACKING:0 SPIKES:7 KILLS:0
2026-08-10 16:18:57   DIST CPU_IDLE(<1%):231 CPU_NORMAL(1-25%):0 CPU_HOT(>=25%):0
2026-08-10 16:23:57 HEARTBEAT PROCS:221 TOP_MEM:PID:11428/205.9MB TOP_CPU:PID:10364/4.8% SYS_CPU:4%-WD:4.8% SYS_MEM:15.2/32GB(47.5%)-WD:16.9GB(52.8%) TRACKING:0 SPIKES:5 KILLS:0
2026-08-10 16:23:57   DIST CPU_IDLE(<1%):220 CPU_NORMAL(1-25%):1 CPU_HOT(>=25%):0
2026-08-10 16:29:00 HEARTBEAT PROCS:278 TOP_MEM:PID:11428/206.1MB TOP_CPU:PID:10884/1.2% SYS_CPU:10%-WD:3.0% SYS_MEM:16.8/32GB(52.5%)-WD:19.3GB(60.3%) TRACKING:0 SPIKES:10 KILLS:0
2026-08-10 16:29:00   DIST CPU_IDLE(<1%):276 CPU_NORMAL(1-25%):2 CPU_HOT(>=25%):0
2026-08-10 16:34:02 HEARTBEAT PROCS:252 TOP_MEM:PID:11428/203.6MB TOP_CPU:PID:6608/0% SYS_CPU:1%-WD:0% SYS_MEM:16.1/32GB(50.3%)-WD:18.2GB(56.9%) TRACKING:0 SPIKES:69 KILLS:0
2026-08-10 16:34:02   DIST CPU_IDLE(<1%):252 CPU_NORMAL(1-25%):0 CPU_HOT(>=25%):0
2026-08-10 16:39:02 HEARTBEAT PROCS:209 TOP_MEM:PID:11428/206.6MB TOP_CPU:PID:12476/0% SYS_CPU:2%-WD:0% SYS_MEM:14.7/32GB(45.9%)-WD:16GB(50%) TRACKING:0 SPIKES:18 KILLS:0
2026-08-10 16:39:02   DIST CPU_IDLE(<1%):209 CPU_NORMAL(1-25%):0 CPU_HOT(>=25%):0
2026-08-10 16:44:02 HEARTBEAT PROCS:221 TOP_MEM:PID:11428/205.4MB TOP_CPU:PID:10144/0.6% SYS_CPU:4%-WD:0.6% SYS_MEM:14.7/32GB(45.9%)-WD:16.4GB(51.2%) TRACKING:0 SPIKES:3 KILLS:0
2026-08-10 16:44:02   DIST CPU_IDLE(<1%):221 CPU_NORMAL(1-25%):0 CPU_HOT(>=25%):0
2026-08-10 16:49:08 HEARTBEAT PROCS:222 TOP_MEM:PID:11428/206.6MB TOP_CPU:PID:5596/0% SYS_CPU:2%-WD:0% SYS_MEM:14.4/32GB(45%)-WD:16GB(50%) TRACKING:0 SPIKES:15 KILLS:0
2026-08-10 16:49:08   DIST CPU_IDLE(<1%):222 CPU_NORMAL(1-25%):0 CPU_HOT(>=25%):0
2026-08-10 16:54:09 HEARTBEAT PROCS:225 TOP_MEM:PID:11428/204.9MB TOP_CPU:PID:10412/5.2% SYS_CPU:7%-WD:5.2% SYS_MEM:14.3/32GB(44.7%)-WD:15.7GB(49.1%) TRACKING:0 SPIKES:3 KILLS:0
2026-08-10 16:54:09   DIST CPU_IDLE(<1%):224 CPU_NORMAL(1-25%):1 CPU_HOT(>=25%):0
2026-08-10 16:59:13 HEARTBEAT PROCS:182 TOP_MEM:PID:11428/206.1MB TOP_CPU:PID:9248/2.8% SYS_CPU:39%-WD:4.2% SYS_MEM:13.3/32GB(41.6%)-WD:13.6GB(42.5%) TRACKING:0 SPIKES:24 KILLS:0
2026-08-10 16:59:13   DIST CPU_IDLE(<1%):180 CPU_NORMAL(1-25%):2 CPU_HOT(>=25%):0
2026-08-10 16:59:13   NON_WD_SPIKE SYS_CPU:39% WD_CPU:4.2% GAP:34.8%
2026-08-10 16:59:14   NON_WD PID:3580 NAME:MsMpEng CPU:2% MEM:208.7MB CMD:
2026-08-10 16:59:14   NON_WD PID:5228 NAME:WmiPrvSE CPU:0.6% MEM:29.6MB CMD:C:\Windows\system32\wbem\wmiprvse.exe
2026-08-10 16:59:14   NON_WD PID:15100 NAME:httpd#1 CPU:0.6% MEM:38.7MB CMD:C:\Apache24\bin\httpd.exe -d C:/Apache24
2026-08-10 16:59:14   NON_WD PID:3256 NAME:svchost#34 CPU:0% MEM:3.3MB CMD:C:\Windows\system32\svchost.exe -k NetworkService -p -s CryptSvc
2026-08-10 16:59:14   NON_WD PID:3224 NAME:svchost#33 CPU:0% MEM:11MB CMD:C:\Windows\system32\svchost.exe -k netsvcs -p -s Winmgmt
2026-08-10 16:59:14   NON_WD PID:2960 NAME:svchost#30 CPU:0% MEM:1.5MB CMD:C:\Windows\System32\svchost.exe -k netsvcs -p -s SessionEnv
2026-08-10 16:59:14   NON_WD PID:2892 NAME:svchost#29 CPU:0% MEM:1.1MB CMD:C:\Windows\system32\svchost.exe -k netsvcs -s CertPropSvc
2026-08-10 16:59:14   NON_WD PID:3044 NAME:svchost#32 CPU:0% MEM:1.2MB CMD:C:\Windows\system32\svchost.exe -k NetworkServiceNetworkRestricted -p -s PolicyAgent
2026-08-10 16:59:14   NON_WD PID:3016 NAME:svchost#31 CPU:0% MEM:1.8MB CMD:C:\Windows\system32\svchost.exe -k netsvcs -p -s IKEEXT
2026-08-10 16:59:14   NON_WD PID:3484 NAME:svchost#40 CPU:0% MEM:2.4MB CMD:C:\Windows\System32\svchost.exe -k NetworkService -p -s WinRM
2026-08-10 17:04:18 HEARTBEAT PROCS:206 TOP_MEM:PID:11428/206.1MB TOP_CPU:PID:1448/0% SYS_CPU:1%-WD:0% SYS_MEM:13/32GB(40.6%)-WD:14.1GB(44.1%) TRACKING:0 SPIKES:10 KILLS:0
2026-08-10 17:04:18   DIST CPU_IDLE(<1%):206 CPU_NORMAL(1-25%):0 CPU_HOT(>=25%):0
2026-08-10 17:09:22 HEARTBEAT PROCS:178 TOP_MEM:PID:9248/166.4MB TOP_CPU:PID:6440/0.6% SYS_CPU:5%-WD:0.6% SYS_MEM:11.9/32GB(37.2%)-WD:12.4GB(38.8%) TRACKING:0 SPIKES:39 KILLS:0
2026-08-10 17:09:22   DIST CPU_IDLE(<1%):178 CPU_NORMAL(1-25%):0 CPU_HOT(>=25%):0
2026-08-10 17:14:26 HEARTBEAT PROCS:159 TOP_MEM:PID:9248/167.6MB TOP_CPU:PID:9744/0% SYS_CPU:1%-WD:0% SYS_MEM:11.3/32GB(35.3%)-WD:11.5GB(35.9%) TRACKING:0 SPIKES:1 KILLS:0
2026-08-10 17:14:26   DIST CPU_IDLE(<1%):159 CPU_NORMAL(1-25%):0 CPU_HOT(>=25%):0
2026-08-10 17:19:29 HEARTBEAT PROCS:159 TOP_MEM:PID:9248/166.4MB TOP_CPU:PID:16844/0.6% SYS_CPU:4%-WD:0.6% SYS_MEM:11.2/32GB(35%)-WD:11.4GB(35.6%) TRACKING:0 SPIKES:68 KILLS:0
2026-08-10 17:19:29   DIST CPU_IDLE(<1%):159 CPU_NORMAL(1-25%):0 CPU_HOT(>=25%):0
2026-08-10 17:24:32 HEARTBEAT PROCS:148 TOP_MEM:PID:9248/168.7MB TOP_CPU:PID:7904/0% SYS_CPU:2%-WD:0% SYS_MEM:10.9/32GB(34.1%)-WD:10.9GB(34.1%) TRACKING:0 SPIKES:9 KILLS:0
2026-08-10 17:24:32   DIST CPU_IDLE(<1%):148 CPU_NORMAL(1-25%):0 CPU_HOT(>=25%):0
2026-08-10 17:29:35 HEARTBEAT PROCS:173 TOP_MEM:PID:9248/168.7MB TOP_CPU:PID:7032/0% SYS_CPU:1%-WD:0% SYS_MEM:11/32GB(34.4%)-WD:11.3GB(35.3%) TRACKING:0 SPIKES:0 KILLS:0
2026-08-10 17:29:35   DIST CPU_IDLE(<1%):173 CPU_NORMAL(1-25%):0 CPU_HOT(>=25%):0
2026-08-10 17:34:39 HEARTBEAT PROCS:145 TOP_MEM:PID:9248/168.7MB TOP_CPU:PID:11404/1.4% SYS_CPU:0%-WD:1.4% SYS_MEM:10.3/32GB(32.2%)-WD:10.2GB(31.9%) TRACKING:0 SPIKES:9 KILLS:0
2026-08-10 17:34:39   DIST CPU_IDLE(<1%):144 CPU_NORMAL(1-25%):1 CPU_HOT(>=25%):0
2026-08-10 17:39:42 HEARTBEAT PROCS:158 TOP_MEM:PID:6588/164.2MB TOP_CPU:PID:5648/0% SYS_CPU:2%-WD:0% SYS_MEM:10.4/32GB(32.5%)-WD:10.5GB(32.8%) TRACKING:0 SPIKES:1 KILLS:0
2026-08-10 17:39:42   DIST CPU_IDLE(<1%):158 CPU_NORMAL(1-25%):0 CPU_HOT(>=25%):0
2026-08-10 17:44:45 HEARTBEAT PROCS:158 TOP_MEM:PID:6588/159.9MB TOP_CPU:PID:1412/38.1% SYS_CPU:0%-WD:157.9% SYS_MEM:10/32GB(31.2%)-WD:10.2GB(31.9%) TRACKING:2 SPIKES:2 KILLS:0
2026-08-10 17:44:45   DIST CPU_IDLE(<1%):134 CPU_NORMAL(1-25%):22 CPU_HOT(>=25%):2
2026-08-10 17:49:48 HEARTBEAT PROCS:123 TOP_MEM:PID:6100/159.1MB TOP_CPU:PID:12872/0% SYS_CPU:1%-WD:0% SYS_MEM:9.1/32GB(28.4%)-WD:8.5GB(26.6%) TRACKING:0 SPIKES:29 KILLS:0
2026-08-10 17:49:48   DIST CPU_IDLE(<1%):123 CPU_NORMAL(1-25%):0 CPU_HOT(>=25%):0
2026-08-10 17:54:50 HEARTBEAT PROCS:113 TOP_MEM:PID:6100/159.1MB TOP_CPU:PID:7752/0% SYS_CPU:2%-WD:0% SYS_MEM:8.7/32GB(27.2%)-WD:8GB(25%) TRACKING:0 SPIKES:3 KILLS:0
2026-08-10 17:54:50   DIST CPU_IDLE(<1%):113 CPU_NORMAL(1-25%):0 CPU_HOT(>=25%):0
2026-08-10 17:59:51 HEARTBEAT PROCS:126 TOP_MEM:PID:6100/159.1MB TOP_CPU:PID:15432/0.6% SYS_CPU:1%-WD:0.6% SYS_MEM:9/32GB(28.1%)-WD:8.5GB(26.6%) TRACKING:0 SPIKES:0 KILLS:0
2026-08-10 17:59:51   DIST CPU_IDLE(<1%):126 CPU_NORMAL(1-25%):0 CPU_HOT(>=25%):0
2026-08-10 18:04:54 HEARTBEAT PROCS:113 TOP_MEM:PID:6100/159.1MB TOP_CPU:PID:15432/0% SYS_CPU:0%-WD:0% SYS_MEM:8.5/32GB(26.6%)-WD:7.7GB(24.1%) TRACKING:0 SPIKES:32 KILLS:0
2026-08-10 18:04:54   DIST CPU_IDLE(<1%):113 CPU_NORMAL(1-25%):0 CPU_HOT(>=25%):0
2026-08-10 18:09:55 HEARTBEAT PROCS:112 TOP_MEM:PID:6100/159.1MB TOP_CPU:PID:8332/0% SYS_CPU:0%-WD:0% SYS_MEM:8.3/32GB(25.9%)-WD:7.5GB(23.4%) TRACKING:0 SPIKES:15 KILLS:0
2026-08-10 18:09:55   DIST CPU_IDLE(<1%):112 CPU_NORMAL(1-25%):0 CPU_HOT(>=25%):0
2026-08-10 18:14:58 HEARTBEAT PROCS:127 TOP_MEM:PID:6100/159.1MB TOP_CPU:PID:7752/0% SYS_CPU:0%-WD:0% SYS_MEM:8.6/32GB(26.9%)-WD:8GB(25%) TRACKING:0 SPIKES:4 KILLS:0
2026-08-10 18:14:58   DIST CPU_IDLE(<1%):127 CPU_NORMAL(1-25%):0 CPU_HOT(>=25%):0
2026-08-10 18:20:00 HEARTBEAT PROCS:117 TOP_MEM:PID:6100/159.1MB TOP_CPU:PID:10308/0% SYS_CPU:1%-WD:0% SYS_MEM:8.5/32GB(26.6%)-WD:7.7GB(24.1%) TRACKING:0 SPIKES:3 KILLS:0
2026-08-10 18:20:00   DIST CPU_IDLE(<1%):117 CPU_NORMAL(1-25%):0 CPU_HOT(>=25%):0
2026-08-10 18:25:01 HEARTBEAT PROCS:118 TOP_MEM:PID:6100/159.1MB TOP_CPU:PID:5384/0% SYS_CPU:1%-WD:0% SYS_MEM:8.1/32GB(25.3%)-WD:7.4GB(23.1%) TRACKING:0 SPIKES:14 KILLS:0
2026-08-10 18:25:01   DIST CPU_IDLE(<1%):118 CPU_NORMAL(1-25%):0 CPU_HOT(>=25%):0
2026-08-10 18:30:03 HEARTBEAT PROCS:117 TOP_MEM:PID:6100/159.1MB TOP_CPU:PID:9284/0% SYS_CPU:5%-WD:0% SYS_MEM:8.1/32GB(25.3%)-WD:7.4GB(23.1%) TRACKING:0 SPIKES:5 KILLS:0
2026-08-10 18:30:03   DIST CPU_IDLE(<1%):117 CPU_NORMAL(1-25%):0 CPU_HOT(>=25%):0
2026-08-10 18:35:04 HEARTBEAT PROCS:108 TOP_MEM:PID:6100/159.1MB TOP_CPU:PID:16136/5.1% SYS_CPU:7%-WD:6.5% SYS_MEM:7.9/32GB(24.7%)-WD:7.1GB(22.2%) TRACKING:0 SPIKES:0 KILLS:0
2026-08-10 18:35:04   DIST CPU_IDLE(<1%):106 CPU_NORMAL(1-25%):2 CPU_HOT(>=25%):0
2026-08-10 18:40:06 HEARTBEAT PROCS:110 TOP_MEM:PID:6100/159.1MB TOP_CPU:PID:5596/0% SYS_CPU:4%-WD:0% SYS_MEM:7.9/32GB(24.7%)-WD:7.1GB(22.2%) TRACKING:0 SPIKES:2 KILLS:0
2026-08-10 18:40:06   DIST CPU_IDLE(<1%):110 CPU_NORMAL(1-25%):0 CPU_HOT(>=25%):0
2026-08-10 18:45:06 HEARTBEAT PROCS:88 TOP_MEM:PID:6100/159.1MB TOP_CPU:PID:9172/0.6% SYS_CPU:2%-WD:0.6% SYS_MEM:7.4/32GB(23.1%)-WD:6.1GB(19.1%) TRACKING:0 SPIKES:7 KILLS:0
2026-08-10 18:45:06   DIST CPU_IDLE(<1%):88 CPU_NORMAL(1-25%):0 CPU_HOT(>=25%):0
2026-08-10 18:50:07 HEARTBEAT PROCS:118 TOP_MEM:PID:6100/159.1MB TOP_CPU:PID:4008/0% SYS_CPU:0%-WD:0% SYS_MEM:8/32GB(25%)-WD:7.2GB(22.5%) TRACKING:0 SPIKES:3 KILLS:0
2026-08-10 18:50:07   DIST CPU_IDLE(<1%):118 CPU_NORMAL(1-25%):0 CPU_HOT(>=25%):0
2026-08-10 18:55:09 HEARTBEAT PROCS:102 TOP_MEM:PID:6100/159.1MB TOP_CPU:PID:8108/0% SYS_CPU:2%-WD:0% SYS_MEM:7.6/32GB(23.8%)-WD:6.5GB(20.3%) TRACKING:0 SPIKES:6 KILLS:0
2026-08-10 18:55:09   DIST CPU_IDLE(<1%):102 CPU_NORMAL(1-25%):0 CPU_HOT(>=25%):0
2026-08-10 19:00:10 HEARTBEAT PROCS:96 TOP_MEM:PID:6100/159.1MB TOP_CPU:PID:14652/0% SYS_CPU:2%-WD:0% SYS_MEM:7.4/32GB(23.1%)-WD:6.1GB(19.1%) TRACKING:0 SPIKES:1 KILLS:0
2026-08-10 19:00:10   DIST CPU_IDLE(<1%):96 CPU_NORMAL(1-25%):0 CPU_HOT(>=25%):0
2026-08-10 19:05:10 HEARTBEAT PROCS:79 TOP_MEM:PID:6100/159.1MB TOP_CPU:PID:14652/0% SYS_CPU:0%-WD:0% SYS_MEM:6.7/32GB(20.9%)-WD:5.2GB(16.2%) TRACKING:0 SPIKES:6 KILLS:0
2026-08-10 19:05:10   DIST CPU_IDLE(<1%):79 CPU_NORMAL(1-25%):0 CPU_HOT(>=25%):0
2026-08-10 19:10:10 HEARTBEAT PROCS:93 TOP_MEM:PID:6100/159.1MB TOP_CPU:PID:2644/0.6% SYS_CPU:1%-WD:0.6% SYS_MEM:6.8/32GB(21.2%)-WD:5.5GB(17.2%) TRACKING:0 SPIKES:0 KILLS:0
2026-08-10 19:10:10   DIST CPU_IDLE(<1%):93 CPU_NORMAL(1-25%):0 CPU_HOT(>=25%):0
2026-08-10 19:15:11 HEARTBEAT PROCS:81 TOP_MEM:PID:6100/159.1MB TOP_CPU:PID:15824/0% SYS_CPU:2%-WD:0% SYS_MEM:6.9/32GB(21.6%)-WD:5.3GB(16.6%) TRACKING:0 SPIKES:1 KILLS:0
2026-08-10 19:15:11   DIST CPU_IDLE(<1%):81 CPU_NORMAL(1-25%):0 CPU_HOT(>=25%):0
2026-08-10 19:20:16 HEARTBEAT PROCS:87 TOP_MEM:PID:6100/159.1MB TOP_CPU:PID:6576/0% SYS_CPU:0%-WD:0% SYS_MEM:7.1/32GB(22.2%)-WD:5.6GB(17.5%) TRACKING:0 SPIKES:0 KILLS:0
2026-08-10 19:20:16   DIST CPU_IDLE(<1%):87 CPU_NORMAL(1-25%):0 CPU_HOT(>=25%):0
2026-08-10 19:25:17 HEARTBEAT PROCS:83 TOP_MEM:PID:6100/159.1MB TOP_CPU:PID:9324/0% SYS_CPU:1%-WD:0% SYS_MEM:7/32GB(21.9%)-WD:5.5GB(17.2%) TRACKING:0 SPIKES:0 KILLS:0
2026-08-10 19:25:17   DIST CPU_IDLE(<1%):83 CPU_NORMAL(1-25%):0 CPU_HOT(>=25%):0
2026-08-10 19:30:17 HEARTBEAT PROCS:92 TOP_MEM:PID:6100/159.1MB TOP_CPU:PID:13452/0% SYS_CPU:2%-WD:0% SYS_MEM:6.8/32GB(21.2%)-WD:5.6GB(17.5%) TRACKING:0 SPIKES:27 KILLS:0
2026-08-10 19:30:17   DIST CPU_IDLE(<1%):92 CPU_NORMAL(1-25%):0 CPU_HOT(>=25%):0
2026-08-10 19:35:18 HEARTBEAT PROCS:98 TOP_MEM:PID:6100/159.1MB TOP_CPU:PID:12488/0% SYS_CPU:1%-WD:0% SYS_MEM:6.8/32GB(21.2%)-WD:5.6GB(17.5%) TRACKING:0 SPIKES:4 KILLS:0
2026-08-10 19:35:18   DIST CPU_IDLE(<1%):98 CPU_NORMAL(1-25%):0 CPU_HOT(>=25%):0
2026-08-10 19:40:18 HEARTBEAT PROCS:66 TOP_MEM:PID:6100/159.1MB TOP_CPU:PID:864/0% SYS_CPU:1%-WD:0% SYS_MEM:6.2/32GB(19.4%)-WD:4.3GB(13.4%) TRACKING:0 SPIKES:2 KILLS:0
2026-08-10 19:40:18   DIST CPU_IDLE(<1%):66 CPU_NORMAL(1-25%):0 CPU_HOT(>=25%):0
2026-08-10 19:45:23 HEARTBEAT PROCS:88 TOP_MEM:PID:6100/159.1MB TOP_CPU:PID:6372/0% SYS_CPU:0%-WD:0% SYS_MEM:6.5/32GB(20.3%)-WD:5.1GB(15.9%) TRACKING:0 SPIKES:7 KILLS:0
2026-08-10 19:45:23   DIST CPU_IDLE(<1%):88 CPU_NORMAL(1-25%):0 CPU_HOT(>=25%):0
2026-08-10 19:50:28 HEARTBEAT PROCS:66 TOP_MEM:PID:6100/159.1MB TOP_CPU:PID:2644/0% SYS_CPU:4%-WD:0% SYS_MEM:6.2/32GB(19.4%)-WD:4.3GB(13.4%) TRACKING:0 SPIKES:4 KILLS:0
2026-08-10 19:50:28   DIST CPU_IDLE(<1%):66 CPU_NORMAL(1-25%):0 CPU_HOT(>=25%):0
2026-08-10 19:55:33 HEARTBEAT PROCS:63 TOP_MEM:PID:6100/159.1MB TOP_CPU:PID:13824/0% SYS_CPU:0%-WD:0% SYS_MEM:6/32GB(18.8%)-WD:4.1GB(12.8%) TRACKING:0 SPIKES:2 KILLS:0
2026-08-10 19:55:33   DIST CPU_IDLE(<1%):63 CPU_NORMAL(1-25%):0 CPU_HOT(>=25%):0
2026-08-10 20:00:38 HEARTBEAT PROCS:56 TOP_MEM:PID:6100/159.1MB TOP_CPU:PID:14092/0% SYS_CPU:1%-WD:0% SYS_MEM:5.8/32GB(18.1%)-WD:3.8GB(11.9%) TRACKING:0 SPIKES:1 KILLS:0
2026-08-10 20:00:38   DIST CPU_IDLE(<1%):56 CPU_NORMAL(1-25%):0 CPU_HOT(>=25%):0
2026-08-10 20:05:43 HEARTBEAT PROCS:75 TOP_MEM:PID:6100/159.1MB TOP_CPU:PID:3008/0% SYS_CPU:1%-WD:0% SYS_MEM:5.7/32GB(17.8%)-WD:4.1GB(12.8%) TRACKING:0 SPIKES:2 KILLS:0
2026-08-10 20:05:43   DIST CPU_IDLE(<1%):75 CPU_NORMAL(1-25%):0 CPU_HOT(>=25%):0
2026-08-10 20:10:48 HEARTBEAT PROCS:66 TOP_MEM:PID:6100/159.1MB TOP_CPU:PID:8936/0% SYS_CPU:2%-WD:0% SYS_MEM:5.6/32GB(17.5%)-WD:3.8GB(11.9%) TRACKING:0 SPIKES:0 KILLS:0
2026-08-10 20:10:48   DIST CPU_IDLE(<1%):66 CPU_NORMAL(1-25%):0 CPU_HOT(>=25%):0
2026-08-10 20:15:48 HEARTBEAT PROCS:59 TOP_MEM:PID:6100/159.1MB TOP_CPU:PID:15968/0% SYS_CPU:1%-WD:0% SYS_MEM:5.5/32GB(17.2%)-WD:3.6GB(11.2%) TRACKING:0 SPIKES:2 KILLS:0
2026-08-10 20:15:48   DIST CPU_IDLE(<1%):59 CPU_NORMAL(1-25%):0 CPU_HOT(>=25%):0
2026-08-10 20:20:53 HEARTBEAT PROCS:81 TOP_MEM:PID:6100/159.1MB TOP_CPU:PID:16220/0% SYS_CPU:1%-WD:0% SYS_MEM:6/32GB(18.8%)-WD:4.4GB(13.8%) TRACKING:0 SPIKES:0 KILLS:0
2026-08-10 20:20:53   DIST CPU_IDLE(<1%):81 CPU_NORMAL(1-25%):0 CPU_HOT(>=25%):0
2026-08-10 20:25:58 HEARTBEAT PROCS:53 TOP_MEM:PID:8892/146.6MB TOP_CPU:PID:12728/0% SYS_CPU:1%-WD:0% SYS_MEM:5.3/32GB(16.6%)-WD:3.2GB(10%) TRACKING:0 SPIKES:3 KILLS:0
2026-08-10 20:25:58   DIST CPU_IDLE(<1%):53 CPU_NORMAL(1-25%):0 CPU_HOT(>=25%):0
2026-08-10 20:30:59 HEARTBEAT PROCS:79 TOP_MEM:PID:8892/146.6MB TOP_CPU:PID:14440/0% SYS_CPU:1%-WD:0% SYS_MEM:5.8/32GB(18.1%)-WD:4.2GB(13.1%) TRACKING:0 SPIKES:0 KILLS:0
2026-08-10 20:30:59   DIST CPU_IDLE(<1%):79 CPU_NORMAL(1-25%):0 CPU_HOT(>=25%):0
2026-08-10 20:36:03 HEARTBEAT PROCS:56 TOP_MEM:PID:8892/146.6MB TOP_CPU:PID:15968/0% SYS_CPU:1%-WD:0% SYS_MEM:5.3/32GB(16.6%)-WD:3.3GB(10.3%) TRACKING:0 SPIKES:0 KILLS:0
2026-08-10 20:36:03   DIST CPU_IDLE(<1%):56 CPU_NORMAL(1-25%):0 CPU_HOT(>=25%):0
2026-08-10 20:41:08 HEARTBEAT PROCS:62 TOP_MEM:PID:8892/146.6MB TOP_CPU:PID:5060/2.9% SYS_CPU:1%-WD:2.9% SYS_MEM:5.4/32GB(16.9%)-WD:3.5GB(10.9%) TRACKING:0 SPIKES:0 KILLS:0
2026-08-10 20:41:08   DIST CPU_IDLE(<1%):61 CPU_NORMAL(1-25%):1 CPU_HOT(>=25%):0
2026-08-10 20:46:08 HEARTBEAT PROCS:47 TOP_MEM:PID:8892/146.6MB TOP_CPU:PID:8840/0% SYS_CPU:1%-WD:0% SYS_MEM:4.9/32GB(15.3%)-WD:2.7GB(8.4%) TRACKING:0 SPIKES:3 KILLS:0
2026-08-10 20:46:08   DIST CPU_IDLE(<1%):47 CPU_NORMAL(1-25%):0 CPU_HOT(>=25%):0
2026-08-10 20:51:13 HEARTBEAT PROCS:52 TOP_MEM:PID:8892/146.6MB TOP_CPU:PID:8824/0% SYS_CPU:0%-WD:0% SYS_MEM:5/32GB(15.6%)-WD:2.8GB(8.8%) TRACKING:0 SPIKES:1 KILLS:0
2026-08-10 20:51:13   DIST CPU_IDLE(<1%):52 CPU_NORMAL(1-25%):0 CPU_HOT(>=25%):0
2026-08-10 20:56:17 HEARTBEAT PROCS:48 TOP_MEM:PID:8892/146.6MB TOP_CPU:PID:15336/0% SYS_CPU:2%-WD:0% SYS_MEM:4.9/32GB(15.3%)-WD:2.8GB(8.8%) TRACKING:0 SPIKES:0 KILLS:0
2026-08-10 20:56:17   DIST CPU_IDLE(<1%):48 CPU_NORMAL(1-25%):0 CPU_HOT(>=25%):0
2026-08-10 21:01:22 HEARTBEAT PROCS:48 TOP_MEM:PID:8892/146.6MB TOP_CPU:PID:13768/1.4% SYS_CPU:4%-WD:1.4% SYS_MEM:5/32GB(15.6%)-WD:2.8GB(8.8%) TRACKING:0 SPIKES:0 KILLS:0
2026-08-10 21:01:22   DIST CPU_IDLE(<1%):47 CPU_NORMAL(1-25%):1 CPU_HOT(>=25%):0
2026-08-10 21:06:27 HEARTBEAT PROCS:78 TOP_MEM:PID:8892/146.6MB TOP_CPU:PID:17204/0.6% SYS_CPU:0%-WD:0.6% SYS_MEM:5.9/32GB(18.4%)-WD:4GB(12.5%) TRACKING:0 SPIKES:0 KILLS:0
2026-08-10 21:06:27   DIST CPU_IDLE(<1%):78 CPU_NORMAL(1-25%):0 CPU_HOT(>=25%):0
2026-08-10 21:11:32 HEARTBEAT PROCS:49 TOP_MEM:PID:8892/146.6MB TOP_CPU:PID:14712/3.6% SYS_CPU:1%-WD:3.6% SYS_MEM:5.5/32GB(17.2%)-WD:3GB(9.4%) TRACKING:0 SPIKES:12 KILLS:0
2026-08-10 21:11:32   DIST CPU_IDLE(<1%):48 CPU_NORMAL(1-25%):1 CPU_HOT(>=25%):0
2026-08-10 21:16:37 HEARTBEAT PROCS:53 TOP_MEM:PID:8892/146.6MB TOP_CPU:PID:14712/3.6% SYS_CPU:1%-WD:3.6% SYS_MEM:5.5/32GB(17.2%)-WD:3.2GB(10%) TRACKING:0 SPIKES:14 KILLS:0
2026-08-10 21:16:37   DIST CPU_IDLE(<1%):52 CPU_NORMAL(1-25%):1 CPU_HOT(>=25%):0
2026-08-10 21:21:42 HEARTBEAT PROCS:35 TOP_MEM:PID:8892/146.6MB TOP_CPU:PID:11244/0% SYS_CPU:1%-WD:0% SYS_MEM:4.8/32GB(15%)-WD:2.3GB(7.2%) TRACKING:0 SPIKES:0 KILLS:0
2026-08-10 21:21:42   DIST CPU_IDLE(<1%):35 CPU_NORMAL(1-25%):0 CPU_HOT(>=25%):0
2026-08-10 21:26:46 HEARTBEAT PROCS:40 TOP_MEM:PID:14712/128.8MB TOP_CPU:PID:11244/0% SYS_CPU:1%-WD:0% SYS_MEM:4.8/32GB(15%)-WD:2.4GB(7.5%) TRACKING:0 SPIKES:0 KILLS:0
2026-08-10 21:26:46   DIST CPU_IDLE(<1%):40 CPU_NORMAL(1-25%):0 CPU_HOT(>=25%):0
2026-08-10 21:31:50 HEARTBEAT PROCS:52 TOP_MEM:PID:7568/163.3MB TOP_CPU:PID:14712/0% SYS_CPU:1%-WD:0% SYS_MEM:4.9/32GB(15.3%)-WD:2.8GB(8.8%) TRACKING:0 SPIKES:0 KILLS:0
2026-08-10 21:31:50   DIST CPU_IDLE(<1%):52 CPU_NORMAL(1-25%):0 CPU_HOT(>=25%):0
2026-08-10 21:36:55 HEARTBEAT PROCS:53 TOP_MEM:PID:14712/127.1MB TOP_CPU:PID:10856/5.9% SYS_CPU:0%-WD:35.2% SYS_MEM:4.8/32GB(15%)-WD:2.8GB(8.8%) TRACKING:0 SPIKES:0 KILLS:0
2026-08-10 21:36:55   DIST CPU_IDLE(<1%):42 CPU_NORMAL(1-25%):11 CPU_HOT(>=25%):0
2026-08-10 21:42:00 HEARTBEAT PROCS:63 TOP_MEM:PID:14712/132.1MB TOP_CPU:PID:6528/0% SYS_CPU:1%-WD:0% SYS_MEM:5.2/32GB(16.2%)-WD:3.3GB(10.3%) TRACKING:0 SPIKES:3 KILLS:0
2026-08-10 21:42:00   DIST CPU_IDLE(<1%):63 CPU_NORMAL(1-25%):0 CPU_HOT(>=25%):0
2026-08-10 21:47:04 HEARTBEAT PROCS:50 TOP_MEM:PID:14712/133.2MB TOP_CPU:PID:13640/0% SYS_CPU:1%-WD:0% SYS_MEM:4.9/32GB(15.3%)-WD:2.7GB(8.4%) TRACKING:0 SPIKES:3 KILLS:0
2026-08-10 21:47:04   DIST CPU_IDLE(<1%):50 CPU_NORMAL(1-25%):0 CPU_HOT(>=25%):0
2026-08-10 21:52:10 HEARTBEAT PROCS:66 TOP_MEM:PID:14712/125MB TOP_CPU:PID:15820/0% SYS_CPU:0%-WD:0% SYS_MEM:5.1/32GB(15.9%)-WD:3.2GB(10%) TRACKING:0 SPIKES:2 KILLS:0
2026-08-10 21:52:10   DIST CPU_IDLE(<1%):66 CPU_NORMAL(1-25%):0 CPU_HOT(>=25%):0
2026-08-10 21:57:14 HEARTBEAT PROCS:31 TOP_MEM:PID:17260/105MB TOP_CPU:PID:17204/0% SYS_CPU:1%-WD:0% SYS_MEM:4.3/32GB(13.4%)-WD:1.8GB(5.6%) TRACKING:0 SPIKES:3 KILLS:0
2026-08-10 21:57:14   DIST CPU_IDLE(<1%):31 CPU_NORMAL(1-25%):0 CPU_HOT(>=25%):0
2026-08-10 22:02:18 HEARTBEAT PROCS:36 TOP_MEM:PID:16396/108.3MB TOP_CPU:PID:17204/0% SYS_CPU:1%-WD:0% SYS_MEM:4.4/32GB(13.8%)-WD:1.9GB(5.9%) TRACKING:0 SPIKES:0 KILLS:0
2026-08-10 22:02:18   DIST CPU_IDLE(<1%):36 CPU_NORMAL(1-25%):0 CPU_HOT(>=25%):0
2026-08-10 22:07:23 HEARTBEAT PROCS:43 TOP_MEM:PID:17260/105MB TOP_CPU:PID:11244/0% SYS_CPU:1%-WD:0% SYS_MEM:4.5/32GB(14.1%)-WD:2.1GB(6.6%) TRACKING:0 SPIKES:1 KILLS:0
2026-08-10 22:07:23   DIST CPU_IDLE(<1%):43 CPU_NORMAL(1-25%):0 CPU_HOT(>=25%):0
2026-08-10 22:12:27 HEARTBEAT PROCS:87 TOP_MEM:PID:17260/105MB TOP_CPU:PID:14256/0% SYS_CPU:4%-WD:0% SYS_MEM:5.4/32GB(16.9%)-WD:3.8GB(11.9%) TRACKING:0 SPIKES:0 KILLS:0
2026-08-10 22:12:27   DIST CPU_IDLE(<1%):87 CPU_NORMAL(1-25%):0 CPU_HOT(>=25%):0
2026-08-10 22:17:33 HEARTBEAT PROCS:69 TOP_MEM:PID:17260/105MB TOP_CPU:PID:13264/0% SYS_CPU:0%-WD:0% SYS_MEM:5/32GB(15.6%)-WD:3.1GB(9.7%) TRACKING:0 SPIKES:2 KILLS:0
2026-08-10 22:17:33   DIST CPU_IDLE(<1%):69 CPU_NORMAL(1-25%):0 CPU_HOT(>=25%):0
2026-08-10 22:22:38 HEARTBEAT PROCS:49 TOP_MEM:PID:17260/105MB TOP_CPU:PID:7324/0% SYS_CPU:1%-WD:0% SYS_MEM:4.6/32GB(14.4%)-WD:2.4GB(7.5%) TRACKING:0 SPIKES:0 KILLS:0
2026-08-10 22:22:38   DIST CPU_IDLE(<1%):49 CPU_NORMAL(1-25%):0 CPU_HOT(>=25%):0
2026-08-10 22:27:42 HEARTBEAT PROCS:41 TOP_MEM:PID:17260/105MB TOP_CPU:PID:10800/0% SYS_CPU:1%-WD:0% SYS_MEM:4.4/32GB(13.8%)-WD:2.1GB(6.6%) TRACKING:0 SPIKES:0 KILLS:0
2026-08-10 22:27:42   DIST CPU_IDLE(<1%):41 CPU_NORMAL(1-25%):0 CPU_HOT(>=25%):0
2026-08-10 22:32:47 HEARTBEAT PROCS:31 TOP_MEM:PID:17260/106.4MB TOP_CPU:PID:9736/0% SYS_CPU:1%-WD:0% SYS_MEM:4.2/32GB(13.1%)-WD:1.7GB(5.3%) TRACKING:0 SPIKES:1 KILLS:0
2026-08-10 22:32:47   DIST CPU_IDLE(<1%):31 CPU_NORMAL(1-25%):0 CPU_HOT(>=25%):0
2026-08-10 22:37:51 HEARTBEAT PROCS:38 TOP_MEM:PID:17260/106.4MB TOP_CPU:PID:8236/0.6% SYS_CPU:1%-WD:0.6% SYS_MEM:4.3/32GB(13.4%)-WD:1.9GB(5.9%) TRACKING:0 SPIKES:0 KILLS:0
2026-08-10 22:37:51   DIST CPU_IDLE(<1%):38 CPU_NORMAL(1-25%):0 CPU_HOT(>=25%):0
2026-08-10 22:42:56 HEARTBEAT PROCS:36 TOP_MEM:PID:15456/102.2MB TOP_CPU:PID:10972/0% SYS_CPU:7%-WD:0% SYS_MEM:4.3/32GB(13.4%)-WD:1.8GB(5.6%) TRACKING:0 SPIKES:1 KILLS:0
2026-08-10 22:42:56   DIST CPU_IDLE(<1%):36 CPU_NORMAL(1-25%):0 CPU_HOT(>=25%):0
2026-08-10 22:48:00 HEARTBEAT PROCS:47 TOP_MEM:PID:15456/102.2MB TOP_CPU:PID:12848/0% SYS_CPU:2%-WD:0% SYS_MEM:4.4/32GB(13.8%)-WD:2.1GB(6.6%) TRACKING:0 SPIKES:1 KILLS:0
2026-08-10 22:48:00   DIST CPU_IDLE(<1%):47 CPU_NORMAL(1-25%):0 CPU_HOT(>=25%):0
2026-08-10 22:53:05 HEARTBEAT PROCS:40 TOP_MEM:PID:15456/102.2MB TOP_CPU:PID:12848/0% SYS_CPU:1%-WD:0% SYS_MEM:4.2/32GB(13.1%)-WD:1.8GB(5.6%) TRACKING:0 SPIKES:0 KILLS:0
2026-08-10 22:53:05   DIST CPU_IDLE(<1%):40 CPU_NORMAL(1-25%):0 CPU_HOT(>=25%):0
2026-08-10 22:58:10 HEARTBEAT PROCS:33 TOP_MEM:PID:15456/102.2MB TOP_CPU:PID:17204/0% SYS_CPU:1%-WD:0% SYS_MEM:4.1/32GB(12.8%)-WD:1.6GB(5%) TRACKING:0 SPIKES:0 KILLS:0
2026-08-10 22:58:10   DIST CPU_IDLE(<1%):33 CPU_NORMAL(1-25%):0 CPU_HOT(>=25%):0
2026-08-10 23:03:14 HEARTBEAT PROCS:32 TOP_MEM:PID:12840/100.7MB TOP_CPU:PID:12840/0% SYS_CPU:39%-WD:0% SYS_MEM:4.5/32GB(14.1%)-WD:1.7GB(5.3%) TRACKING:0 SPIKES:8 KILLS:0
2026-08-10 23:03:14   DIST CPU_IDLE(<1%):32 CPU_NORMAL(1-25%):0 CPU_HOT(>=25%):0
2026-08-10 23:03:14   NON_WD_SPIKE SYS_CPU:39% WD_CPU:0% GAP:39%
2026-08-10 23:03:14   NON_WD PID:6312 NAME:chrome#10 CPU:3% MEM:52MB CMD:"C:\Program Files\Google\Chrome\Application\chrome.exe" --type=renderer --top-chrome-webui --noerrdialogs --user-data-di...
2026-08-10 23:03:14   NON_WD PID:10408 NAME:chrome#2 CPU:2.2% MEM:9.5MB CMD:"C:\Program Files\Google\Chrome\Application\chrome.exe" --type=gpu-process --headless --noerrdialogs --user-data-dir="C:...
2026-08-10 23:03:14   NON_WD PID:1908 NAME:chrome#9 CPU:2.2% MEM:16.6MB CMD:"C:\Program Files\Google\Chrome\Application\chrome.exe" --type=renderer --noerrdialogs --user-data-dir="C:\Windows\TEMP\...
2026-08-10 23:03:14   NON_WD PID:4 NAME:System CPU:0.8% MEM:0MB CMD:
2026-08-10 23:03:14   NON_WD PID:16112 NAME:chrome CPU:0.8% MEM:36.5MB CMD:"C:\Program Files\Google\Chrome\Application\chrome" --headless --disable-gpu --no-pdf-header-footer --print-to-pdf="C:\Temp\...
2026-08-10 23:03:14   NON_WD PID:13580 NAME:wd280session#32 CPU:0.8% MEM:23.9MB CMD:C:\WEBDEV 28\wd280session.exe /IDM=28 /QWM=288 /APP="ExampleApp"
2026-08-10 23:03:14   NON_WD PID:1684 NAME:svchost#8 CPU:0% MEM:10.5MB CMD:C:\Windows\System32\svchost.exe -k LocalServiceNetworkRestricted -p -s EventLog
2026-08-10 23:03:14   NON_WD PID:2892 NAME:svchost#29 CPU:0% MEM:1.1MB CMD:C:\Windows\system32\svchost.exe -k netsvcs -s CertPropSvc
2026-08-10 23:03:14   NON_WD PID:1616 NAME:svchost#7 CPU:0% MEM:1.2MB CMD:C:\Windows\system32\svchost.exe -k LocalServiceNetworkRestricted -p -s TimeBrokerSvc
2026-08-10 23:03:14   NON_WD PID:2848 NAME:svchost#28 CPU:0% MEM:1.6MB CMD:C:\Windows\system32\svchost.exe -k netsvcs -p -s UserManager
2026-08-10 23:08:18 HEARTBEAT PROCS:27 TOP_MEM:PID:12840/100.7MB TOP_CPU:PID:13464/0% SYS_CPU:0%-WD:0% SYS_MEM:4/32GB(12.5%)-WD:1.3GB(4.1%) TRACKING:0 SPIKES:5 KILLS:0
2026-08-10 23:08:18   DIST CPU_IDLE(<1%):27 CPU_NORMAL(1-25%):0 CPU_HOT(>=25%):0
2026-08-10 23:13:22 HEARTBEAT PROCS:11 TOP_MEM:PID:12840/100.7MB TOP_CPU:PID:13264/0% SYS_CPU:1%-WD:0% SYS_MEM:3.6/32GB(11.2%)-WD:0.7GB(2.2%) TRACKING:0 SPIKES:0 KILLS:0
2026-08-10 23:13:22   DIST CPU_IDLE(<1%):11 CPU_NORMAL(1-25%):0 CPU_HOT(>=25%):0
2026-08-10 23:18:26 HEARTBEAT PROCS:20 TOP_MEM:PID:12840/100.7MB TOP_CPU:PID:14280/0% SYS_CPU:1%-WD:0% SYS_MEM:3.7/32GB(11.6%)-WD:1GB(3.1%) TRACKING:0 SPIKES:0 KILLS:0
2026-08-10 23:18:26   DIST CPU_IDLE(<1%):20 CPU_NORMAL(1-25%):0 CPU_HOT(>=25%):0
2026-08-10 23:23:29 HEARTBEAT PROCS:25 TOP_MEM:PID:12840/100.7MB TOP_CPU:PID:13560/2% SYS_CPU:1%-WD:2% SYS_MEM:3.7/32GB(11.6%)-WD:1GB(3.1%) TRACKING:0 SPIKES:0 KILLS:0
2026-08-10 23:23:29   DIST CPU_IDLE(<1%):24 CPU_NORMAL(1-25%):1 CPU_HOT(>=25%):0
2026-08-10 23:28:34 HEARTBEAT PROCS:13 TOP_MEM:PID:12840/100.7MB TOP_CPU:PID:5864/0% SYS_CPU:1%-WD:0% SYS_MEM:3.5/32GB(10.9%)-WD:0.6GB(1.9%) TRACKING:0 SPIKES:0 KILLS:0
2026-08-10 23:28:34   DIST CPU_IDLE(<1%):13 CPU_NORMAL(1-25%):0 CPU_HOT(>=25%):0
2026-08-10 23:33:37 HEARTBEAT PROCS:19 TOP_MEM:PID:12840/100.7MB TOP_CPU:PID:5864/0% SYS_CPU:1%-WD:0% SYS_MEM:3.6/32GB(11.2%)-WD:0.9GB(2.8%) TRACKING:0 SPIKES:0 KILLS:0
2026-08-10 23:33:37   DIST CPU_IDLE(<1%):19 CPU_NORMAL(1-25%):0 CPU_HOT(>=25%):0
2026-08-10 23:38:41 HEARTBEAT PROCS:15 TOP_MEM:PID:12840/100.7MB TOP_CPU:PID:6220/0% SYS_CPU:1%-WD:0% SYS_MEM:3.5/32GB(10.9%)-WD:0.7GB(2.2%) TRACKING:0 SPIKES:0 KILLS:0
2026-08-10 23:38:41   DIST CPU_IDLE(<1%):15 CPU_NORMAL(1-25%):0 CPU_HOT(>=25%):0
2026-08-10 23:43:45 HEARTBEAT PROCS:21 TOP_MEM:PID:12840/100.7MB TOP_CPU:PID:14184/0% SYS_CPU:1%-WD:0% SYS_MEM:3.7/32GB(11.6%)-WD:0.9GB(2.8%) TRACKING:0 SPIKES:0 KILLS:0
2026-08-10 23:43:45   DIST CPU_IDLE(<1%):21 CPU_NORMAL(1-25%):0 CPU_HOT(>=25%):0
2026-08-10 23:48:49 HEARTBEAT PROCS:15 TOP_MEM:PID:12840/100.7MB TOP_CPU:PID:6220/0% SYS_CPU:1%-WD:0% SYS_MEM:3.6/32GB(11.2%)-WD:0.7GB(2.2%) TRACKING:0 SPIKES:0 KILLS:0
2026-08-10 23:48:49   DIST CPU_IDLE(<1%):15 CPU_NORMAL(1-25%):0 CPU_HOT(>=25%):0
2026-08-10 23:53:53 HEARTBEAT PROCS:7 TOP_MEM:PID:12840/100.7MB TOP_CPU:PID:12876/0% SYS_CPU:1%-WD:0% SYS_MEM:3.4/32GB(10.6%)-WD:0.4GB(1.2%) TRACKING:0 SPIKES:0 KILLS:0
2026-08-10 23:53:53   DIST CPU_IDLE(<1%):7 CPU_NORMAL(1-25%):0 CPU_HOT(>=25%):0
2026-08-10 23:58:57 HEARTBEAT PROCS:21 TOP_MEM:PID:12840/100.7MB TOP_CPU:PID:4060/0% SYS_CPU:1%-WD:0% SYS_MEM:3.7/32GB(11.6%)-WD:1GB(3.1%) TRACKING:0 SPIKES:0 KILLS:0
2026-08-10 23:58:57   DIST CPU_IDLE(<1%):21 CPU_NORMAL(1-25%):0 CPU_HOT(>=25%):0
2026-08-11 00:00:00 DAILY-SUMMARY DATE:2026-08-10 SPIKES:2321 KILLS:6 UNIQUE_PIDS:652 PEAK_MEM:PID:15664/1633.4MB
2026-08-11 00:04:01 HEARTBEAT PROCS:10 TOP_MEM:PID:12840/100.7MB TOP_CPU:PID:12840/0% SYS_CPU:0%-WD:0% SYS_MEM:3.5/32GB(10.9%)-WD:0.5GB(1.6%) TRACKING:0 SPIKES:0 KILLS:0
2026-08-11 00:04:01   DIST CPU_IDLE(<1%):10 CPU_NORMAL(1-25%):0 CPU_HOT(>=25%):0
2026-08-11 00:09:04 HEARTBEAT PROCS:10 TOP_MEM:PID:12840/100.7MB TOP_CPU:PID:15544/0% SYS_CPU:0%-WD:0% SYS_MEM:3.5/32GB(10.9%)-WD:0.5GB(1.6%) TRACKING:0 SPIKES:0 KILLS:0
2026-08-11 00:09:04   DIST CPU_IDLE(<1%):10 CPU_NORMAL(1-25%):0 CPU_HOT(>=25%):0
2026-08-11 00:14:09 HEARTBEAT PROCS:6 TOP_MEM:PID:12840/100.7MB TOP_CPU:PID:3248/0% SYS_CPU:0%-WD:0% SYS_MEM:3.4/32GB(10.6%)-WD:0.4GB(1.2%) TRACKING:0 SPIKES:0 KILLS:0
2026-08-11 00:14:09   DIST CPU_IDLE(<1%):6 CPU_NORMAL(1-25%):0 CPU_HOT(>=25%):0
2026-08-11 00:19:12 HEARTBEAT PROCS:6 TOP_MEM:PID:12840/100.7MB TOP_CPU:PID:12840/0% SYS_CPU:0%-WD:0% SYS_MEM:3.4/32GB(10.6%)-WD:0.4GB(1.2%) TRACKING:0 SPIKES:0 KILLS:0
2026-08-11 00:19:12   DIST CPU_IDLE(<1%):6 CPU_NORMAL(1-25%):0 CPU_HOT(>=25%):0
2026-08-11 00:24:16 HEARTBEAT PROCS:8 TOP_MEM:PID:12840/100.7MB TOP_CPU:PID:9624/0% SYS_CPU:1%-WD:0% SYS_MEM:3.4/32GB(10.6%)-WD:0.5GB(1.6%) TRACKING:0 SPIKES:0 KILLS:0
2026-08-11 00:24:16   DIST CPU_IDLE(<1%):8 CPU_NORMAL(1-25%):0 CPU_HOT(>=25%):0
2026-08-11 00:29:20 HEARTBEAT PROCS:7 TOP_MEM:PID:12840/100.7MB TOP_CPU:PID:9624/0% SYS_CPU:2%-WD:0% SYS_MEM:3.4/32GB(10.6%)-WD:0.4GB(1.2%) TRACKING:0 SPIKES:0 KILLS:0
2026-08-11 00:29:20   DIST CPU_IDLE(<1%):7 CPU_NORMAL(1-25%):0 CPU_HOT(>=25%):0
2026-08-11 00:34:24 HEARTBEAT PROCS:13 TOP_MEM:PID:12840/100.7MB TOP_CPU:PID:9908/0% SYS_CPU:1%-WD:0% SYS_MEM:3.6/32GB(11.2%)-WD:0.7GB(2.2%) TRACKING:0 SPIKES:0 KILLS:0
2026-08-11 00:34:24   DIST CPU_IDLE(<1%):13 CPU_NORMAL(1-25%):0 CPU_HOT(>=25%):0
2026-08-11 00:39:27 HEARTBEAT PROCS:8 TOP_MEM:PID:12840/100.7MB TOP_CPU:PID:1380/0% SYS_CPU:1%-WD:0% SYS_MEM:3.5/32GB(10.9%)-WD:0.5GB(1.6%) TRACKING:0 SPIKES:0 KILLS:0
2026-08-11 00:39:27   DIST CPU_IDLE(<1%):8 CPU_NORMAL(1-25%):0 CPU_HOT(>=25%):0
2026-08-11 00:44:31 HEARTBEAT PROCS:11 TOP_MEM:PID:12840/100.7MB TOP_CPU:PID:1380/0% SYS_CPU:1%-WD:0% SYS_MEM:3.6/32GB(11.2%)-WD:0.7GB(2.2%) TRACKING:0 SPIKES:0 KILLS:0
2026-08-11 00:44:31   DIST CPU_IDLE(<1%):11 CPU_NORMAL(1-25%):0 CPU_HOT(>=25%):0
2026-08-11 00:49:36 HEARTBEAT PROCS:14 TOP_MEM:PID:12840/100.7MB TOP_CPU:PID:8564/0% SYS_CPU:1%-WD:0% SYS_MEM:3.7/32GB(11.6%)-WD:0.8GB(2.5%) TRACKING:0 SPIKES:0 KILLS:0
2026-08-11 00:49:36   DIST CPU_IDLE(<1%):14 CPU_NORMAL(1-25%):0 CPU_HOT(>=25%):0
2026-08-11 00:54:39 HEARTBEAT PROCS:19 TOP_MEM:PID:12840/100.7MB TOP_CPU:PID:8636/0% SYS_CPU:0%-WD:0% SYS_MEM:3.7/32GB(11.6%)-WD:0.9GB(2.8%) TRACKING:0 SPIKES:0 KILLS:0
2026-08-11 00:54:39   DIST CPU_IDLE(<1%):19 CPU_NORMAL(1-25%):0 CPU_HOT(>=25%):0
2026-08-11 00:59:43 HEARTBEAT PROCS:14 TOP_MEM:PID:12840/100.7MB TOP_CPU:PID:15540/0% SYS_CPU:1%-WD:0% SYS_MEM:3.5/32GB(10.9%)-WD:0.6GB(1.9%) TRACKING:0 SPIKES:0 KILLS:0
2026-08-11 00:59:43   DIST CPU_IDLE(<1%):14 CPU_NORMAL(1-25%):0 CPU_HOT(>=25%):0
2026-08-11 01:04:47 HEARTBEAT PROCS:15 TOP_MEM:PID:15012/106.6MB TOP_CPU:PID:3968/0% SYS_CPU:0%-WD:0% SYS_MEM:3.6/32GB(11.2%)-WD:0.7GB(2.2%) TRACKING:0 SPIKES:0 KILLS:0
2026-08-11 01:04:47   DIST CPU_IDLE(<1%):15 CPU_NORMAL(1-25%):0 CPU_HOT(>=25%):0
2026-08-11 01:09:51 HEARTBEAT PROCS:11 TOP_MEM:PID:15012/106.6MB TOP_CPU:PID:12840/0% SYS_CPU:2%-WD:0% SYS_MEM:3.5/32GB(10.9%)-WD:0.6GB(1.9%) TRACKING:0 SPIKES:0 KILLS:0
2026-08-11 01:09:51   DIST CPU_IDLE(<1%):11 CPU_NORMAL(1-25%):0 CPU_HOT(>=25%):0
2026-08-11 01:14:54 HEARTBEAT PROCS:3 TOP_MEM:PID:12840/100.7MB TOP_CPU:PID:6896/0% SYS_CPU:0%-WD:0% SYS_MEM:3.3/32GB(10.3%)-WD:0.2GB(0.6%) TRACKING:0 SPIKES:0 KILLS:0
2026-08-11 01:14:54   DIST CPU_IDLE(<1%):3 CPU_NORMAL(1-25%):0 CPU_HOT(>=25%):0
2026-08-11 01:19:59 HEARTBEAT PROCS:8 TOP_MEM:PID:12840/100.7MB TOP_CPU:PID:2588/0% SYS_CPU:0%-WD:0% SYS_MEM:3.4/32GB(10.6%)-WD:0.4GB(1.2%) TRACKING:0 SPIKES:0 KILLS:0
2026-08-11 01:19:59   DIST CPU_IDLE(<1%):8 CPU_NORMAL(1-25%):0 CPU_HOT(>=25%):0
2026-08-11 01:25:02 HEARTBEAT PROCS:1 TOP_MEM:PID:12840/100.7MB TOP_CPU:PID:12840/0% SYS_CPU:5%-WD:0% SYS_MEM:3.2/32GB(10%)-WD:0.1GB(0.3%) TRACKING:0 SPIKES:0 KILLS:0
2026-08-11 01:25:02   DIST CPU_IDLE(<1%):1 CPU_NORMAL(1-25%):0 CPU_HOT(>=25%):0
2026-08-11 01:30:06 HEARTBEAT PROCS:3 TOP_MEM:PID:12840/100.7MB TOP_CPU:PID:12840/0% SYS_CPU:1%-WD:0% SYS_MEM:3.2/32GB(10%)-WD:0.2GB(0.6%) TRACKING:0 SPIKES:0 KILLS:0
2026-08-11 01:30:06   DIST CPU_IDLE(<1%):3 CPU_NORMAL(1-25%):0 CPU_HOT(>=25%):0
2026-08-11 01:35:10 HEARTBEAT PROCS:8 TOP_MEM:PID:12840/100.7MB TOP_CPU:PID:9456/0% SYS_CPU:7%-WD:0% SYS_MEM:3.4/32GB(10.6%)-WD:0.4GB(1.2%) TRACKING:0 SPIKES:0 KILLS:0
2026-08-11 01:35:10   DIST CPU_IDLE(<1%):8 CPU_NORMAL(1-25%):0 CPU_HOT(>=25%):0
2026-08-11 01:40:14 HEARTBEAT PROCS:5 TOP_MEM:PID:2640/85.3MB TOP_CPU:PID:2972/0% SYS_CPU:2%-WD:0% SYS_MEM:3.2/32GB(10%)-WD:0.2GB(0.6%) TRACKING:0 SPIKES:0 KILLS:0
2026-08-11 01:40:14   DIST CPU_IDLE(<1%):5 CPU_NORMAL(1-25%):0 CPU_HOT(>=25%):0
2026-08-11 01:45:17 HEARTBEAT PROCS:1 TOP_MEM:PID:2640/85.3MB TOP_CPU:PID:2640/0% SYS_CPU:1%-WD:0% SYS_MEM:3.2/32GB(10%)-WD:0.1GB(0.3%) TRACKING:0 SPIKES:0 KILLS:0
2026-08-11 01:45:17   DIST CPU_IDLE(<1%):1 CPU_NORMAL(1-25%):0 CPU_HOT(>=25%):0
2026-08-11 01:50:20 HEARTBEAT PROCS:0 TOP_MEM:none TOP_CPU:none SYS_CPU:1%-WD:0% SYS_MEM:3.1/32GB(9.7%)-WD:0GB(0%) TRACKING:0 SPIKES:0 KILLS:0
2026-08-11 01:50:20   DIST CPU_IDLE(<1%):0 CPU_NORMAL(1-25%):0 CPU_HOT(>=25%):0
2026-08-11 01:55:24 HEARTBEAT PROCS:2 TOP_MEM:PID:14636/49.4MB TOP_CPU:PID:2472/0% SYS_CPU:0%-WD:0% SYS_MEM:3.2/32GB(10%)-WD:0.1GB(0.3%) TRACKING:0 SPIKES:0 KILLS:0
2026-08-11 01:55:24   DIST CPU_IDLE(<1%):2 CPU_NORMAL(1-25%):0 CPU_HOT(>=25%):0
2026-08-11 02:00:27 HEARTBEAT PROCS:3 TOP_MEM:PID:14636/56.5MB TOP_CPU:PID:15628/0% SYS_CPU:1%-WD:0% SYS_MEM:3.2/32GB(10%)-WD:0.1GB(0.3%) TRACKING:0 SPIKES:0 KILLS:0
2026-08-11 02:00:27   DIST CPU_IDLE(<1%):3 CPU_NORMAL(1-25%):0 CPU_HOT(>=25%):0
2026-08-11 02:05:31 HEARTBEAT PROCS:1 TOP_MEM:PID:228/49.6MB TOP_CPU:PID:228/0% SYS_CPU:1%-WD:0% SYS_MEM:3.2/32GB(10%)-WD:0GB(0%) TRACKING:0 SPIKES:0 KILLS:0
2026-08-11 02:05:31   DIST CPU_IDLE(<1%):1 CPU_NORMAL(1-25%):0 CPU_HOT(>=25%):0
2026-08-11 02:10:35 HEARTBEAT PROCS:3 TOP_MEM:PID:228/49.6MB TOP_CPU:PID:16712/0% SYS_CPU:1%-WD:0% SYS_MEM:3.2/32GB(10%)-WD:0.1GB(0.3%) TRACKING:0 SPIKES:0 KILLS:0
2026-08-11 02:10:35   DIST CPU_IDLE(<1%):3 CPU_NORMAL(1-25%):0 CPU_HOT(>=25%):0
2026-08-11 02:15:38 HEARTBEAT PROCS:0 TOP_MEM:none TOP_CPU:none SYS_CPU:1%-WD:0% SYS_MEM:3.1/32GB(9.7%)-WD:0GB(0%) TRACKING:0 SPIKES:0 KILLS:0
2026-08-11 02:15:38   DIST CPU_IDLE(<1%):0 CPU_NORMAL(1-25%):0 CPU_HOT(>=25%):0
2026-08-11 02:20:41 HEARTBEAT PROCS:0 TOP_MEM:none TOP_CPU:none SYS_CPU:1%-WD:0% SYS_MEM:3.1/32GB(9.7%)-WD:0GB(0%) TRACKING:0 SPIKES:0 KILLS:0
2026-08-11 02:20:41   DIST CPU_IDLE(<1%):0 CPU_NORMAL(1-25%):0 CPU_HOT(>=25%):0
2026-08-11 02:25:45 HEARTBEAT PROCS:1 TOP_MEM:PID:13436/34.8MB TOP_CPU:PID:13436/0% SYS_CPU:1%-WD:0% SYS_MEM:3.1/32GB(9.7%)-WD:0GB(0%) TRACKING:0 SPIKES:0 KILLS:0
2026-08-11 02:25:45   DIST CPU_IDLE(<1%):1 CPU_NORMAL(1-25%):0 CPU_HOT(>=25%):0
2026-08-11 02:30:48 HEARTBEAT PROCS:0 TOP_MEM:none TOP_CPU:none SYS_CPU:0%-WD:0% SYS_MEM:3.1/32GB(9.7%)-WD:0GB(0%) TRACKING:0 SPIKES:0 KILLS:0
2026-08-11 02:30:48   DIST CPU_IDLE(<1%):0 CPU_NORMAL(1-25%):0 CPU_HOT(>=25%):0
2026-08-11 02:35:51 HEARTBEAT PROCS:0 TOP_MEM:none TOP_CPU:PID:5572/0% SYS_CPU:1%-WD:0% SYS_MEM:3.1/32GB(9.7%)-WD:0GB(0%) TRACKING:0 SPIKES:0 KILLS:0
2026-08-11 02:35:51   DIST CPU_IDLE(<1%):0 CPU_NORMAL(1-25%):0 CPU_HOT(>=25%):0
2026-08-11 02:40:54 HEARTBEAT PROCS:0 TOP_MEM:none TOP_CPU:none SYS_CPU:1%-WD:0% SYS_MEM:3.1/32GB(9.7%)-WD:0GB(0%) TRACKING:0 SPIKES:0 KILLS:0
2026-08-11 02:40:54   DIST CPU_IDLE(<1%):0 CPU_NORMAL(1-25%):0 CPU_HOT(>=25%):0
2026-08-11 02:45:57 HEARTBEAT PROCS:0 TOP_MEM:none TOP_CPU:PID:9288/0% SYS_CPU:2%-WD:0% SYS_MEM:3.1/32GB(9.7%)-WD:0GB(0%) TRACKING:0 SPIKES:0 KILLS:0
2026-08-11 02:45:57   DIST CPU_IDLE(<1%):0 CPU_NORMAL(1-25%):0 CPU_HOT(>=25%):0
2026-08-11 02:50:59 HEARTBEAT PROCS:0 TOP_MEM:none TOP_CPU:none SYS_CPU:1%-WD:0% SYS_MEM:3.1/32GB(9.7%)-WD:0GB(0%) TRACKING:0 SPIKES:0 KILLS:0
2026-08-11 02:50:59   DIST CPU_IDLE(<1%):0 CPU_NORMAL(1-25%):0 CPU_HOT(>=25%):0
2026-08-11 02:56:03 HEARTBEAT PROCS:0 TOP_MEM:none TOP_CPU:none SYS_CPU:1%-WD:0% SYS_MEM:3.1/32GB(9.7%)-WD:0GB(0%) TRACKING:0 SPIKES:0 KILLS:0
2026-08-11 02:56:03   DIST CPU_IDLE(<1%):0 CPU_NORMAL(1-25%):0 CPU_HOT(>=25%):0
2026-08-11 03:01:06 HEARTBEAT PROCS:2 TOP_MEM:PID:16424/38.8MB TOP_CPU:PID:16424/0% SYS_CPU:1%-WD:0% SYS_MEM:3.2/32GB(10%)-WD:0.1GB(0.3%) TRACKING:0 SPIKES:0 KILLS:0
2026-08-11 03:01:06   DIST CPU_IDLE(<1%):2 CPU_NORMAL(1-25%):0 CPU_HOT(>=25%):0
2026-08-11 03:06:08 HEARTBEAT PROCS:0 TOP_MEM:none TOP_CPU:none SYS_CPU:0%-WD:0% SYS_MEM:3.1/32GB(9.7%)-WD:0GB(0%) TRACKING:0 SPIKES:0 KILLS:0
2026-08-11 03:06:08   DIST CPU_IDLE(<1%):0 CPU_NORMAL(1-25%):0 CPU_HOT(>=25%):0
2026-08-11 03:11:12 HEARTBEAT PROCS:4 TOP_MEM:PID:9596/34.3MB TOP_CPU:PID:628/0% SYS_CPU:1%-WD:0% SYS_MEM:3.2/32GB(10%)-WD:0.1GB(0.3%) TRACKING:0 SPIKES:0 KILLS:0
2026-08-11 03:11:12   DIST CPU_IDLE(<1%):4 CPU_NORMAL(1-25%):0 CPU_HOT(>=25%):0
2026-08-11 03:16:15 HEARTBEAT PROCS:1 TOP_MEM:PID:11780/43.4MB TOP_CPU:PID:11780/0% SYS_CPU:2%-WD:0% SYS_MEM:3.1/32GB(9.7%)-WD:0GB(0%) TRACKING:0 SPIKES:0 KILLS:0
2026-08-11 03:16:15   DIST CPU_IDLE(<1%):1 CPU_NORMAL(1-25%):0 CPU_HOT(>=25%):0
2026-08-11 03:21:19 HEARTBEAT PROCS:1 TOP_MEM:PID:11780/43.5MB TOP_CPU:PID:11780/0% SYS_CPU:1%-WD:0% SYS_MEM:3.1/32GB(9.7%)-WD:0GB(0%) TRACKING:0 SPIKES:0 KILLS:0
2026-08-11 03:21:19   DIST CPU_IDLE(<1%):1 CPU_NORMAL(1-25%):0 CPU_HOT(>=25%):0
2026-08-11 03:26:23 HEARTBEAT PROCS:9 TOP_MEM:PID:7952/34.9MB TOP_CPU:PID:12180/0% SYS_CPU:0%-WD:0% SYS_MEM:3.3/32GB(10.3%)-WD:0.3GB(0.9%) TRACKING:0 SPIKES:0 KILLS:0
2026-08-11 03:26:23   DIST CPU_IDLE(<1%):9 CPU_NORMAL(1-25%):0 CPU_HOT(>=25%):0
2026-08-11 03:31:27 HEARTBEAT PROCS:8 TOP_MEM:PID:7952/35MB TOP_CPU:PID:16024/0% SYS_CPU:1%-WD:0% SYS_MEM:3.3/32GB(10.3%)-WD:0.3GB(0.9%) TRACKING:0 SPIKES:0 KILLS:0
2026-08-11 03:31:27   DIST CPU_IDLE(<1%):8 CPU_NORMAL(1-25%):0 CPU_HOT(>=25%):0
2026-08-11 03:36:29 HEARTBEAT PROCS:0 TOP_MEM:none TOP_CPU:none SYS_CPU:1%-WD:0% SYS_MEM:3.1/32GB(9.7%)-WD:0GB(0%) TRACKING:0 SPIKES:0 KILLS:0
2026-08-11 03:36:29   DIST CPU_IDLE(<1%):0 CPU_NORMAL(1-25%):0 CPU_HOT(>=25%):0
2026-08-11 03:41:33 HEARTBEAT PROCS:0 TOP_MEM:none TOP_CPU:none SYS_CPU:2%-WD:0% SYS_MEM:3/32GB(9.4%)-WD:0GB(0%) TRACKING:0 SPIKES:0 KILLS:0
2026-08-11 03:41:33   DIST CPU_IDLE(<1%):0 CPU_NORMAL(1-25%):0 CPU_HOT(>=25%):0
2026-08-11 03:46:35 HEARTBEAT PROCS:0 TOP_MEM:none TOP_CPU:none SYS_CPU:1%-WD:0% SYS_MEM:3/32GB(9.4%)-WD:0GB(0%) TRACKING:0 SPIKES:0 KILLS:0
2026-08-11 03:46:35   DIST CPU_IDLE(<1%):0 CPU_NORMAL(1-25%):0 CPU_HOT(>=25%):0
2026-08-11 03:51:39 HEARTBEAT PROCS:4 TOP_MEM:PID:6368/43.5MB TOP_CPU:PID:6368/0% SYS_CPU:1%-WD:0% SYS_MEM:3.1/32GB(9.7%)-WD:0.2GB(0.6%) TRACKING:0 SPIKES:0 KILLS:0
2026-08-11 03:51:39   DIST CPU_IDLE(<1%):4 CPU_NORMAL(1-25%):0 CPU_HOT(>=25%):0
2026-08-11 03:56:43 HEARTBEAT PROCS:3 TOP_MEM:PID:8068/34.4MB TOP_CPU:PID:7204/0% SYS_CPU:1%-WD:0% SYS_MEM:3.2/32GB(10%)-WD:0.1GB(0.3%) TRACKING:0 SPIKES:0 KILLS:0
2026-08-11 03:56:43   DIST CPU_IDLE(<1%):3 CPU_NORMAL(1-25%):0 CPU_HOT(>=25%):0
2026-08-11 04:01:48 HEARTBEAT PROCS:7 TOP_MEM:PID:16676/34.9MB TOP_CPU:PID:5176/0% SYS_CPU:0%-WD:0% SYS_MEM:3.2/32GB(10%)-WD:0.2GB(0.6%) TRACKING:0 SPIKES:0 KILLS:0
2026-08-11 04:01:48   DIST CPU_IDLE(<1%):7 CPU_NORMAL(1-25%):0 CPU_HOT(>=25%):0
2026-08-11 04:06:51 HEARTBEAT PROCS:0 TOP_MEM:none TOP_CPU:none SYS_CPU:1%-WD:0% SYS_MEM:3/32GB(9.4%)-WD:0GB(0%) TRACKING:0 SPIKES:0 KILLS:0
2026-08-11 04:06:51   DIST CPU_IDLE(<1%):0 CPU_NORMAL(1-25%):0 CPU_HOT(>=25%):0
2026-08-11 04:11:54 HEARTBEAT PROCS:0 TOP_MEM:none TOP_CPU:none SYS_CPU:1%-WD:0% SYS_MEM:3/32GB(9.4%)-WD:0GB(0%) TRACKING:0 SPIKES:0 KILLS:0
2026-08-11 04:11:54   DIST CPU_IDLE(<1%):0 CPU_NORMAL(1-25%):0 CPU_HOT(>=25%):0
2026-08-11 04:16:57 HEARTBEAT PROCS:0 TOP_MEM:none TOP_CPU:none SYS_CPU:1%-WD:0% SYS_MEM:3/32GB(9.4%)-WD:0GB(0%) TRACKING:0 SPIKES:0 KILLS:0
2026-08-11 04:16:57   DIST CPU_IDLE(<1%):0 CPU_NORMAL(1-25%):0 CPU_HOT(>=25%):0
2026-08-11 04:22:00 HEARTBEAT PROCS:5 TOP_MEM:PID:14936/43.8MB TOP_CPU:PID:3596/0% SYS_CPU:0%-WD:0% SYS_MEM:3.1/32GB(9.7%)-WD:0.2GB(0.6%) TRACKING:0 SPIKES:0 KILLS:0
2026-08-11 04:22:00   DIST CPU_IDLE(<1%):5 CPU_NORMAL(1-25%):0 CPU_HOT(>=25%):0
2026-08-11 04:27:04 HEARTBEAT PROCS:10 TOP_MEM:PID:14900/56.9MB TOP_CPU:PID:16736/0% SYS_CPU:2%-WD:0% SYS_MEM:3.2/32GB(10%)-WD:0.4GB(1.2%) TRACKING:0 SPIKES:0 KILLS:0
2026-08-11 04:27:04   DIST CPU_IDLE(<1%):10 CPU_NORMAL(1-25%):0 CPU_HOT(>=25%):0
2026-08-11 04:32:08 HEARTBEAT PROCS:5 TOP_MEM:PID:14900/56.9MB TOP_CPU:PID:17160/0% SYS_CPU:0%-WD:0% SYS_MEM:3.2/32GB(10%)-WD:0.2GB(0.6%) TRACKING:0 SPIKES:0 KILLS:0
2026-08-11 04:32:08   DIST CPU_IDLE(<1%):5 CPU_NORMAL(1-25%):0 CPU_HOT(>=25%):0
2026-08-11 04:37:12 HEARTBEAT PROCS:6 TOP_MEM:PID:17096/50MB TOP_CPU:PID:5396/0% SYS_CPU:0%-WD:0% SYS_MEM:3.3/32GB(10.3%)-WD:0.3GB(0.9%) TRACKING:0 SPIKES:0 KILLS:0
2026-08-11 04:37:12   DIST CPU_IDLE(<1%):6 CPU_NORMAL(1-25%):0 CPU_HOT(>=25%):0
2026-08-11 04:42:15 HEARTBEAT PROCS:6 TOP_MEM:PID:9980/54.9MB TOP_CPU:PID:5396/0% SYS_CPU:0%-WD:0% SYS_MEM:3.3/32GB(10.3%)-WD:0.3GB(0.9%) TRACKING:0 SPIKES:0 KILLS:0
2026-08-11 04:42:15   DIST CPU_IDLE(<1%):6 CPU_NORMAL(1-25%):0 CPU_HOT(>=25%):0
2026-08-11 04:47:20 HEARTBEAT PROCS:2 TOP_MEM:PID:9980/54.9MB TOP_CPU:PID:4584/0% SYS_CPU:1%-WD:0% SYS_MEM:3.2/32GB(10%)-WD:0.1GB(0.3%) TRACKING:0 SPIKES:0 KILLS:0
2026-08-11 04:47:20   DIST CPU_IDLE(<1%):2 CPU_NORMAL(1-25%):0 CPU_HOT(>=25%):0
2026-08-11 04:52:23 HEARTBEAT PROCS:10 TOP_MEM:PID:4584/44.3MB TOP_CPU:PID:3848/0% SYS_CPU:2%-WD:0% SYS_MEM:3.3/32GB(10.3%)-WD:0.3GB(0.9%) TRACKING:0 SPIKES:0 KILLS:0
2026-08-11 04:52:23   DIST CPU_IDLE(<1%):10 CPU_NORMAL(1-25%):0 CPU_HOT(>=25%):0
2026-08-11 04:57:27 HEARTBEAT PROCS:9 TOP_MEM:PID:17296/43.4MB TOP_CPU:PID:5156/0% SYS_CPU:1%-WD:0% SYS_MEM:3.3/32GB(10.3%)-WD:0.3GB(0.9%) TRACKING:0 SPIKES:0 KILLS:0
2026-08-11 04:57:27   DIST CPU_IDLE(<1%):9 CPU_NORMAL(1-25%):0 CPU_HOT(>=25%):0
2026-08-11 05:02:31 HEARTBEAT PROCS:0 TOP_MEM:none TOP_CPU:none SYS_CPU:1%-WD:0% SYS_MEM:3.1/32GB(9.7%)-WD:0GB(0%) TRACKING:0 SPIKES:0 KILLS:0
2026-08-11 05:02:31   DIST CPU_IDLE(<1%):0 CPU_NORMAL(1-25%):0 CPU_HOT(>=25%):0
2026-08-11 05:07:34 HEARTBEAT PROCS:5 TOP_MEM:PID:6840/49.6MB TOP_CPU:PID:6840/0% SYS_CPU:1%-WD:0% SYS_MEM:3.2/32GB(10%)-WD:0.2GB(0.6%) TRACKING:0 SPIKES:0 KILLS:0
2026-08-11 05:07:34   DIST CPU_IDLE(<1%):5 CPU_NORMAL(1-25%):0 CPU_HOT(>=25%):0
2026-08-11 05:12:38 HEARTBEAT PROCS:5 TOP_MEM:PID:6840/49.7MB TOP_CPU:PID:5664/0% SYS_CPU:1%-WD:0% SYS_MEM:3.2/32GB(10%)-WD:0.2GB(0.6%) TRACKING:0 SPIKES:0 KILLS:0
2026-08-11 05:12:38   DIST CPU_IDLE(<1%):5 CPU_NORMAL(1-25%):0 CPU_HOT(>=25%):0
2026-08-11 05:17:41 HEARTBEAT PROCS:2 TOP_MEM:PID:6840/50.2MB TOP_CPU:PID:6840/0% SYS_CPU:4%-WD:0% SYS_MEM:3.1/32GB(9.7%)-WD:0.1GB(0.3%) TRACKING:0 SPIKES:0 KILLS:0
2026-08-11 05:17:41   DIST CPU_IDLE(<1%):2 CPU_NORMAL(1-25%):0 CPU_HOT(>=25%):0
2026-08-11 05:22:46 HEARTBEAT PROCS:0 TOP_MEM:none TOP_CPU:none SYS_CPU:1%-WD:0% SYS_MEM:3.1/32GB(9.7%)-WD:0GB(0%) TRACKING:0 SPIKES:0 KILLS:0
2026-08-11 05:22:46   DIST CPU_IDLE(<1%):0 CPU_NORMAL(1-25%):0 CPU_HOT(>=25%):0
2026-08-11 05:27:49 HEARTBEAT PROCS:8 TOP_MEM:PID:13056/69.4MB TOP_CPU:PID:16104/0% SYS_CPU:0%-WD:0% SYS_MEM:3.3/32GB(10.3%)-WD:0.3GB(0.9%) TRACKING:0 SPIKES:0 KILLS:0
2026-08-11 05:27:49   DIST CPU_IDLE(<1%):8 CPU_NORMAL(1-25%):0 CPU_HOT(>=25%):0
2026-08-11 05:32:52 HEARTBEAT PROCS:6 TOP_MEM:PID:13056/71.5MB TOP_CPU:PID:11720/0% SYS_CPU:1%-WD:0% SYS_MEM:3.2/32GB(10%)-WD:0.2GB(0.6%) TRACKING:0 SPIKES:2 KILLS:0
2026-08-11 05:32:52   DIST CPU_IDLE(<1%):6 CPU_NORMAL(1-25%):0 CPU_HOT(>=25%):0
2026-08-11 05:37:56 HEARTBEAT PROCS:0 TOP_MEM:none TOP_CPU:none SYS_CPU:1%-WD:0% SYS_MEM:3.1/32GB(9.7%)-WD:0GB(0%) TRACKING:0 SPIKES:0 KILLS:0
2026-08-11 05:37:56   DIST CPU_IDLE(<1%):0 CPU_NORMAL(1-25%):0 CPU_HOT(>=25%):0
2026-08-11 05:42:59 HEARTBEAT PROCS:0 TOP_MEM:none TOP_CPU:none SYS_CPU:1%-WD:0% SYS_MEM:3.1/32GB(9.7%)-WD:0GB(0%) TRACKING:0 SPIKES:0 KILLS:0
2026-08-11 05:42:59   DIST CPU_IDLE(<1%):0 CPU_NORMAL(1-25%):0 CPU_HOT(>=25%):0
2026-08-11 05:48:02 HEARTBEAT PROCS:14 TOP_MEM:PID:14072/45.6MB TOP_CPU:PID:784/0% SYS_CPU:1%-WD:0% SYS_MEM:3.3/32GB(10.3%)-WD:0.5GB(1.6%) TRACKING:0 SPIKES:0 KILLS:0
2026-08-11 05:48:02   DIST CPU_IDLE(<1%):14 CPU_NORMAL(1-25%):0 CPU_HOT(>=25%):0
2026-08-11 05:53:06 HEARTBEAT PROCS:3 TOP_MEM:PID:14072/45.6MB TOP_CPU:PID:14072/0% SYS_CPU:1%-WD:0% SYS_MEM:3.1/32GB(9.7%)-WD:0.1GB(0.3%) TRACKING:0 SPIKES:0 KILLS:0
2026-08-11 05:53:06   DIST CPU_IDLE(<1%):3 CPU_NORMAL(1-25%):0 CPU_HOT(>=25%):0
2026-08-11 05:58:10 HEARTBEAT PROCS:3 TOP_MEM:PID:14072/45.6MB TOP_CPU:PID:14072/0% SYS_CPU:0%-WD:0% SYS_MEM:3.1/32GB(9.7%)-WD:0.1GB(0.3%) TRACKING:0 SPIKES:0 KILLS:0
2026-08-11 05:58:10   DIST CPU_IDLE(<1%):3 CPU_NORMAL(1-25%):0 CPU_HOT(>=25%):0
2026-08-11 06:03:13 HEARTBEAT PROCS:13 TOP_MEM:PID:12508/87.3MB TOP_CPU:PID:13360/0% SYS_CPU:1%-WD:0% SYS_MEM:3.4/32GB(10.6%)-WD:0.6GB(1.9%) TRACKING:0 SPIKES:0 KILLS:0
2026-08-11 06:03:13   DIST CPU_IDLE(<1%):13 CPU_NORMAL(1-25%):0 CPU_HOT(>=25%):0
2026-08-11 06:08:17 HEARTBEAT PROCS:10 TOP_MEM:PID:9100/93.3MB TOP_CPU:PID:5260/0% SYS_CPU:1%-WD:0% SYS_MEM:3.4/32GB(10.6%)-WD:0.5GB(1.6%) TRACKING:0 SPIKES:0 KILLS:0
2026-08-11 06:08:17   DIST CPU_IDLE(<1%):10 CPU_NORMAL(1-25%):0 CPU_HOT(>=25%):0
2026-08-11 06:13:21 HEARTBEAT PROCS:7 TOP_MEM:PID:9100/93.4MB TOP_CPU:PID:9100/0% SYS_CPU:1%-WD:0% SYS_MEM:3.4/32GB(10.6%)-WD:0.4GB(1.2%) TRACKING:0 SPIKES:0 KILLS:0
2026-08-11 06:13:21   DIST CPU_IDLE(<1%):7 CPU_NORMAL(1-25%):0 CPU_HOT(>=25%):0
2026-08-11 06:18:25 HEARTBEAT PROCS:5 TOP_MEM:PID:9344/86.3MB TOP_CPU:PID:13980/0% SYS_CPU:2%-WD:0% SYS_MEM:3.3/32GB(10.3%)-WD:0.4GB(1.2%) TRACKING:0 SPIKES:0 KILLS:0
2026-08-11 06:18:25   DIST CPU_IDLE(<1%):5 CPU_NORMAL(1-25%):0 CPU_HOT(>=25%):0
2026-08-11 06:23:29 HEARTBEAT PROCS:4 TOP_MEM:PID:12508/87.3MB TOP_CPU:PID:13980/0% SYS_CPU:1%-WD:0% SYS_MEM:3.3/32GB(10.3%)-WD:0.3GB(0.9%) TRACKING:0 SPIKES:0 KILLS:0
2026-08-11 06:23:29   DIST CPU_IDLE(<1%):4 CPU_NORMAL(1-25%):0 CPU_HOT(>=25%):0
2026-08-11 06:28:33 HEARTBEAT PROCS:21 TOP_MEM:PID:9100/107.1MB TOP_CPU:PID:14364/0% SYS_CPU:0%-WD:0% SYS_MEM:3.7/32GB(11.6%)-WD:1GB(3.1%) TRACKING:0 SPIKES:0 KILLS:0
2026-08-11 06:28:33   DIST CPU_IDLE(<1%):21 CPU_NORMAL(1-25%):0 CPU_HOT(>=25%):0
2026-08-11 06:33:36 HEARTBEAT PROCS:17 TOP_MEM:PID:9100/94.3MB TOP_CPU:PID:14736/0% SYS_CPU:2%-WD:0% SYS_MEM:3.6/32GB(11.2%)-WD:0.8GB(2.5%) TRACKING:0 SPIKES:0 KILLS:0
2026-08-11 06:33:36   DIST CPU_IDLE(<1%):17 CPU_NORMAL(1-25%):0 CPU_HOT(>=25%):0
2026-08-11 06:38:41 HEARTBEAT PROCS:9 TOP_MEM:PID:9100/92MB TOP_CPU:PID:9100/0% SYS_CPU:0%-WD:0% SYS_MEM:3.4/32GB(10.6%)-WD:0.5GB(1.6%) TRACKING:0 SPIKES:0 KILLS:0
2026-08-11 06:38:41   DIST CPU_IDLE(<1%):9 CPU_NORMAL(1-25%):0 CPU_HOT(>=25%):0
2026-08-11 06:43:44 HEARTBEAT PROCS:9 TOP_MEM:PID:9100/95.4MB TOP_CPU:PID:13980/0% SYS_CPU:1%-WD:0% SYS_MEM:3.4/32GB(10.6%)-WD:0.5GB(1.6%) TRACKING:0 SPIKES:0 KILLS:0
2026-08-11 06:43:44   DIST CPU_IDLE(<1%):9 CPU_NORMAL(1-25%):0 CPU_HOT(>=25%):0
2026-08-11 06:48:48 HEARTBEAT PROCS:24 TOP_MEM:PID:9100/114.6MB TOP_CPU:PID:11592/0% SYS_CPU:2%-WD:0% SYS_MEM:3.8/32GB(11.9%)-WD:1.2GB(3.8%) TRACKING:0 SPIKES:0 KILLS:0
2026-08-11 06:48:48   DIST CPU_IDLE(<1%):24 CPU_NORMAL(1-25%):0 CPU_HOT(>=25%):0
2026-08-11 06:53:51 HEARTBEAT PROCS:19 TOP_MEM:PID:9100/113.9MB TOP_CPU:PID:184/0% SYS_CPU:1%-WD:0% SYS_MEM:3.7/32GB(11.6%)-WD:0.9GB(2.8%) TRACKING:0 SPIKES:0 KILLS:0
2026-08-11 06:53:51   DIST CPU_IDLE(<1%):19 CPU_NORMAL(1-25%):0 CPU_HOT(>=25%):0
2026-08-11 06:58:56 HEARTBEAT PROCS:14 TOP_MEM:PID:9100/100.1MB TOP_CPU:PID:17404/0% SYS_CPU:1%-WD:0% SYS_MEM:3.5/32GB(10.9%)-WD:0.7GB(2.2%) TRACKING:0 SPIKES:0 KILLS:0
2026-08-11 06:58:56   DIST CPU_IDLE(<1%):14 CPU_NORMAL(1-25%):0 CPU_HOT(>=25%):0
2026-08-11 07:04:00 HEARTBEAT PROCS:36 TOP_MEM:PID:9100/113.9MB TOP_CPU:PID:6528/0% SYS_CPU:1%-WD:0% SYS_MEM:4/32GB(12.5%)-WD:1.6GB(5%) TRACKING:0 SPIKES:0 KILLS:0
2026-08-11 07:04:00   DIST CPU_IDLE(<1%):36 CPU_NORMAL(1-25%):0 CPU_HOT(>=25%):0
2026-08-11 07:09:04 HEARTBEAT PROCS:41 TOP_MEM:PID:9100/115.9MB TOP_CPU:PID:10376/0% SYS_CPU:2%-WD:0% SYS_MEM:4.2/32GB(13.1%)-WD:1.9GB(5.9%) TRACKING:0 SPIKES:0 KILLS:0
2026-08-11 07:09:04   DIST CPU_IDLE(<1%):41 CPU_NORMAL(1-25%):0 CPU_HOT(>=25%):0
2026-08-11 07:14:09 HEARTBEAT PROCS:43 TOP_MEM:PID:4428/103.6MB TOP_CPU:PID:2264/0% SYS_CPU:1%-WD:0% SYS_MEM:4.4/32GB(13.8%)-WD:2.1GB(6.6%) TRACKING:0 SPIKES:0 KILLS:0
2026-08-11 07:14:09   DIST CPU_IDLE(<1%):43 CPU_NORMAL(1-25%):0 CPU_HOT(>=25%):0
2026-08-11 07:19:13 HEARTBEAT PROCS:23 TOP_MEM:PID:9100/114.1MB TOP_CPU:PID:4048/0% SYS_CPU:0%-WD:0% SYS_MEM:3.9/32GB(12.2%)-WD:1.3GB(4.1%) TRACKING:0 SPIKES:0 KILLS:0
2026-08-11 07:19:13   DIST CPU_IDLE(<1%):23 CPU_NORMAL(1-25%):0 CPU_HOT(>=25%):0
2026-08-11 07:24:17 HEARTBEAT PROCS:16 TOP_MEM:PID:9100/114.1MB TOP_CPU:PID:6528/0% SYS_CPU:2%-WD:0% SYS_MEM:3.9/32GB(12.2%)-WD:1.1GB(3.4%) TRACKING:0 SPIKES:0 KILLS:0
2026-08-11 07:24:17   DIST CPU_IDLE(<1%):16 CPU_NORMAL(1-25%):0 CPU_HOT(>=25%):0
2026-08-11 07:29:21 HEARTBEAT PROCS:20 TOP_MEM:PID:9100/116MB TOP_CPU:PID:8128/0% SYS_CPU:0%-WD:0% SYS_MEM:4/32GB(12.5%)-WD:1.3GB(4.1%) TRACKING:0 SPIKES:0 KILLS:0
2026-08-11 07:29:21   DIST CPU_IDLE(<1%):20 CPU_NORMAL(1-25%):0 CPU_HOT(>=25%):0
2026-08-11 07:34:25 HEARTBEAT PROCS:41 TOP_MEM:PID:9100/114.2MB TOP_CPU:PID:7960/0% SYS_CPU:1%-WD:0% SYS_MEM:4.4/32GB(13.8%)-WD:2.1GB(6.6%) TRACKING:0 SPIKES:0 KILLS:0
2026-08-11 07:34:25   DIST CPU_IDLE(<1%):41 CPU_NORMAL(1-25%):0 CPU_HOT(>=25%):0
2026-08-11 07:39:30 HEARTBEAT PROCS:39 TOP_MEM:PID:9100/116.7MB TOP_CPU:PID:13024/0% SYS_CPU:1%-WD:0% SYS_MEM:4.5/32GB(14.1%)-WD:2.1GB(6.6%) TRACKING:0 SPIKES:0 KILLS:0
2026-08-11 07:39:30   DIST CPU_IDLE(<1%):39 CPU_NORMAL(1-25%):0 CPU_HOT(>=25%):0
2026-08-11 07:44:35 HEARTBEAT PROCS:49 TOP_MEM:PID:9100/116MB TOP_CPU:PID:9100/0% SYS_CPU:2%-WD:0% SYS_MEM:4.8/32GB(15%)-WD:2.6GB(8.1%) TRACKING:0 SPIKES:0 KILLS:0
2026-08-11 07:44:35   DIST CPU_IDLE(<1%):49 CPU_NORMAL(1-25%):0 CPU_HOT(>=25%):0
2026-08-11 07:49:39 HEARTBEAT PROCS:45 TOP_MEM:PID:9100/116.8MB TOP_CPU:PID:11152/0% SYS_CPU:2%-WD:0% SYS_MEM:4.6/32GB(14.4%)-WD:2.4GB(7.5%) TRACKING:0 SPIKES:1 KILLS:0
2026-08-11 07:49:39   DIST CPU_IDLE(<1%):45 CPU_NORMAL(1-25%):0 CPU_HOT(>=25%):0
2026-08-11 07:54:43 HEARTBEAT PROCS:38 TOP_MEM:PID:9100/118MB TOP_CPU:PID:10796/0% SYS_CPU:4%-WD:0% SYS_MEM:4.6/32GB(14.4%)-WD:2.3GB(7.2%) TRACKING:0 SPIKES:0 KILLS:0
2026-08-11 07:54:43   DIST CPU_IDLE(<1%):38 CPU_NORMAL(1-25%):0 CPU_HOT(>=25%):0
2026-08-11 07:59:49 HEARTBEAT PROCS:74 TOP_MEM:PID:9100/118MB TOP_CPU:PID:7560/0% SYS_CPU:34%-WD:0% SYS_MEM:6.1/32GB(19.1%)-WD:4GB(12.5%) TRACKING:0 SPIKES:0 KILLS:0
2026-08-11 07:59:49   DIST CPU_IDLE(<1%):74 CPU_NORMAL(1-25%):0 CPU_HOT(>=25%):0
2026-08-11 07:59:49   NON_WD_SPIKE SYS_CPU:34% WD_CPU:0% GAP:34%
2026-08-11 07:59:49   NON_WD PID:3580 NAME:MsMpEng CPU:2.1% MEM:175.1MB CMD:
2026-08-11 07:59:49   NON_WD PID:15100 NAME:httpd#1 CPU:0.6% MEM:40.9MB CMD:C:\Apache24\bin\httpd.exe -d C:/Apache24
2026-08-11 07:59:49   NON_WD PID:3016 NAME:svchost#31 CPU:0% MEM:1.8MB CMD:C:\Windows\system32\svchost.exe -k netsvcs -p -s IKEEXT
2026-08-11 07:59:49   NON_WD PID:2960 NAME:svchost#30 CPU:0% MEM:1.5MB CMD:C:\Windows\System32\svchost.exe -k netsvcs -p -s SessionEnv
2026-08-11 07:59:49   NON_WD PID:2892 NAME:svchost#29 CPU:0% MEM:1.1MB CMD:C:\Windows\system32\svchost.exe -k netsvcs -s CertPropSvc
2026-08-11 07:59:49   NON_WD PID:2576 NAME:svchost#26 CPU:0% MEM:1.3MB CMD:C:\Windows\System32\svchost.exe -k NetworkService -p -s LanmanWorkstation
2026-08-11 07:59:49   NON_WD PID:2608 NAME:svchost#27 CPU:0% MEM:1.2MB CMD:C:\Windows\System32\svchost.exe -k LocalSystemNetworkRestricted -p -s UmRdpService
2026-08-11 07:59:49   NON_WD PID:2848 NAME:svchost#28 CPU:0% MEM:1.6MB CMD:C:\Windows\system32\svchost.exe -k netsvcs -p -s UserManager
2026-08-11 07:59:49   NON_WD PID:3044 NAME:svchost#32 CPU:0% MEM:1.2MB CMD:C:\Windows\system32\svchost.exe -k NetworkServiceNetworkRestricted -p -s PolicyAgent
2026-08-11 07:59:49   NON_WD PID:3308 NAME:svchost#36 CPU:0% MEM:1.2MB CMD:C:\Windows\system32\svchost.exe -k LocalSystemNetworkRestricted -p -s SysMain
2026-08-11 08:04:49 HEARTBEAT PROCS:82 TOP_MEM:PID:9100/116.8MB TOP_CPU:PID:7560/0% SYS_CPU:2%-WD:0% SYS_MEM:6/32GB(18.8%)-WD:4.5GB(14.1%) TRACKING:0 SPIKES:0 KILLS:0
2026-08-11 08:04:49   DIST CPU_IDLE(<1%):82 CPU_NORMAL(1-25%):0 CPU_HOT(>=25%):0
2026-08-11 08:09:50 HEARTBEAT PROCS:85 TOP_MEM:PID:9100/114.5MB TOP_CPU:PID:15108/0.6% SYS_CPU:12%-WD:0.6% SYS_MEM:6.4/32GB(20%)-WD:5GB(15.6%) TRACKING:0 SPIKES:0 KILLS:0
2026-08-11 08:09:50   DIST CPU_IDLE(<1%):85 CPU_NORMAL(1-25%):0 CPU_HOT(>=25%):0
2026-08-11 08:14:51 HEARTBEAT PROCS:99 TOP_MEM:PID:5656/130.1MB TOP_CPU:PID:8732/0% SYS_CPU:5%-WD:0% SYS_MEM:7/32GB(21.9%)-WD:5.8GB(18.1%) TRACKING:0 SPIKES:2 KILLS:0
2026-08-11 08:14:51   DIST CPU_IDLE(<1%):99 CPU_NORMAL(1-25%):0 CPU_HOT(>=25%):0
2026-08-11 08:19:52 HEARTBEAT PROCS:111 TOP_MEM:PID:5656/130.2MB TOP_CPU:PID:9704/0.6% SYS_CPU:4%-WD:0.6% SYS_MEM:7.3/32GB(22.8%)-WD:6.4GB(20%) TRACKING:0 SPIKES:20 KILLS:0
2026-08-11 08:19:52   DIST CPU_IDLE(<1%):111 CPU_NORMAL(1-25%):0 CPU_HOT(>=25%):0
2026-08-11 08:24:52 HEARTBEAT PROCS:104 TOP_MEM:PID:5656/130.2MB TOP_CPU:PID:6976/0.6% SYS_CPU:2%-WD:0.6% SYS_MEM:7.3/32GB(22.8%)-WD:6.2GB(19.4%) TRACKING:0 SPIKES:0 KILLS:0
2026-08-11 08:24:52   DIST CPU_IDLE(<1%):104 CPU_NORMAL(1-25%):0 CPU_HOT(>=25%):0
2026-08-11 08:29:53 HEARTBEAT PROCS:104 TOP_MEM:PID:9100/116.4MB TOP_CPU:PID:11840/0.6% SYS_CPU:2%-WD:0.6% SYS_MEM:7.3/32GB(22.8%)-WD:6.2GB(19.4%) TRACKING:0 SPIKES:3 KILLS:0
2026-08-11 08:29:53   DIST CPU_IDLE(<1%):104 CPU_NORMAL(1-25%):0 CPU_HOT(>=25%):0
2026-08-11 08:34:56 HEARTBEAT PROCS:148 TOP_MEM:PID:6528/115.8MB TOP_CPU:PID:16068/0% SYS_CPU:0%-WD:0% SYS_MEM:8.4/32GB(26.2%)-WD:8.1GB(25.3%) TRACKING:0 SPIKES:5 KILLS:0
2026-08-11 08:34:56   DIST CPU_IDLE(<1%):148 CPU_NORMAL(1-25%):0 CPU_HOT(>=25%):0
2026-08-11 08:39:58 HEARTBEAT PROCS:119 TOP_MEM:PID:6528/115.8MB TOP_CPU:PID:16108/0% SYS_CPU:2%-WD:0% SYS_MEM:8.1/32GB(25.3%)-WD:7.4GB(23.1%) TRACKING:0 SPIKES:4 KILLS:0
2026-08-11 08:39:58   DIST CPU_IDLE(<1%):119 CPU_NORMAL(1-25%):0 CPU_HOT(>=25%):0
2026-08-11 08:45:00 HEARTBEAT PROCS:134 TOP_MEM:PID:9100/117.1MB TOP_CPU:PID:6100/0% SYS_CPU:2%-WD:0% SYS_MEM:8.6/32GB(26.9%)-WD:8.2GB(25.6%) TRACKING:0 SPIKES:0 KILLS:0
2026-08-11 08:45:00   DIST CPU_IDLE(<1%):134 CPU_NORMAL(1-25%):0 CPU_HOT(>=25%):0
2026-08-11 08:50:04 HEARTBEAT PROCS:159 TOP_MEM:PID:15504/144MB TOP_CPU:PID:17264/4.1% SYS_CPU:1%-WD:4.1% SYS_MEM:9.5/32GB(29.7%)-WD:9.5GB(29.7%) TRACKING:0 SPIKES:8 KILLS:0
2026-08-11 08:50:04   DIST CPU_IDLE(<1%):158 CPU_NORMAL(1-25%):1 CPU_HOT(>=25%):0
2026-08-11 08:55:07 HEARTBEAT PROCS:183 TOP_MEM:PID:15504/152.2MB TOP_CPU:PID:12040/3.4% SYS_CPU:10%-WD:8.2% SYS_MEM:10.2/32GB(31.9%)-WD:10.6GB(33.1%) TRACKING:0 SPIKES:21 KILLS:0
2026-08-11 08:55:07   DIST CPU_IDLE(<1%):180 CPU_NORMAL(1-25%):3 CPU_HOT(>=25%):0
2026-08-11 09:00:12 HEARTBEAT PROCS:212 TOP_MEM:PID:5804/164.2MB TOP_CPU:PID:7400/0% SYS_CPU:2%-WD:0% SYS_MEM:11.6/32GB(36.2%)-WD:12.5GB(39.1%) TRACKING:0 SPIKES:17 KILLS:0
2026-08-11 09:00:12   DIST CPU_IDLE(<1%):212 CPU_NORMAL(1-25%):0 CPU_HOT(>=25%):0
2026-08-11 09:05:17 HEARTBEAT PROCS:200 TOP_MEM:PID:5804/164.2MB TOP_CPU:PID:3372/297.4% SYS_CPU:1%-WD:2718.6% SYS_MEM:11.4/32GB(35.6%)-WD:12.4GB(38.8%) TRACKING:26 SPIKES:57 KILLS:0
2026-08-11 09:05:17   DIST CPU_IDLE(<1%):127 CPU_NORMAL(1-25%):47 CPU_HOT(>=25%):26
2026-08-11 09:10:18 HEARTBEAT PROCS:227 TOP_MEM:PID:5804/164.2MB TOP_CPU:PID:11348/0% SYS_CPU:2%-WD:0% SYS_MEM:12.5/32GB(39.1%)-WD:13.8GB(43.1%) TRACKING:0 SPIKES:43 KILLS:0
2026-08-11 09:10:18   DIST CPU_IDLE(<1%):227 CPU_NORMAL(1-25%):0 CPU_HOT(>=25%):0
2026-08-11 09:15:23 HEARTBEAT PROCS:211 TOP_MEM:PID:6528/122.1MB TOP_CPU:PID:15364/1.4% SYS_CPU:2%-WD:1.4% SYS_MEM:12.6/32GB(39.4%)-WD:13.7GB(42.8%) TRACKING:0 SPIKES:50 KILLS:0
2026-08-11 09:15:23   DIST CPU_IDLE(<1%):210 CPU_NORMAL(1-25%):1 CPU_HOT(>=25%):0
2026-08-11 09:20:24 HEARTBEAT PROCS:226 TOP_MEM:PID:6848/145.5MB TOP_CPU:PID:4916/1.9% SYS_CPU:2%-WD:3.8% SYS_MEM:13.3/32GB(41.6%)-WD:14.8GB(46.2%) TRACKING:0 SPIKES:0 KILLS:0
2026-08-11 09:20:24   DIST CPU_IDLE(<1%):224 CPU_NORMAL(1-25%):2 CPU_HOT(>=25%):0
2026-08-11 09:25:25 HEARTBEAT PROCS:249 TOP_MEM:PID:11996/155.4MB TOP_CPU:PID:9612/0% SYS_CPU:7%-WD:0% SYS_MEM:14.2/32GB(44.4%)-WD:16.1GB(50.3%) TRACKING:0 SPIKES:15 KILLS:0
2026-08-11 09:25:25   DIST CPU_IDLE(<1%):249 CPU_NORMAL(1-25%):0 CPU_HOT(>=25%):0
2026-08-11 09:30:26 HEARTBEAT PROCS:244 TOP_MEM:PID:6848/152.7MB TOP_CPU:PID:14308/1.9% SYS_CPU:68%-WD:3.1% SYS_MEM:15/32GB(46.9%)-WD:16.4GB(51.2%) TRACKING:0 SPIKES:47 KILLS:0
2026-08-11 09:30:26   DIST CPU_IDLE(<1%):242 CPU_NORMAL(1-25%):2 CPU_HOT(>=25%):0
2026-08-11 09:30:26   NON_WD_SPIKE SYS_CPU:68% WD_CPU:3.1% GAP:64.9%
2026-08-11 09:30:27   NON_WD PID:3580 NAME:MsMpEng CPU:15.6% MEM:208.2MB CMD:
2026-08-11 09:30:27   NON_WD PID:3120 NAME:chrome CPU:6.1% MEM:31MB CMD:
2026-08-11 09:30:27   NON_WD PID:8076 NAME:TaskLauncher CPU:5.4% MEM:72.3MB CMD:"C:\Program Files (x86)\2PDF\TaskLauncher.exe" 6095828 0
2026-08-11 09:30:27   NON_WD PID:15040 NAME:wd280session#244 CPU:2.6% MEM:9.6MB CMD:C:\WEBDEV 28\wd280session.exe /IDM=163 /QWM=107 /APP="ExampleApp" /WEBSERVICE_REST
2026-08-11 09:30:27   NON_WD PID:5228 NAME:WmiPrvSE CPU:1.2% MEM:31.8MB CMD:C:\Windows\system32\wbem\wmiprvse.exe
2026-08-11 09:30:27   NON_WD PID:2672 NAME:svchost#44 CPU:0% MEM:2MB CMD:C:\Windows\system32\svchost.exe -k LocalService -p -s CDPSvc
2026-08-11 09:30:27   NON_WD PID:3272 NAME:svchost#35 CPU:0% MEM:2.1MB CMD:C:\Windows\System32\svchost.exe -k NetSvcs -p -s iphlpsvc
2026-08-11 09:30:27   NON_WD PID:3044 NAME:svchost#32 CPU:0% MEM:1.2MB CMD:C:\Windows\system32\svchost.exe -k NetworkServiceNetworkRestricted -p -s PolicyAgent
2026-08-11 09:30:27   NON_WD PID:3016 NAME:svchost#31 CPU:0% MEM:1.8MB CMD:C:\Windows\system32\svchost.exe -k netsvcs -p -s IKEEXT
2026-08-11 09:30:27   NON_WD PID:3224 NAME:svchost#33 CPU:0% MEM:10.4MB CMD:C:\Windows\system32\svchost.exe -k netsvcs -p -s Winmgmt
2026-08-11 09:35:29 HEARTBEAT PROCS:231 TOP_MEM:PID:11996/158.4MB TOP_CPU:PID:9952/4.5% SYS_CPU:7%-WD:6.3% SYS_MEM:14.5/32GB(45.3%)-WD:16.1GB(50.3%) TRACKING:0 SPIKES:8 KILLS:0
2026-08-11 09:35:29   DIST CPU_IDLE(<1%):230 CPU_NORMAL(1-25%):1 CPU_HOT(>=25%):0
2026-08-11 09:40:29 HEARTBEAT PROCS:222 TOP_MEM:PID:11996/158.5MB TOP_CPU:PID:7472/1.2% SYS_CPU:2%-WD:1.2% SYS_MEM:14.3/32GB(44.7%)-WD:15.8GB(49.4%) TRACKING:0 SPIKES:6 KILLS:0
2026-08-11 09:40:29   DIST CPU_IDLE(<1%):221 CPU_NORMAL(1-25%):1 CPU_HOT(>=25%):0
2026-08-11 09:45:30 HEARTBEAT PROCS:237 TOP_MEM:PID:11996/158.5MB TOP_CPU:PID:15256/1.9% SYS_CPU:1%-WD:6.3% SYS_MEM:15/32GB(46.9%)-WD:16.8GB(52.5%) TRACKING:0 SPIKES:8 KILLS:0
2026-08-11 09:45:30   DIST CPU_IDLE(<1%):234 CPU_NORMAL(1-25%):3 CPU_HOT(>=25%):0
2026-08-11 09:50:32 HEARTBEAT PROCS:237 TOP_MEM:PID:7316/163.5MB TOP_CPU:PID:14392/0% SYS_CPU:10%-WD:0% SYS_MEM:15.4/32GB(48.1%)-WD:17.2GB(53.8%) TRACKING:0 SPIKES:14 KILLS:0
2026-08-11 09:50:32   DIST CPU_IDLE(<1%):237 CPU_NORMAL(1-25%):0 CPU_HOT(>=25%):0
2026-08-11 09:55:34 HEARTBEAT PROCS:244 TOP_MEM:PID:7316/163.5MB TOP_CPU:PID:15636/0% SYS_CPU:2%-WD:0% SYS_MEM:16/32GB(50%)-WD:17.8GB(55.6%) TRACKING:0 SPIKES:56 KILLS:0
2026-08-11 09:55:34   DIST CPU_IDLE(<1%):244 CPU_NORMAL(1-25%):0 CPU_HOT(>=25%):0
2026-08-11 10:00:35 HEARTBEAT PROCS:245 TOP_MEM:PID:7316/163.5MB TOP_CPU:PID:6748/1.9% SYS_CPU:7%-WD:2.5% SYS_MEM:16.2/32GB(50.6%)-WD:18.1GB(56.6%) TRACKING:0 SPIKES:22 KILLS:0
2026-08-11 10:00:35   DIST CPU_IDLE(<1%):244 CPU_NORMAL(1-25%):1 CPU_HOT(>=25%):0
2026-08-11 10:05:36 HEARTBEAT PROCS:252 TOP_MEM:PID:11996/162.9MB TOP_CPU:PID:16076/0% SYS_CPU:1%-WD:0% SYS_MEM:16.4/32GB(51.2%)-WD:18.5GB(57.8%) TRACKING:0 SPIKES:3 KILLS:0
2026-08-11 10:05:36   DIST CPU_IDLE(<1%):252 CPU_NORMAL(1-25%):0 CPU_HOT(>=25%):0
2026-08-11 10:10:39 HEARTBEAT PROCS:276 TOP_MEM:PID:2636/160.6MB TOP_CPU:PID:16972/2.4% SYS_CPU:4%-WD:7.2% SYS_MEM:16.8/32GB(52.5%)-WD:19.3GB(60.3%) TRACKING:0 SPIKES:22 KILLS:0
2026-08-11 10:10:39   DIST CPU_IDLE(<1%):273 CPU_NORMAL(1-25%):3 CPU_HOT(>=25%):0
2026-08-11 10:15:41 HEARTBEAT PROCS:268 TOP_MEM:PID:2636/160.1MB TOP_CPU:PID:16076/0% SYS_CPU:4%-WD:0% SYS_MEM:16.8/32GB(52.5%)-WD:19.2GB(60%) TRACKING:0 SPIKES:22 KILLS:0
2026-08-11 10:15:41   DIST CPU_IDLE(<1%):268 CPU_NORMAL(1-25%):0 CPU_HOT(>=25%):0
2026-08-11 10:20:44 HEARTBEAT PROCS:279 TOP_MEM:PID:2636/162MB TOP_CPU:PID:15364/0.6% SYS_CPU:48%-WD:0.6% SYS_MEM:17.4/32GB(54.4%)-WD:19.7GB(61.6%) TRACKING:0 SPIKES:5 KILLS:0
2026-08-11 10:20:44   DIST CPU_IDLE(<1%):279 CPU_NORMAL(1-25%):0 CPU_HOT(>=25%):0
2026-08-11 10:20:44   NON_WD_SPIKE SYS_CPU:48% WD_CPU:0.6% GAP:47.4%
2026-08-11 10:20:45   NON_WD PID:16880 NAME:chrome#9 CPU:2.6% MEM:17.7MB CMD:"C:\Program Files\Google\Chrome\Application\chrome.exe" --type=renderer --noerrdialogs --user-data-dir="C:\Windows\TEMP\...
2026-08-11 10:20:45   NON_WD PID:5228 NAME:WmiPrvSE CPU:1.2% MEM:32.9MB CMD:C:\Windows\system32\wbem\wmiprvse.exe
2026-08-11 10:20:45   NON_WD PID:10600 NAME:chrome#2 CPU:1.2% MEM:9.6MB CMD:"C:\Program Files\Google\Chrome\Application\chrome.exe" --type=gpu-process --headless --noerrdialogs --user-data-dir="C:...
2026-08-11 10:20:45   NON_WD PID:4 NAME:System CPU:0.6% MEM:0MB CMD:
2026-08-11 10:20:45   NON_WD PID:3580 NAME:MsMpEng CPU:0.6% MEM:189.4MB CMD:
2026-08-11 10:20:45   NON_WD PID:12556 NAME:chrome#11 CPU:0.6% MEM:55.8MB CMD:"C:\Program Files\Google\Chrome\Application\chrome.exe" --type=renderer --top-chrome-webui --noerrdialogs --user-data-di...
2026-08-11 10:20:45   NON_WD PID:15100 NAME:httpd#1 CPU:0.6% MEM:48MB CMD:C:\Apache24\bin\httpd.exe -d C:/Apache24
2026-08-11 10:20:45   NON_WD PID:1828 NAME:svchost#9 CPU:0% MEM:2.9MB CMD:C:\Windows\system32\svchost.exe -k LocalService -p -s nsi
2026-08-11 10:20:45   NON_WD PID:2960 NAME:svchost#30 CPU:0% MEM:1.5MB CMD:C:\Windows\System32\svchost.exe -k netsvcs -p -s SessionEnv
2026-08-11 10:20:45   NON_WD PID:3044 NAME:svchost#32 CPU:0% MEM:1.2MB CMD:C:\Windows\system32\svchost.exe -k NetworkServiceNetworkRestricted -p -s PolicyAgent
2026-08-11 10:25:48 HEARTBEAT PROCS:285 TOP_MEM:PID:2636/154.9MB TOP_CPU:PID:15464/1.8% SYS_CPU:2%-WD:2.9% SYS_MEM:17.2/32GB(53.8%)-WD:20GB(62.5%) TRACKING:0 SPIKES:48 KILLS:0
2026-08-11 10:25:48   DIST CPU_IDLE(<1%):283 CPU_NORMAL(1-25%):2 CPU_HOT(>=25%):0
2026-08-11 10:30:51 HEARTBEAT PROCS:260 TOP_MEM:PID:2636/154.9MB TOP_CPU:PID:15652/0% SYS_CPU:4%-WD:0% SYS_MEM:16.8/32GB(52.5%)-WD:19GB(59.4%) TRACKING:0 SPIKES:19 KILLS:0
2026-08-11 10:30:51   DIST CPU_IDLE(<1%):260 CPU_NORMAL(1-25%):0 CPU_HOT(>=25%):0
2026-08-11 10:35:53 HEARTBEAT PROCS:238 TOP_MEM:PID:2636/157.5MB TOP_CPU:PID:14828/1.9% SYS_CPU:1%-WD:3.7% SYS_MEM:16.5/32GB(51.6%)-WD:18.3GB(57.2%) TRACKING:0 SPIKES:22 KILLS:0
2026-08-11 10:35:53   DIST CPU_IDLE(<1%):236 CPU_NORMAL(1-25%):2 CPU_HOT(>=25%):0
2026-08-11 10:40:55 HEARTBEAT PROCS:253 TOP_MEM:PID:2636/159MB TOP_CPU:PID:6844/1.2% SYS_CPU:47%-WD:1.2% SYS_MEM:17.2/32GB(53.8%)-WD:18.9GB(59.1%) TRACKING:0 SPIKES:2 KILLS:0
2026-08-11 10:40:55   DIST CPU_IDLE(<1%):252 CPU_NORMAL(1-25%):1 CPU_HOT(>=25%):0
2026-08-11 10:40:55   NON_WD_SPIKE SYS_CPU:47% WD_CPU:1.2% GAP:45.8%
2026-08-11 10:40:56   NON_WD PID:8032 NAME:wd280admin#1 CPU:2.8% MEM:25MB CMD:"C:\WEBDEV 28\wd280admin.exe" /INTERFONLY
2026-08-11 10:40:56   NON_WD PID:15100 NAME:httpd#1 CPU:2% MEM:48.6MB CMD:C:\Apache24\bin\httpd.exe -d C:/Apache24
2026-08-11 10:40:56   NON_WD PID:6292 NAME:chrome#9 CPU:2% MEM:13.6MB CMD:
2026-08-11 10:40:56   NON_WD PID:5228 NAME:WmiPrvSE CPU:1.4% MEM:33.4MB CMD:C:\Windows\system32\wbem\wmiprvse.exe
2026-08-11 10:40:56   NON_WD PID:1952 NAME:wd280awp#5 CPU:0.6% MEM:0.4MB CMD:
2026-08-11 10:40:56   NON_WD PID:15052 NAME:chrome#11 CPU:0.6% MEM:51.7MB CMD:
2026-08-11 10:40:56   NON_WD PID:3436 NAME:wd280admin CPU:0.6% MEM:23.5MB CMD:"C:\WEBDEV 28\WD280Admin.exe" /SERVICE
2026-08-11 10:40:56   NON_WD PID:3580 NAME:MsMpEng CPU:0.6% MEM:192.7MB CMD:
2026-08-11 10:40:56   NON_WD PID:14420 NAME:chrome CPU:0.6% MEM:37MB CMD:"C:\Program Files\Google\Chrome\Application\chrome" --headless --disable-gpu --no-pdf-header-footer --print-to-pdf="C:\Temp\...
2026-08-11 10:40:56   NON_WD PID:4 NAME:System CPU:0.6% MEM:0MB CMD:
2026-08-11 10:45:57 HEARTBEAT PROCS:257 TOP_MEM:PID:2636/159.7MB TOP_CPU:PID:8812/3.9% SYS_CPU:0%-WD:5.1% SYS_MEM:16.9/32GB(52.8%)-WD:19.2GB(60%) TRACKING:0 SPIKES:5 KILLS:0
2026-08-11 10:45:57   DIST CPU_IDLE(<1%):255 CPU_NORMAL(1-25%):2 CPU_HOT(>=25%):0
2026-08-11 10:50:59 HEARTBEAT PROCS:272 TOP_MEM:PID:16088/165.3MB TOP_CPU:PID:11224/2.6% SYS_CPU:2%-WD:3.2% SYS_MEM:17.3/32GB(54.1%)-WD:19.8GB(61.9%) TRACKING:0 SPIKES:20 KILLS:0
2026-08-11 10:50:59   DIST CPU_IDLE(<1%):271 CPU_NORMAL(1-25%):1 CPU_HOT(>=25%):0
2026-08-11 10:56:03 HEARTBEAT PROCS:284 TOP_MEM:PID:2636/160.6MB TOP_CPU:PID:11996/0.6% SYS_CPU:2%-WD:0.6% SYS_MEM:17.6/32GB(55%)-WD:20.4GB(63.7%) TRACKING:0 SPIKES:4 KILLS:0
2026-08-11 10:56:03   DIST CPU_IDLE(<1%):284 CPU_NORMAL(1-25%):0 CPU_HOT(>=25%):0
2026-08-11 11:01:07 HEARTBEAT PROCS:294 TOP_MEM:PID:10708/165.6MB TOP_CPU:PID:3036/1.8% SYS_CPU:34%-WD:2.3% SYS_MEM:18.1/32GB(56.6%)-WD:21.1GB(65.9%) TRACKING:0 SPIKES:6 KILLS:0
2026-08-11 11:01:07   DIST CPU_IDLE(<1%):293 CPU_NORMAL(1-25%):1 CPU_HOT(>=25%):0
2026-08-11 11:01:07   NON_WD_SPIKE SYS_CPU:34% WD_CPU:2.3% GAP:31.7%
2026-08-11 11:01:07   NON_WD PID:5228 NAME:WmiPrvSE CPU:1.2% MEM:35.9MB CMD:C:\Windows\system32\wbem\wmiprvse.exe
2026-08-11 11:01:07   NON_WD PID:3436 NAME:wd280admin CPU:0.6% MEM:23.6MB CMD:"C:\WEBDEV 28\WD280Admin.exe" /SERVICE
2026-08-11 11:01:07   NON_WD PID:9912 NAME:wd280awp#1 CPU:0.6% MEM:0.4MB CMD:"C:\WEBDEV 28\AWP\wd280awp.exe"
2026-08-11 11:01:07   NON_WD PID:15100 NAME:httpd#1 CPU:0.6% MEM:48.7MB CMD:C:\Apache24\bin\httpd.exe -d C:/Apache24
2026-08-11 11:01:07   NON_WD PID:2960 NAME:svchost#30 CPU:0% MEM:1.5MB CMD:C:\Windows\System32\svchost.exe -k netsvcs -p -s SessionEnv
2026-08-11 11:01:07   NON_WD PID:2892 NAME:svchost#29 CPU:0% MEM:1.1MB CMD:C:\Windows\system32\svchost.exe -k netsvcs -s CertPropSvc
2026-08-11 11:01:07   NON_WD PID:3016 NAME:svchost#31 CPU:0% MEM:1.8MB CMD:C:\Windows\system32\svchost.exe -k netsvcs -p -s IKEEXT
2026-08-11 11:01:07   NON_WD PID:3044 NAME:svchost#32 CPU:0% MEM:1.2MB CMD:C:\Windows\system32\svchost.exe -k NetworkServiceNetworkRestricted -p -s PolicyAgent
2026-08-11 11:01:07   NON_WD PID:3224 NAME:svchost#33 CPU:0% MEM:10.6MB CMD:C:\Windows\system32\svchost.exe -k netsvcs -p -s Winmgmt
2026-08-11 11:01:07   NON_WD PID:3360 NAME:svchost#39 CPU:0% MEM:1.3MB CMD:C:\Windows\system32\svchost.exe -k LocalService -s W32Time
2026-08-11 11:06:10 HEARTBEAT PROCS:279 TOP_MEM:PID:11996/147.4MB TOP_CPU:PID:288/0% SYS_CPU:7%-WD:0% SYS_MEM:17.7/32GB(55.3%)-WD:20.4GB(63.7%) TRACKING:0 SPIKES:17 KILLS:0
2026-08-11 11:06:10   DIST CPU_IDLE(<1%):279 CPU_NORMAL(1-25%):0 CPU_HOT(>=25%):0
2026-08-11 11:11:13 HEARTBEAT PROCS:287 TOP_MEM:PID:11996/177.3MB TOP_CPU:PID:6748/4.2% SYS_CPU:5%-WD:5.2% SYS_MEM:17.9/32GB(55.9%)-WD:20.8GB(65%) TRACKING:0 SPIKES:11 KILLS:0
2026-08-11 11:11:13   DIST CPU_IDLE(<1%):286 CPU_NORMAL(1-25%):1 CPU_HOT(>=25%):0
2026-08-11 11:16:16 HEARTBEAT PROCS:272 TOP_MEM:PID:11996/187.4MB TOP_CPU:PID:16988/5.1% SYS_CPU:8%-WD:10.1% SYS_MEM:17.9/32GB(55.9%)-WD:20.4GB(63.7%) TRACKING:0 SPIKES:48 KILLS:0
2026-08-11 11:16:16   DIST CPU_IDLE(<1%):269 CPU_NORMAL(1-25%):3 CPU_HOT(>=25%):0
2026-08-11 11:21:19 HEARTBEAT PROCS:283 TOP_MEM:PID:5732/1234.7MB TOP_CPU:PID:5732/12.4% SYS_CPU:19%-WD:12.9% SYS_MEM:19.1/32GB(59.7%)-WD:21.9GB(68.4%) TRACKING:0 SPIKES:27 KILLS:0
2026-08-11 11:21:19   DIST CPU_IDLE(<1%):282 CPU_NORMAL(1-25%):1 CPU_HOT(>=25%):0
2026-08-11 11:26:22 HEARTBEAT PROCS:284 TOP_MEM:PID:16088/169.4MB TOP_CPU:PID:12844/1.2% SYS_CPU:17%-WD:3.0% SYS_MEM:18.2/32GB(56.9%)-WD:21GB(65.6%) TRACKING:0 SPIKES:67 KILLS:0
2026-08-11 11:26:22   DIST CPU_IDLE(<1%):283 CPU_NORMAL(1-25%):1 CPU_HOT(>=25%):0
2026-08-11 11:31:26 HEARTBEAT PROCS:304 TOP_MEM:PID:16088/167.7MB TOP_CPU:PID:12476/1.2% SYS_CPU:30%-WD:1.2% SYS_MEM:19/32GB(59.4%)-WD:22GB(68.8%) TRACKING:0 SPIKES:7 KILLS:0
2026-08-11 11:31:26   DIST CPU_IDLE(<1%):303 CPU_NORMAL(1-25%):1 CPU_HOT(>=25%):0
2026-08-11 11:31:26   NON_WD_SPIKE SYS_CPU:30% WD_CPU:1.2% GAP:28.8%
2026-08-11 11:31:26   NON_WD PID:16432 NAME:wd280session#308 CPU:4.9% MEM:10.1MB CMD:
2026-08-11 11:31:26   NON_WD PID:3580 NAME:MsMpEng CPU:3.6% MEM:196.8MB CMD:
2026-08-11 11:31:26   NON_WD PID:5228 NAME:WmiPrvSE CPU:1.8% MEM:10.1MB CMD:C:\Windows\system32\wbem\wmiprvse.exe
2026-08-11 11:31:26   NON_WD PID:824 NAME:csrss CPU:0.5% MEM:1.6MB CMD:
2026-08-11 11:31:26   NON_WD PID:1112 NAME:svchost CPU:0.5% MEM:6.1MB CMD:C:\Windows\system32\svchost.exe -k DcomLaunch -p
2026-08-11 11:31:26   NON_WD PID:4 NAME:System CPU:0.5% MEM:0MB CMD:
2026-08-11 11:31:26   NON_WD PID:11836 NAME:wd280awp#5 CPU:0.5% MEM:0.4MB CMD:
2026-08-11 11:31:26   NON_WD PID:2252 NAME:svchost#22 CPU:0.5% MEM:2.7MB CMD:C:\Windows\System32\svchost.exe -k LocalService -p -s netprofm
2026-08-11 11:31:26   NON_WD PID:1880 NAME:svchost#10 CPU:0.5% MEM:1.9MB CMD:C:\Windows\system32\svchost.exe -k LocalServiceNetworkRestricted -p -s Dhcp
2026-08-11 11:31:26   NON_WD PID:1652 NAME:svchost#46 CPU:0% MEM:4.3MB CMD:C:\Windows\system32\svchost.exe -k LocalSystemNetworkRestricted -p -s UALSVC
2026-08-11 11:36:27 HEARTBEAT PROCS:370 TOP_MEM:PID:16088/167.8MB TOP_CPU:PID:11996/3.8% SYS_CPU:1%-WD:6.3% SYS_MEM:20.1/32GB(62.8%)-WD:24.4GB(76.2%) TRACKING:0 SPIKES:16 KILLS:0
2026-08-11 11:36:27   DIST CPU_IDLE(<1%):368 CPU_NORMAL(1-25%):2 CPU_HOT(>=25%):0
2026-08-11 11:41:31 HEARTBEAT PROCS:252 TOP_MEM:PID:6848/154.1MB TOP_CPU:PID:11996/3.9% SYS_CPU:16%-WD:4.5% SYS_MEM:17.8/32GB(55.6%)-WD:20GB(62.5%) TRACKING:0 SPIKES:13 KILLS:0
2026-08-11 11:41:31   DIST CPU_IDLE(<1%):251 CPU_NORMAL(1-25%):1 CPU_HOT(>=25%):0
2026-08-11 11:46:34 HEARTBEAT PROCS:260 TOP_MEM:PID:9780/157.3MB TOP_CPU:PID:17196/1.2% SYS_CPU:0%-WD:1.2% SYS_MEM:17.6/32GB(55%)-WD:20GB(62.5%) TRACKING:0 SPIKES:10 KILLS:0
2026-08-11 11:46:34   DIST CPU_IDLE(<1%):259 CPU_NORMAL(1-25%):1 CPU_HOT(>=25%):0
2026-08-11 11:51:34 HEARTBEAT PROCS:247 TOP_MEM:PID:9780/156.4MB TOP_CPU:PID:13160/1.9% SYS_CPU:1%-WD:3.1% SYS_MEM:17.5/32GB(54.7%)-WD:19.5GB(60.9%) TRACKING:0 SPIKES:43 KILLS:0
2026-08-11 11:51:34   DIST CPU_IDLE(<1%):246 CPU_NORMAL(1-25%):1 CPU_HOT(>=25%):0
2026-08-11 11:56:36 HEARTBEAT PROCS:287 TOP_MEM:PID:9780/156.4MB TOP_CPU:PID:16088/0% SYS_CPU:4%-WD:0% SYS_MEM:18.3/32GB(57.2%)-WD:21.2GB(66.2%) TRACKING:0 SPIKES:6 KILLS:0
2026-08-11 11:56:36   DIST CPU_IDLE(<1%):287 CPU_NORMAL(1-25%):0 CPU_HOT(>=25%):0
2026-08-11 12:01:40 HEARTBEAT PROCS:292 TOP_MEM:PID:9780/156.4MB TOP_CPU:PID:11348/2.5% SYS_CPU:7%-WD:2.5% SYS_MEM:18.4/32GB(57.5%)-WD:21.7GB(67.8%) TRACKING:0 SPIKES:57 KILLS:0
2026-08-11 12:01:40   DIST CPU_IDLE(<1%):291 CPU_NORMAL(1-25%):1 CPU_HOT(>=25%):0
2026-08-11 12:06:45 HEARTBEAT PROCS:302 TOP_MEM:PID:9780/157MB TOP_CPU:PID:18172/3.8% SYS_CPU:8%-WD:15.0% SYS_MEM:18.6/32GB(58.1%)-WD:21.9GB(68.4%) TRACKING:0 SPIKES:45 KILLS:0
2026-08-11 12:06:45   DIST CPU_IDLE(<1%):296 CPU_NORMAL(1-25%):6 CPU_HOT(>=25%):0
2026-08-11 12:11:47 HEARTBEAT PROCS:283 TOP_MEM:PID:9780/158MB TOP_CPU:PID:13876/5.2% SYS_CPU:4%-WD:18.8% SYS_MEM:18.1/32GB(56.6%)-WD:21.2GB(66.2%) TRACKING:0 SPIKES:58 KILLS:0
2026-08-11 12:11:47   DIST CPU_IDLE(<1%):281 CPU_NORMAL(1-25%):2 CPU_HOT(>=25%):0
2026-08-11 12:16:52 HEARTBEAT PROCS:320 TOP_MEM:PID:13652/163.3MB TOP_CPU:PID:14308/3.6% SYS_CPU:7%-WD:3.6% SYS_MEM:19.4/32GB(60.6%)-WD:22.9GB(71.6%) TRACKING:0 SPIKES:29 KILLS:0
2026-08-11 12:16:52   DIST CPU_IDLE(<1%):319 CPU_NORMAL(1-25%):1 CPU_HOT(>=25%):0
2026-08-11 12:21:56 HEARTBEAT PROCS:299 TOP_MEM:PID:9780/161MB TOP_CPU:PID:8660/3.2% SYS_CPU:5%-WD:3.8% SYS_MEM:19.1/32GB(59.7%)-WD:22.3GB(69.7%) TRACKING:0 SPIKES:42 KILLS:0
2026-08-11 12:21:56   DIST CPU_IDLE(<1%):298 CPU_NORMAL(1-25%):1 CPU_HOT(>=25%):0
2026-08-11 12:27:01 HEARTBEAT PROCS:307 TOP_MEM:PID:11996/180.4MB TOP_CPU:PID:11772/0% SYS_CPU:4%-WD:0% SYS_MEM:19.5/32GB(60.9%)-WD:22.7GB(70.9%) TRACKING:0 SPIKES:37 KILLS:0
2026-08-11 12:27:01   DIST CPU_IDLE(<1%):307 CPU_NORMAL(1-25%):0 CPU_HOT(>=25%):0
2026-08-11 12:32:04 HEARTBEAT PROCS:259 TOP_MEM:PID:9780/156.1MB TOP_CPU:PID:16076/0.6% SYS_CPU:41%-WD:0.6% SYS_MEM:18.4/32GB(57.5%)-WD:20.5GB(64.1%) TRACKING:0 SPIKES:45 KILLS:0
2026-08-11 12:32:04   DIST CPU_IDLE(<1%):259 CPU_NORMAL(1-25%):0 CPU_HOT(>=25%):0
2026-08-11 12:32:04   NON_WD_SPIKE SYS_CPU:41% WD_CPU:0.6% GAP:40.4%
2026-08-11 12:32:05   NON_WD PID:3600 NAME:chrome#13 CPU:13% MEM:7.8MB CMD:
2026-08-11 12:32:05   NON_WD PID:4 NAME:System CPU:3.4% MEM:0MB CMD:
2026-08-11 12:32:05   NON_WD PID:8364 NAME:chrome#2 CPU:2% MEM:9.6MB CMD:
2026-08-11 12:32:05   NON_WD PID:15100 NAME:httpd#1 CPU:2% MEM:53.6MB CMD:C:\Apache24\bin\httpd.exe -d C:/Apache24
2026-08-11 12:32:05   NON_WD PID:5228 NAME:WmiPrvSE CPU:1.2% MEM:34.7MB CMD:C:\Windows\system32\wbem\wmiprvse.exe
2026-08-11 12:32:05   NON_WD PID:3580 NAME:MsMpEng CPU:0.6% MEM:197.5MB CMD:
2026-08-11 12:32:05   NON_WD PID:15044 NAME:chrome CPU:0.6% MEM:36.8MB CMD:"C:\Program Files\Google\Chrome\Application\chrome" --headless --disable-gpu --no-pdf-header-footer --print-to-pdf="C:\Temp\...
2026-08-11 12:32:05   NON_WD PID:2428 NAME:chrome#11 CPU:0.6% MEM:54.8MB CMD:
2026-08-11 12:32:05   NON_WD PID:1828 NAME:svchost#9 CPU:0% MEM:2.9MB CMD:C:\Windows\system32\svchost.exe -k LocalService -p -s nsi
2026-08-11 12:32:05   NON_WD PID:3016 NAME:svchost#31 CPU:0% MEM:1.8MB CMD:C:\Windows\system32\svchost.exe -k netsvcs -p -s IKEEXT
2026-08-11 12:37:08 HEARTBEAT PROCS:286 TOP_MEM:PID:10708/154.9MB TOP_CPU:PID:6312/4.2% SYS_CPU:16%-WD:4.2% SYS_MEM:18.5/32GB(57.8%)-WD:21.4GB(66.9%) TRACKING:0 SPIKES:51 KILLS:0
2026-08-11 12:37:08   DIST CPU_IDLE(<1%):285 CPU_NORMAL(1-25%):1 CPU_HOT(>=25%):0
2026-08-11 12:42:10 HEARTBEAT PROCS:278 TOP_MEM:PID:1696/153.9MB TOP_CPU:PID:10708/2.6% SYS_CPU:2%-WD:2.6% SYS_MEM:17.8/32GB(55.6%)-WD:20.7GB(64.7%) TRACKING:0 SPIKES:32 KILLS:0
2026-08-11 12:42:10   DIST CPU_IDLE(<1%):277 CPU_NORMAL(1-25%):1 CPU_HOT(>=25%):0
2026-08-11 12:47:13 HEARTBEAT PROCS:264 TOP_MEM:PID:11996/155.1MB TOP_CPU:PID:12176/1.9% SYS_CPU:2%-WD:3.1% SYS_MEM:17.6/32GB(55%)-WD:20.3GB(63.4%) TRACKING:0 SPIKES:7 KILLS:0
2026-08-11 12:47:13   DIST CPU_IDLE(<1%):262 CPU_NORMAL(1-25%):2 CPU_HOT(>=25%):0
2026-08-11 12:52:16 HEARTBEAT PROCS:252 TOP_MEM:PID:11996/156.9MB TOP_CPU:PID:5304/0% SYS_CPU:2%-WD:0% SYS_MEM:17.6/32GB(55%)-WD:20GB(62.5%) TRACKING:0 SPIKES:0 KILLS:0
2026-08-11 12:52:16   DIST CPU_IDLE(<1%):252 CPU_NORMAL(1-25%):0 CPU_HOT(>=25%):0
2026-08-11 12:57:18 HEARTBEAT PROCS:305 TOP_MEM:PID:11996/155.7MB TOP_CPU:PID:15256/1.2% SYS_CPU:8%-WD:2.4% SYS_MEM:18.4/32GB(57.5%)-WD:21.8GB(68.1%) TRACKING:0 SPIKES:9 KILLS:0
2026-08-11 12:57:18   DIST CPU_IDLE(<1%):304 CPU_NORMAL(1-25%):1 CPU_HOT(>=25%):0
2026-08-11 13:02:21 HEARTBEAT PROCS:291 TOP_MEM:PID:10708/162.3MB TOP_CPU:PID:11768/0% SYS_CPU:5%-WD:0% SYS_MEM:17.8/32GB(55.6%)-WD:20.9GB(65.3%) TRACKING:0 SPIKES:32 KILLS:0
2026-08-11 13:02:21   DIST CPU_IDLE(<1%):291 CPU_NORMAL(1-25%):0 CPU_HOT(>=25%):0
2026-08-11 13:07:23 HEARTBEAT PROCS:252 TOP_MEM:PID:10708/163.6MB TOP_CPU:PID:7560/3.2% SYS_CPU:2%-WD:3.2% SYS_MEM:16.9/32GB(52.8%)-WD:19.3GB(60.3%) TRACKING:0 SPIKES:5 KILLS:0
2026-08-11 13:07:23   DIST CPU_IDLE(<1%):251 CPU_NORMAL(1-25%):1 CPU_HOT(>=25%):0
2026-08-11 13:12:25 HEARTBEAT PROCS:270 TOP_MEM:PID:10708/165.5MB TOP_CPU:PID:16076/0% SYS_CPU:2%-WD:0% SYS_MEM:17.1/32GB(53.4%)-WD:19.7GB(61.6%) TRACKING:0 SPIKES:24 KILLS:0
2026-08-11 13:12:25   DIST CPU_IDLE(<1%):270 CPU_NORMAL(1-25%):0 CPU_HOT(>=25%):0
2026-08-11 13:17:26 HEARTBEAT PROCS:227 TOP_MEM:PID:12904/177.5MB TOP_CPU:PID:13984/0.6% SYS_CPU:2%-WD:0.6% SYS_MEM:16.5/32GB(51.6%)-WD:18.5GB(57.8%) TRACKING:0 SPIKES:5 KILLS:0
2026-08-11 13:17:26   DIST CPU_IDLE(<1%):227 CPU_NORMAL(1-25%):0 CPU_HOT(>=25%):0
2026-08-11 13:22:27 HEARTBEAT PROCS:214 TOP_MEM:PID:12904/178.1MB TOP_CPU:PID:17148/5.9% SYS_CPU:2%-WD:9.1% SYS_MEM:15.9/32GB(49.7%)-WD:17.6GB(55%) TRACKING:0 SPIKES:5 KILLS:0
2026-08-11 13:22:27   DIST CPU_IDLE(<1%):212 CPU_NORMAL(1-25%):2 CPU_HOT(>=25%):0
2026-08-11 13:27:28 HEARTBEAT PROCS:258 TOP_MEM:PID:12904/178.1MB TOP_CPU:PID:6244/1.2% SYS_CPU:7%-WD:1.2% SYS_MEM:16.7/32GB(52.2%)-WD:19.1GB(59.7%) TRACKING:0 SPIKES:0 KILLS:0
2026-08-11 13:27:28   DIST CPU_IDLE(<1%):257 CPU_NORMAL(1-25%):1 CPU_HOT(>=25%):0
2026-08-11 13:32:28 HEARTBEAT PROCS:225 TOP_MEM:PID:12904/178.1MB TOP_CPU:PID:13872/3.2% SYS_CPU:1%-WD:3.8% SYS_MEM:16/32GB(50%)-WD:17.8GB(55.6%) TRACKING:0 SPIKES:30 KILLS:0
2026-08-11 13:32:28   DIST CPU_IDLE(<1%):224 CPU_NORMAL(1-25%):1 CPU_HOT(>=25%):0
2026-08-11 13:37:31 HEARTBEAT PROCS:268 TOP_MEM:PID:12904/178.1MB TOP_CPU:PID:5708/3.2% SYS_CPU:4%-WD:6.4% SYS_MEM:16.6/32GB(51.9%)-WD:19.1GB(59.7%) TRACKING:0 SPIKES:14 KILLS:0
2026-08-11 13:37:31   DIST CPU_IDLE(<1%):266 CPU_NORMAL(1-25%):2 CPU_HOT(>=25%):0
2026-08-11 13:42:32 HEARTBEAT PROCS:235 TOP_MEM:PID:12904/178.1MB TOP_CPU:PID:1284/75.6% SYS_CPU:1%-WD:516.7% SYS_MEM:16.4/32GB(51.2%)-WD:18.3GB(57.2%) TRACKING:6 SPIKES:104 KILLS:0
2026-08-11 13:42:32   DIST CPU_IDLE(<1%):203 CPU_NORMAL(1-25%):26 CPU_HOT(>=25%):6
2026-08-11 13:47:33 HEARTBEAT PROCS:250 TOP_MEM:PID:12904/178.1MB TOP_CPU:PID:15144/134.8% SYS_CPU:4%-WD:1434.2% SYS_MEM:16.7/32GB(52.2%)-WD:18.9GB(59.1%) TRACKING:18 SPIKES:54 KILLS:0
2026-08-11 13:47:33   DIST CPU_IDLE(<1%):200 CPU_NORMAL(1-25%):32 CPU_HOT(>=25%):18
2026-08-11 13:52:36 HEARTBEAT PROCS:278 TOP_MEM:PID:1696/157.4MB TOP_CPU:PID:16088/0% SYS_CPU:2%-WD:0% SYS_MEM:16.9/32GB(52.8%)-WD:19.5GB(60.9%) TRACKING:0 SPIKES:12 KILLS:0
2026-08-11 13:52:36   DIST CPU_IDLE(<1%):278 CPU_NORMAL(1-25%):0 CPU_HOT(>=25%):0
2026-08-11 13:57:38 HEARTBEAT PROCS:254 TOP_MEM:PID:1696/160.1MB TOP_CPU:PID:11404/1.9% SYS_CPU:4%-WD:2.5% SYS_MEM:16.2/32GB(50.6%)-WD:18.3GB(57.2%) TRACKING:0 SPIKES:24 KILLS:0
2026-08-11 13:57:38   DIST CPU_IDLE(<1%):253 CPU_NORMAL(1-25%):1 CPU_HOT(>=25%):0
2026-08-11 14:02:40 HEARTBEAT PROCS:287 TOP_MEM:PID:1696/161.4MB TOP_CPU:PID:14744/1.2% SYS_CPU:1%-WD:3.0% SYS_MEM:16.9/32GB(52.8%)-WD:19.7GB(61.6%) TRACKING:0 SPIKES:40 KILLS:0
2026-08-11 14:02:40   DIST CPU_IDLE(<1%):285 CPU_NORMAL(1-25%):2 CPU_HOT(>=25%):0
2026-08-11 14:07:43 HEARTBEAT PROCS:287 TOP_MEM:PID:2604/188.9MB TOP_CPU:PID:11348/3.2% SYS_CPU:7%-WD:3.8% SYS_MEM:17.1/32GB(53.4%)-WD:19.9GB(62.2%) TRACKING:0 SPIKES:11 KILLS:0
2026-08-11 14:07:43   DIST CPU_IDLE(<1%):286 CPU_NORMAL(1-25%):1 CPU_HOT(>=25%):0
2026-08-11 14:12:46 HEARTBEAT PROCS:284 TOP_MEM:PID:11996/184.9MB TOP_CPU:PID:5896/190.8% SYS_CPU:10%-WD:655.2% SYS_MEM:17.3/32GB(54.1%)-WD:20.1GB(62.8%) TRACKING:5 SPIKES:12 KILLS:0
2026-08-11 14:12:46   DIST CPU_IDLE(<1%):228 CPU_NORMAL(1-25%):51 CPU_HOT(>=25%):5
2026-08-11 14:17:48 HEARTBEAT PROCS:255 TOP_MEM:PID:11996/185.9MB TOP_CPU:PID:13640/3.9% SYS_CPU:7%-WD:3.9% SYS_MEM:16.9/32GB(52.8%)-WD:19.2GB(60%) TRACKING:0 SPIKES:10 KILLS:0
2026-08-11 14:17:48   DIST CPU_IDLE(<1%):254 CPU_NORMAL(1-25%):1 CPU_HOT(>=25%):0
2026-08-11 14:22:49 HEARTBEAT PROCS:263 TOP_MEM:PID:11996/187.7MB TOP_CPU:PID:17196/0.5% SYS_CPU:1%-WD:1.0% SYS_MEM:17.1/32GB(53.4%)-WD:19.6GB(61.3%) TRACKING:0 SPIKES:36 KILLS:0
2026-08-11 14:22:49   DIST CPU_IDLE(<1%):263 CPU_NORMAL(1-25%):0 CPU_HOT(>=25%):0
2026-08-11 14:27:52 HEARTBEAT PROCS:249 TOP_MEM:PID:11996/188.5MB TOP_CPU:PID:11404/3.2% SYS_CPU:4%-WD:3.2% SYS_MEM:16.9/32GB(52.8%)-WD:19.3GB(60.3%) TRACKING:0 SPIKES:17 KILLS:0
2026-08-11 14:27:52   DIST CPU_IDLE(<1%):248 CPU_NORMAL(1-25%):1 CPU_HOT(>=25%):0
2026-08-11 14:32:54 HEARTBEAT PROCS:259 TOP_MEM:PID:5236/167.9MB TOP_CPU:PID:7472/0% SYS_CPU:1%-WD:0% SYS_MEM:17.1/32GB(53.4%)-WD:19.6GB(61.3%) TRACKING:0 SPIKES:66 KILLS:0
2026-08-11 14:32:54   DIST CPU_IDLE(<1%):259 CPU_NORMAL(1-25%):0 CPU_HOT(>=25%):0
2026-08-11 14:37:56 HEARTBEAT PROCS:275 TOP_MEM:PID:5236/167.9MB TOP_CPU:PID:6748/0.6% SYS_CPU:4%-WD:0.6% SYS_MEM:17.2/32GB(53.8%)-WD:19.8GB(61.9%) TRACKING:0 SPIKES:21 KILLS:0
2026-08-11 14:37:56   DIST CPU_IDLE(<1%):275 CPU_NORMAL(1-25%):0 CPU_HOT(>=25%):0
2026-08-11 14:42:59 HEARTBEAT PROCS:276 TOP_MEM:PID:5236/167.9MB TOP_CPU:PID:12840/217.8% SYS_CPU:59%-WD:727.8% SYS_MEM:17.5/32GB(54.7%)-WD:19.9GB(62.2%) TRACKING:9 SPIKES:27 KILLS:0
2026-08-11 14:42:59   DIST CPU_IDLE(<1%):238 CPU_NORMAL(1-25%):29 CPU_HOT(>=25%):9
2026-08-11 14:48:01 HEARTBEAT PROCS:236 TOP_MEM:PID:3460/169.5MB TOP_CPU:PID:12972/2% SYS_CPU:5%-WD:2.6% SYS_MEM:16.5/32GB(51.6%)-WD:18.4GB(57.5%) TRACKING:0 SPIKES:0 KILLS:0
2026-08-11 14:48:01   DIST CPU_IDLE(<1%):235 CPU_NORMAL(1-25%):1 CPU_HOT(>=25%):0
2026-08-11 14:53:03 HEARTBEAT PROCS:287 TOP_MEM:PID:5236/167.9MB TOP_CPU:PID:8848/1.9% SYS_CPU:2%-WD:2.5% SYS_MEM:17.4/32GB(54.4%)-WD:20.2GB(63.1%) TRACKING:0 SPIKES:5 KILLS:0
2026-08-11 14:53:03   DIST CPU_IDLE(<1%):286 CPU_NORMAL(1-25%):1 CPU_HOT(>=25%):0
2026-08-11 14:58:06 HEARTBEAT PROCS:240 TOP_MEM:PID:2604/188.2MB TOP_CPU:PID:16088/0% SYS_CPU:0%-WD:0% SYS_MEM:16.2/32GB(50.6%)-WD:18.1GB(56.6%) TRACKING:0 SPIKES:19 KILLS:0
2026-08-11 14:58:06   DIST CPU_IDLE(<1%):240 CPU_NORMAL(1-25%):0 CPU_HOT(>=25%):0
2026-08-11 15:03:07 HEARTBEAT PROCS:242 TOP_MEM:PID:5236/179.5MB TOP_CPU:PID:13704/0.6% SYS_CPU:2%-WD:0.6% SYS_MEM:16.3/32GB(50.9%)-WD:18.4GB(57.5%) TRACKING:0 SPIKES:11 KILLS:0
2026-08-11 15:03:07   DIST CPU_IDLE(<1%):242 CPU_NORMAL(1-25%):0 CPU_HOT(>=25%):0
2026-08-11 15:08:09 HEARTBEAT PROCS:265 TOP_MEM:PID:5236/182.4MB TOP_CPU:PID:2924/12.4% SYS_CPU:7%-WD:13.0% SYS_MEM:16.4/32GB(51.2%)-WD:18.9GB(59.1%) TRACKING:0 SPIKES:50 KILLS:0
2026-08-11 15:08:09   DIST CPU_IDLE(<1%):264 CPU_NORMAL(1-25%):1 CPU_HOT(>=25%):0
2026-08-11 15:13:12 HEARTBEAT PROCS:264 TOP_MEM:PID:5236/182.4MB TOP_CPU:PID:6748/2.6% SYS_CPU:11%-WD:2.6% SYS_MEM:16.6/32GB(51.9%)-WD:19GB(59.4%) TRACKING:0 SPIKES:16 KILLS:0
2026-08-11 15:13:12   DIST CPU_IDLE(<1%):263 CPU_NORMAL(1-25%):1 CPU_HOT(>=25%):0
2026-08-11 15:18:13 HEARTBEAT PROCS:266 TOP_MEM:PID:5236/182.8MB TOP_CPU:PID:11224/0.6% SYS_CPU:2%-WD:0.6% SYS_MEM:16.5/32GB(51.6%)-WD:19GB(59.4%) TRACKING:0 SPIKES:28 KILLS:0
2026-08-11 15:18:13   DIST CPU_IDLE(<1%):266 CPU_NORMAL(1-25%):0 CPU_HOT(>=25%):0
2026-08-11 15:23:15 HEARTBEAT PROCS:261 TOP_MEM:PID:5236/194.7MB TOP_CPU:PID:12216/4.6% SYS_CPU:50%-WD:11.6% SYS_MEM:16.5/32GB(51.6%)-WD:18.8GB(58.8%) TRACKING:0 SPIKES:6 KILLS:0
2026-08-11 15:23:15   DIST CPU_IDLE(<1%):257 CPU_NORMAL(1-25%):4 CPU_HOT(>=25%):0
2026-08-11 15:23:15   NON_WD_SPIKE SYS_CPU:50% WD_CPU:11.6% GAP:38.4%
2026-08-11 15:23:15   NON_WD PID:6520 NAME:wd280session#258 CPU:2.6% MEM:9.4MB CMD:
2026-08-11 15:23:15   NON_WD PID:5228 NAME:WmiPrvSE CPU:1.2% MEM:9.3MB CMD:C:\Windows\system32\wbem\wmiprvse.exe
2026-08-11 15:23:15   NON_WD PID:14276 NAME:wd280session#257 CPU:0.6% MEM:9.6MB CMD:
2026-08-11 15:23:15   NON_WD PID:3256 NAME:svchost#34 CPU:0% MEM:3.5MB CMD:C:\Windows\system32\svchost.exe -k NetworkService -p -s CryptSvc
2026-08-11 15:23:15   NON_WD PID:3272 NAME:svchost#35 CPU:0% MEM:2.1MB CMD:C:\Windows\System32\svchost.exe -k NetSvcs -p -s iphlpsvc
2026-08-11 15:23:15   NON_WD PID:3044 NAME:svchost#32 CPU:0% MEM:1.2MB CMD:C:\Windows\system32\svchost.exe -k NetworkServiceNetworkRestricted -p -s PolicyAgent
2026-08-11 15:23:15   NON_WD PID:3016 NAME:svchost#31 CPU:0% MEM:1.8MB CMD:C:\Windows\system32\svchost.exe -k netsvcs -p -s IKEEXT
2026-08-11 15:23:15   NON_WD PID:2960 NAME:svchost#30 CPU:0% MEM:1.5MB CMD:C:\Windows\System32\svchost.exe -k netsvcs -p -s SessionEnv
2026-08-11 15:23:15   NON_WD PID:3224 NAME:svchost#33 CPU:0% MEM:10.7MB CMD:C:\Windows\system32\svchost.exe -k netsvcs -p -s Winmgmt
2026-08-11 15:23:15   NON_WD PID:3308 NAME:svchost#36 CPU:0% MEM:1.2MB CMD:C:\Windows\system32\svchost.exe -k LocalSystemNetworkRestricted -p -s SysMain
2026-08-11 15:28:17 HEARTBEAT PROCS:243 TOP_MEM:PID:5236/194.7MB TOP_CPU:PID:8604/2.8% SYS_CPU:1%-WD:2.8% SYS_MEM:16.3/32GB(50.9%)-WD:18.4GB(57.5%) TRACKING:0 SPIKES:58 KILLS:0
2026-08-11 15:28:17   DIST CPU_IDLE(<1%):242 CPU_NORMAL(1-25%):1 CPU_HOT(>=25%):0
2026-08-11 15:33:19 HEARTBEAT PROCS:247 TOP_MEM:PID:1696/165.1MB TOP_CPU:PID:12972/1.2% SYS_CPU:2%-WD:1.2% SYS_MEM:16.2/32GB(50.6%)-WD:18.3GB(57.2%) TRACKING:0 SPIKES:25 KILLS:0
2026-08-11 15:33:19   DIST CPU_IDLE(<1%):246 CPU_NORMAL(1-25%):1 CPU_HOT(>=25%):0
2026-08-11 15:38:20 HEARTBEAT PROCS:244 TOP_MEM:PID:1696/165.3MB TOP_CPU:PID:14760/0.6% SYS_CPU:4%-WD:0.6% SYS_MEM:16.1/32GB(50.3%)-WD:18.1GB(56.6%) TRACKING:0 SPIKES:37 KILLS:0
2026-08-11 15:38:20   DIST CPU_IDLE(<1%):244 CPU_NORMAL(1-25%):0 CPU_HOT(>=25%):0
2026-08-11 15:43:21 HEARTBEAT PROCS:273 TOP_MEM:PID:1696/165.3MB TOP_CPU:PID:16212/6.5% SYS_CPU:4%-WD:10.9% SYS_MEM:16.5/32GB(51.6%)-WD:19.1GB(59.7%) TRACKING:0 SPIKES:66 KILLS:0
2026-08-11 15:43:21   DIST CPU_IDLE(<1%):270 CPU_NORMAL(1-25%):3 CPU_HOT(>=25%):0
2026-08-11 15:48:24 HEARTBEAT PROCS:283 TOP_MEM:PID:1696/165.3MB TOP_CPU:PID:5732/6.5% SYS_CPU:4%-WD:11.0% SYS_MEM:16.6/32GB(51.9%)-WD:19.3GB(60.3%) TRACKING:0 SPIKES:9 KILLS:0
2026-08-11 15:48:24   DIST CPU_IDLE(<1%):281 CPU_NORMAL(1-25%):2 CPU_HOT(>=25%):0
2026-08-11 15:53:26 HEARTBEAT PROCS:294 TOP_MEM:PID:6848/166.5MB TOP_CPU:PID:17808/0% SYS_CPU:2%-WD:0% SYS_MEM:17/32GB(53.1%)-WD:19.9GB(62.2%) TRACKING:0 SPIKES:12 KILLS:0
2026-08-11 15:53:26   DIST CPU_IDLE(<1%):294 CPU_NORMAL(1-25%):0 CPU_HOT(>=25%):0
2026-08-11 15:58:30 HEARTBEAT PROCS:273 TOP_MEM:PID:6848/166.5MB TOP_CPU:PID:18028/0% SYS_CPU:2%-WD:0% SYS_MEM:16.8/32GB(52.5%)-WD:19.4GB(60.6%) TRACKING:0 SPIKES:0 KILLS:0
2026-08-11 15:58:30   DIST CPU_IDLE(<1%):273 CPU_NORMAL(1-25%):0 CPU_HOT(>=25%):0
2026-08-11 16:03:31 HEARTBEAT PROCS:212 TOP_MEM:PID:1696/166.5MB TOP_CPU:PID:11508/1.2% SYS_CPU:4%-WD:2.4% SYS_MEM:15.3/32GB(47.8%)-WD:16.8GB(52.5%) TRACKING:0 SPIKES:14 KILLS:0
2026-08-11 16:03:31   DIST CPU_IDLE(<1%):210 CPU_NORMAL(1-25%):2 CPU_HOT(>=25%):0
2026-08-11 16:08:36 HEARTBEAT PROCS:213 TOP_MEM:PID:2604/185.5MB TOP_CPU:PID:1696/3.2% SYS_CPU:2%-WD:3.8% SYS_MEM:15.5/32GB(48.4%)-WD:16.9GB(52.8%) TRACKING:0 SPIKES:0 KILLS:0
2026-08-11 16:08:36   DIST CPU_IDLE(<1%):212 CPU_NORMAL(1-25%):1 CPU_HOT(>=25%):0
2026-08-11 16:13:36 HEARTBEAT PROCS:226 TOP_MEM:PID:2604/185.6MB TOP_CPU:PID:6528/1.2% SYS_CPU:8%-WD:1.2% SYS_MEM:15.3/32GB(47.8%)-WD:17GB(53.1%) TRACKING:0 SPIKES:28 KILLS:0
2026-08-11 16:13:36   DIST CPU_IDLE(<1%):225 CPU_NORMAL(1-25%):1 CPU_HOT(>=25%):0
2026-08-11 16:18:38 HEARTBEAT PROCS:234 TOP_MEM:PID:2604/185.7MB TOP_CPU:PID:18052/3.2% SYS_CPU:1%-WD:3.2% SYS_MEM:15.7/32GB(49.1%)-WD:17.5GB(54.7%) TRACKING:0 SPIKES:7 KILLS:0
2026-08-11 16:18:38   DIST CPU_IDLE(<1%):233 CPU_NORMAL(1-25%):1 CPU_HOT(>=25%):0
2026-08-11 16:23:38 HEARTBEAT PROCS:231 TOP_MEM:PID:2604/186.9MB TOP_CPU:PID:13620/1.9% SYS_CPU:1%-WD:2.5% SYS_MEM:15.2/32GB(47.5%)-WD:17GB(53.1%) TRACKING:0 SPIKES:15 KILLS:0
2026-08-11 16:23:38   DIST CPU_IDLE(<1%):230 CPU_NORMAL(1-25%):1 CPU_HOT(>=25%):0
2026-08-11 16:28:39 HEARTBEAT PROCS:224 TOP_MEM:PID:2604/185.8MB TOP_CPU:PID:17808/0% SYS_CPU:2%-WD:0% SYS_MEM:15/32GB(46.9%)-WD:16.6GB(51.9%) TRACKING:0 SPIKES:25 KILLS:0
2026-08-11 16:28:39   DIST CPU_IDLE(<1%):224 CPU_NORMAL(1-25%):0 CPU_HOT(>=25%):0
2026-08-11 16:33:45 HEARTBEAT PROCS:198 TOP_MEM:PID:2604/185.8MB TOP_CPU:PID:12216/0% SYS_CPU:4%-WD:0% SYS_MEM:14.3/32GB(44.7%)-WD:15.5GB(48.4%) TRACKING:0 SPIKES:10 KILLS:0
2026-08-11 16:33:45   DIST CPU_IDLE(<1%):198 CPU_NORMAL(1-25%):0 CPU_HOT(>=25%):0
2026-08-11 16:38:49 HEARTBEAT PROCS:196 TOP_MEM:PID:2604/185.9MB TOP_CPU:PID:17808/0% SYS_CPU:4%-WD:0% SYS_MEM:14.1/32GB(44.1%)-WD:15.1GB(47.2%) TRACKING:0 SPIKES:7 KILLS:0
2026-08-11 16:38:49   DIST CPU_IDLE(<1%):196 CPU_NORMAL(1-25%):0 CPU_HOT(>=25%):0
2026-08-11 16:43:49 HEARTBEAT PROCS:211 TOP_MEM:PID:2604/185.8MB TOP_CPU:PID:12732/3.2% SYS_CPU:2%-WD:3.2% SYS_MEM:14.3/32GB(44.7%)-WD:15.6GB(48.8%) TRACKING:0 SPIKES:17 KILLS:0
2026-08-11 16:43:49   DIST CPU_IDLE(<1%):210 CPU_NORMAL(1-25%):1 CPU_HOT(>=25%):0
2026-08-11 16:48:50 HEARTBEAT PROCS:232 TOP_MEM:PID:2604/197.5MB TOP_CPU:PID:18344/0.6% SYS_CPU:2%-WD:1.2% SYS_MEM:14.6/32GB(45.6%)-WD:16.3GB(50.9%) TRACKING:0 SPIKES:42 KILLS:0
2026-08-11 16:48:50   DIST CPU_IDLE(<1%):232 CPU_NORMAL(1-25%):0 CPU_HOT(>=25%):0
2026-08-11 16:53:56 HEARTBEAT PROCS:210 TOP_MEM:PID:200/172.9MB TOP_CPU:PID:16468/2.8% SYS_CPU:7%-WD:3.4% SYS_MEM:13.9/32GB(43.4%)-WD:15.2GB(47.5%) TRACKING:0 SPIKES:9 KILLS:0
2026-08-11 16:53:56   DIST CPU_IDLE(<1%):209 CPU_NORMAL(1-25%):1 CPU_HOT(>=25%):0
2026-08-11 16:59:00 HEARTBEAT PROCS:210 TOP_MEM:PID:200/172.9MB TOP_CPU:PID:9188/0% SYS_CPU:1%-WD:0% SYS_MEM:13.7/32GB(42.8%)-WD:15GB(46.9%) TRACKING:0 SPIKES:7 KILLS:0
2026-08-11 16:59:00   DIST CPU_IDLE(<1%):210 CPU_NORMAL(1-25%):0 CPU_HOT(>=25%):0
2026-08-11 17:04:05 HEARTBEAT PROCS:220 TOP_MEM:PID:2604/193.4MB TOP_CPU:PID:16280/1.2% SYS_CPU:1%-WD:1.2% SYS_MEM:14/32GB(43.8%)-WD:15.3GB(47.8%) TRACKING:0 SPIKES:5 KILLS:0
2026-08-11 17:04:05   DIST CPU_IDLE(<1%):219 CPU_NORMAL(1-25%):1 CPU_HOT(>=25%):0
2026-08-11 17:09:05 HEARTBEAT PROCS:192 TOP_MEM:PID:2604/193.4MB TOP_CPU:PID:14876/3.2% SYS_CPU:2%-WD:3.2% SYS_MEM:12.9/32GB(40.3%)-WD:13.7GB(42.8%) TRACKING:0 SPIKES:107 KILLS:0
2026-08-11 17:09:05   DIST CPU_IDLE(<1%):191 CPU_NORMAL(1-25%):1 CPU_HOT(>=25%):0
2026-08-11 17:14:09 HEARTBEAT PROCS:194 TOP_MEM:PID:2604/193.4MB TOP_CPU:PID:1004/0% SYS_CPU:1%-WD:0% SYS_MEM:12.2/32GB(38.1%)-WD:13GB(40.6%) TRACKING:0 SPIKES:50 KILLS:0
2026-08-11 17:14:09   DIST CPU_IDLE(<1%):194 CPU_NORMAL(1-25%):0 CPU_HOT(>=25%):0
2026-08-11 17:19:13 HEARTBEAT PROCS:189 TOP_MEM:PID:1696/170MB TOP_CPU:PID:288/0% SYS_CPU:2%-WD:0% SYS_MEM:11.5/32GB(35.9%)-WD:12.2GB(38.1%) TRACKING:0 SPIKES:18 KILLS:0
2026-08-11 17:19:13   DIST CPU_IDLE(<1%):189 CPU_NORMAL(1-25%):0 CPU_HOT(>=25%):0
2026-08-11 17:24:18 HEARTBEAT PROCS:192 TOP_MEM:PID:1696/170MB TOP_CPU:PID:7284/2.8% SYS_CPU:2%-WD:2.8% SYS_MEM:11.5/32GB(35.9%)-WD:12.2GB(38.1%) TRACKING:0 SPIKES:5 KILLS:0
2026-08-11 17:24:18   DIST CPU_IDLE(<1%):191 CPU_NORMAL(1-25%):1 CPU_HOT(>=25%):0
2026-08-11 17:29:21 HEARTBEAT PROCS:160 TOP_MEM:PID:1696/170MB TOP_CPU:PID:14364/0% SYS_CPU:1%-WD:0% SYS_MEM:10.8/32GB(33.8%)-WD:11GB(34.4%) TRACKING:0 SPIKES:42 KILLS:0
2026-08-11 17:29:21   DIST CPU_IDLE(<1%):160 CPU_NORMAL(1-25%):0 CPU_HOT(>=25%):0
2026-08-11 17:34:24 HEARTBEAT PROCS:166 TOP_MEM:PID:1696/171.6MB TOP_CPU:PID:9620/0% SYS_CPU:1%-WD:0% SYS_MEM:10.8/32GB(33.8%)-WD:11.1GB(34.7%) TRACKING:0 SPIKES:3 KILLS:0
2026-08-11 17:34:24   DIST CPU_IDLE(<1%):166 CPU_NORMAL(1-25%):0 CPU_HOT(>=25%):0
2026-08-11 17:39:28 HEARTBEAT PROCS:159 TOP_MEM:PID:1696/170.9MB TOP_CPU:PID:16764/0.6% SYS_CPU:2%-WD:0.6% SYS_MEM:10.5/32GB(32.8%)-WD:10.6GB(33.1%) TRACKING:0 SPIKES:24 KILLS:0
2026-08-11 17:39:28   DIST CPU_IDLE(<1%):159 CPU_NORMAL(1-25%):0 CPU_HOT(>=25%):0
2026-08-11 17:44:32 HEARTBEAT PROCS:187 TOP_MEM:PID:1696/172.1MB TOP_CPU:PID:10928/0% SYS_CPU:7%-WD:0% SYS_MEM:10.6/32GB(33.1%)-WD:11.2GB(35%) TRACKING:0 SPIKES:8 KILLS:0
2026-08-11 17:44:32   DIST CPU_IDLE(<1%):187 CPU_NORMAL(1-25%):0 CPU_HOT(>=25%):0
2026-08-11 17:49:36 HEARTBEAT PROCS:176 TOP_MEM:PID:1696/172.1MB TOP_CPU:PID:7468/0% SYS_CPU:1%-WD:0% SYS_MEM:10.6/32GB(33.1%)-WD:11GB(34.4%) TRACKING:0 SPIKES:9 KILLS:0
2026-08-11 17:49:36   DIST CPU_IDLE(<1%):176 CPU_NORMAL(1-25%):0 CPU_HOT(>=25%):0
2026-08-11 17:54:40 HEARTBEAT PROCS:174 TOP_MEM:PID:1696/172.1MB TOP_CPU:PID:7560/2% SYS_CPU:1%-WD:2.6% SYS_MEM:10.7/32GB(33.4%)-WD:11GB(34.4%) TRACKING:0 SPIKES:4 KILLS:0
2026-08-11 17:54:40   DIST CPU_IDLE(<1%):173 CPU_NORMAL(1-25%):1 CPU_HOT(>=25%):0
2026-08-11 17:59:44 HEARTBEAT PROCS:165 TOP_MEM:PID:1696/172.1MB TOP_CPU:PID:7896/0% SYS_CPU:7%-WD:0% SYS_MEM:10.4/32GB(32.5%)-WD:10.5GB(32.8%) TRACKING:0 SPIKES:25 KILLS:0
2026-08-11 17:59:44   DIST CPU_IDLE(<1%):165 CPU_NORMAL(1-25%):0 CPU_HOT(>=25%):0
2026-08-11 18:04:47 HEARTBEAT PROCS:168 TOP_MEM:PID:1696/172.1MB TOP_CPU:PID:9188/0% SYS_CPU:1%-WD:0% SYS_MEM:10.2/32GB(31.9%)-WD:10.5GB(32.8%) TRACKING:0 SPIKES:13 KILLS:0
2026-08-11 18:04:47   DIST CPU_IDLE(<1%):168 CPU_NORMAL(1-25%):0 CPU_HOT(>=25%):0
2026-08-11 18:09:50 HEARTBEAT PROCS:130 TOP_MEM:PID:1696/172.1MB TOP_CPU:PID:15868/0% SYS_CPU:4%-WD:0% SYS_MEM:9.5/32GB(29.7%)-WD:9GB(28.1%) TRACKING:0 SPIKES:18 KILLS:0
2026-08-11 18:09:50   DIST CPU_IDLE(<1%):130 CPU_NORMAL(1-25%):0 CPU_HOT(>=25%):0
2026-08-11 18:14:53 HEARTBEAT PROCS:123 TOP_MEM:PID:12148/183.8MB TOP_CPU:PID:7560/0% SYS_CPU:2%-WD:0% SYS_MEM:9.3/32GB(29.1%)-WD:8.7GB(27.2%) TRACKING:0 SPIKES:12 KILLS:0
2026-08-11 18:14:53   DIST CPU_IDLE(<1%):123 CPU_NORMAL(1-25%):0 CPU_HOT(>=25%):0
2026-08-11 18:19:54 HEARTBEAT PROCS:117 TOP_MEM:PID:1696/172.1MB TOP_CPU:PID:2748/1.4% SYS_CPU:4%-WD:1.4% SYS_MEM:8.9/32GB(27.8%)-WD:8.2GB(25.6%) TRACKING:0 SPIKES:6 KILLS:0
2026-08-11 18:19:54   DIST CPU_IDLE(<1%):116 CPU_NORMAL(1-25%):1 CPU_HOT(>=25%):0
2026-08-11 18:24:57 HEARTBEAT PROCS:118 TOP_MEM:PID:1696/172.1MB TOP_CPU:PID:14668/0.6% SYS_CPU:4%-WD:0.6% SYS_MEM:9/32GB(28.1%)-WD:8.3GB(25.9%) TRACKING:0 SPIKES:0 KILLS:0
2026-08-11 18:24:57   DIST CPU_IDLE(<1%):118 CPU_NORMAL(1-25%):0 CPU_HOT(>=25%):0
2026-08-11 18:29:59 HEARTBEAT PROCS:144 TOP_MEM:PID:1696/172.1MB TOP_CPU:PID:11768/0% SYS_CPU:1%-WD:0% SYS_MEM:9.1/32GB(28.4%)-WD:8.8GB(27.5%) TRACKING:0 SPIKES:6 KILLS:0
2026-08-11 18:29:59   DIST CPU_IDLE(<1%):144 CPU_NORMAL(1-25%):0 CPU_HOT(>=25%):0
2026-08-11 18:35:01 HEARTBEAT PROCS:122 TOP_MEM:PID:1696/172.1MB TOP_CPU:PID:9324/0% SYS_CPU:1%-WD:0% SYS_MEM:8.3/32GB(25.9%)-WD:7.6GB(23.8%) TRACKING:0 SPIKES:5 KILLS:0
2026-08-11 18:35:01   DIST CPU_IDLE(<1%):122 CPU_NORMAL(1-25%):0 CPU_HOT(>=25%):0
2026-08-11 18:40:02 HEARTBEAT PROCS:102 TOP_MEM:PID:1696/172.1MB TOP_CPU:PID:288/2.9% SYS_CPU:0%-WD:2.9% SYS_MEM:7.9/32GB(24.7%)-WD:6.9GB(21.6%) TRACKING:0 SPIKES:3 KILLS:0
2026-08-11 18:40:02   DIST CPU_IDLE(<1%):101 CPU_NORMAL(1-25%):1 CPU_HOT(>=25%):0
2026-08-11 18:45:04 HEARTBEAT PROCS:119 TOP_MEM:PID:1696/172.1MB TOP_CPU:PID:15040/0% SYS_CPU:1%-WD:0% SYS_MEM:8.3/32GB(25.9%)-WD:7.5GB(23.4%) TRACKING:0 SPIKES:10 KILLS:0
2026-08-11 18:45:04   DIST CPU_IDLE(<1%):119 CPU_NORMAL(1-25%):0 CPU_HOT(>=25%):0
2026-08-11 18:50:05 HEARTBEAT PROCS:100 TOP_MEM:PID:1696/172.1MB TOP_CPU:PID:6564/0% SYS_CPU:8%-WD:0% SYS_MEM:7.9/32GB(24.7%)-WD:6.7GB(20.9%) TRACKING:0 SPIKES:0 KILLS:0
2026-08-11 18:50:05   DIST CPU_IDLE(<1%):100 CPU_NORMAL(1-25%):0 CPU_HOT(>=25%):0
2026-08-11 18:55:07 HEARTBEAT PROCS:128 TOP_MEM:PID:1696/172.1MB TOP_CPU:PID:17448/1.4% SYS_CPU:10%-WD:1.4% SYS_MEM:8.5/32GB(26.6%)-WD:7.8GB(24.4%) TRACKING:0 SPIKES:9 KILLS:0
2026-08-11 18:55:07   DIST CPU_IDLE(<1%):128 CPU_NORMAL(1-25%):0 CPU_HOT(>=25%):0
2026-08-11 19:00:09 HEARTBEAT PROCS:112 TOP_MEM:PID:7560/127.5MB TOP_CPU:PID:13532/0.6% SYS_CPU:8%-WD:0.6% SYS_MEM:8/32GB(25%)-WD:7GB(21.9%) TRACKING:0 SPIKES:7 KILLS:0
2026-08-11 19:00:09   DIST CPU_IDLE(<1%):112 CPU_NORMAL(1-25%):0 CPU_HOT(>=25%):0
2026-08-11 19:05:10 HEARTBEAT PROCS:97 TOP_MEM:PID:7560/127.5MB TOP_CPU:PID:3636/0.6% SYS_CPU:2%-WD:0.6% SYS_MEM:7.4/32GB(23.1%)-WD:6.3GB(19.7%) TRACKING:0 SPIKES:0 KILLS:0
2026-08-11 19:05:10   DIST CPU_IDLE(<1%):97 CPU_NORMAL(1-25%):0 CPU_HOT(>=25%):0
2026-08-11 19:10:15 HEARTBEAT PROCS:66 TOP_MEM:PID:7560/127.5MB TOP_CPU:PID:10116/0% SYS_CPU:2%-WD:0% SYS_MEM:6.9/32GB(21.6%)-WD:5.2GB(16.2%) TRACKING:0 SPIKES:4 KILLS:0
2026-08-11 19:10:15   DIST CPU_IDLE(<1%):66 CPU_NORMAL(1-25%):0 CPU_HOT(>=25%):0
2026-08-11 19:15:16 HEARTBEAT PROCS:102 TOP_MEM:PID:7560/127.5MB TOP_CPU:PID:3216/0% SYS_CPU:1%-WD:0% SYS_MEM:7.5/32GB(23.4%)-WD:6.4GB(20%) TRACKING:0 SPIKES:0 KILLS:0
2026-08-11 19:15:16   DIST CPU_IDLE(<1%):102 CPU_NORMAL(1-25%):0 CPU_HOT(>=25%):0
2026-08-11 19:20:17 HEARTBEAT PROCS:87 TOP_MEM:PID:7560/127.5MB TOP_CPU:PID:9916/0% SYS_CPU:2%-WD:0% SYS_MEM:7.3/32GB(22.8%)-WD:5.9GB(18.4%) TRACKING:0 SPIKES:3 KILLS:0
2026-08-11 19:20:17   DIST CPU_IDLE(<1%):87 CPU_NORMAL(1-25%):0 CPU_HOT(>=25%):0
2026-08-11 19:25:17 HEARTBEAT PROCS:93 TOP_MEM:PID:7560/127.5MB TOP_CPU:PID:9748/5.1% SYS_CPU:2%-WD:11.6% SYS_MEM:7.1/32GB(22.2%)-WD:5.8GB(18.1%) TRACKING:0 SPIKES:5 KILLS:0
2026-08-11 19:25:17   DIST CPU_IDLE(<1%):90 CPU_NORMAL(1-25%):3 CPU_HOT(>=25%):0
2026-08-11 19:30:18 HEARTBEAT PROCS:74 TOP_MEM:PID:7560/127.5MB TOP_CPU:PID:4772/3.6% SYS_CPU:13%-WD:3.6% SYS_MEM:6.9/32GB(21.6%)-WD:5.1GB(15.9%) TRACKING:0 SPIKES:3 KILLS:0
2026-08-11 19:30:18   DIST CPU_IDLE(<1%):73 CPU_NORMAL(1-25%):1 CPU_HOT(>=25%):0
2026-08-11 19:35:23 HEARTBEAT PROCS:81 TOP_MEM:PID:7560/127.5MB TOP_CPU:PID:4984/0% SYS_CPU:2%-WD:0% SYS_MEM:6.9/32GB(21.6%)-WD:5.3GB(16.6%) TRACKING:0 SPIKES:0 KILLS:0
2026-08-11 19:35:23   DIST CPU_IDLE(<1%):81 CPU_NORMAL(1-25%):0 CPU_HOT(>=25%):0
2026-08-11 19:40:23 HEARTBEAT PROCS:100 TOP_MEM:PID:7560/127.5MB TOP_CPU:PID:17196/0% SYS_CPU:1%-WD:0% SYS_MEM:7.3/32GB(22.8%)-WD:6.1GB(19.1%) TRACKING:0 SPIKES:0 KILLS:0
2026-08-11 19:40:23   DIST CPU_IDLE(<1%):100 CPU_NORMAL(1-25%):0 CPU_HOT(>=25%):0
2026-08-11 19:45:24 HEARTBEAT PROCS:71 TOP_MEM:PID:7560/127.5MB TOP_CPU:PID:10140/0.6% SYS_CPU:1%-WD:0.6% SYS_MEM:6.6/32GB(20.6%)-WD:4.9GB(15.3%) TRACKING:0 SPIKES:18 KILLS:0
2026-08-11 19:45:24   DIST CPU_IDLE(<1%):71 CPU_NORMAL(1-25%):0 CPU_HOT(>=25%):0
2026-08-11 19:50:25 HEARTBEAT PROCS:101 TOP_MEM:PID:7560/127.5MB TOP_CPU:PID:9916/0% SYS_CPU:4%-WD:0% SYS_MEM:7.1/32GB(22.2%)-WD:5.9GB(18.4%) TRACKING:0 SPIKES:3 KILLS:0
2026-08-11 19:50:25   DIST CPU_IDLE(<1%):101 CPU_NORMAL(1-25%):0 CPU_HOT(>=25%):0
2026-08-11 19:55:25 HEARTBEAT PROCS:89 TOP_MEM:PID:15820/163.4MB TOP_CPU:PID:3216/0% SYS_CPU:1%-WD:0% SYS_MEM:7/32GB(21.9%)-WD:5.7GB(17.8%) TRACKING:0 SPIKES:16 KILLS:0
2026-08-11 19:55:25   DIST CPU_IDLE(<1%):89 CPU_NORMAL(1-25%):0 CPU_HOT(>=25%):0
2026-08-11 20:00:26 HEARTBEAT PROCS:90 TOP_MEM:PID:7560/127.5MB TOP_CPU:PID:14044/0.6% SYS_CPU:7%-WD:0.6% SYS_MEM:6.8/32GB(21.2%)-WD:5.5GB(17.2%) TRACKING:0 SPIKES:0 KILLS:0
2026-08-11 20:00:26   DIST CPU_IDLE(<1%):90 CPU_NORMAL(1-25%):0 CPU_HOT(>=25%):0
2026-08-11 20:05:27 HEARTBEAT PROCS:86 TOP_MEM:PID:7560/127.5MB TOP_CPU:PID:3216/0% SYS_CPU:1%-WD:0% SYS_MEM:6.7/32GB(20.9%)-WD:5.4GB(16.9%) TRACKING:0 SPIKES:0 KILLS:0
2026-08-11 20:05:27   DIST CPU_IDLE(<1%):86 CPU_NORMAL(1-25%):0 CPU_HOT(>=25%):0
2026-08-11 20:10:31 HEARTBEAT PROCS:57 TOP_MEM:PID:7560/127.5MB TOP_CPU:PID:16760/0% SYS_CPU:1%-WD:0% SYS_MEM:5.9/32GB(18.4%)-WD:3.9GB(12.2%) TRACKING:0 SPIKES:24 KILLS:0
2026-08-11 20:10:31   DIST CPU_IDLE(<1%):57 CPU_NORMAL(1-25%):0 CPU_HOT(>=25%):0
2026-08-11 20:15:36 HEARTBEAT PROCS:65 TOP_MEM:PID:7560/127.5MB TOP_CPU:PID:6564/2.1% SYS_CPU:1%-WD:2.7% SYS_MEM:5.9/32GB(18.4%)-WD:4.1GB(12.8%) TRACKING:0 SPIKES:0 KILLS:0
2026-08-11 20:15:36   DIST CPU_IDLE(<1%):64 CPU_NORMAL(1-25%):1 CPU_HOT(>=25%):0
2026-08-11 20:20:36 HEARTBEAT PROCS:61 TOP_MEM:PID:7560/127.5MB TOP_CPU:PID:11420/0% SYS_CPU:1%-WD:0% SYS_MEM:5.8/32GB(18.1%)-WD:3.9GB(12.2%) TRACKING:0 SPIKES:0 KILLS:0
2026-08-11 20:20:36   DIST CPU_IDLE(<1%):61 CPU_NORMAL(1-25%):0 CPU_HOT(>=25%):0
2026-08-11 20:25:41 HEARTBEAT PROCS:60 TOP_MEM:PID:7560/127.5MB TOP_CPU:PID:6888/0% SYS_CPU:1%-WD:0% SYS_MEM:5.7/32GB(17.8%)-WD:3.8GB(11.9%) TRACKING:0 SPIKES:2 KILLS:0
2026-08-11 20:25:41   DIST CPU_IDLE(<1%):60 CPU_NORMAL(1-25%):0 CPU_HOT(>=25%):0
2026-08-11 20:30:45 HEARTBEAT PROCS:49 TOP_MEM:PID:15084/169.2MB TOP_CPU:PID:3720/0% SYS_CPU:2%-WD:0% SYS_MEM:5.4/32GB(16.9%)-WD:3.3GB(10.3%) TRACKING:0 SPIKES:0 KILLS:0
2026-08-11 20:30:45   DIST CPU_IDLE(<1%):49 CPU_NORMAL(1-25%):0 CPU_HOT(>=25%):0
2026-08-11 20:35:45 HEARTBEAT PROCS:55 TOP_MEM:PID:15084/169.3MB TOP_CPU:PID:6616/0% SYS_CPU:0%-WD:0% SYS_MEM:5.4/32GB(16.9%)-WD:3.4GB(10.6%) TRACKING:0 SPIKES:0 KILLS:0
2026-08-11 20:35:45   DIST CPU_IDLE(<1%):55 CPU_NORMAL(1-25%):0 CPU_HOT(>=25%):0
2026-08-11 20:40:51 HEARTBEAT PROCS:92 TOP_MEM:PID:15084/169.3MB TOP_CPU:PID:9336/0% SYS_CPU:1%-WD:0% SYS_MEM:6.1/32GB(19.1%)-WD:4.7GB(14.7%) TRACKING:0 SPIKES:0 KILLS:0
2026-08-11 20:40:51   DIST CPU_IDLE(<1%):92 CPU_NORMAL(1-25%):0 CPU_HOT(>=25%):0
2026-08-11 20:45:56 HEARTBEAT PROCS:66 TOP_MEM:PID:15084/169.3MB TOP_CPU:PID:2416/0% SYS_CPU:0%-WD:0% SYS_MEM:5.5/32GB(17.2%)-WD:3.8GB(11.9%) TRACKING:0 SPIKES:3 KILLS:0
2026-08-11 20:45:56   DIST CPU_IDLE(<1%):66 CPU_NORMAL(1-25%):0 CPU_HOT(>=25%):0
2026-08-11 20:50:56 HEARTBEAT PROCS:63 TOP_MEM:PID:7560/127.5MB TOP_CPU:PID:10388/2.1% SYS_CPU:1%-WD:2.1% SYS_MEM:5.5/32GB(17.2%)-WD:3.6GB(11.2%) TRACKING:0 SPIKES:1 KILLS:0
2026-08-11 20:50:56   DIST CPU_IDLE(<1%):62 CPU_NORMAL(1-25%):1 CPU_HOT(>=25%):0
2026-08-11 20:56:01 HEARTBEAT PROCS:44 TOP_MEM:PID:15996/112.7MB TOP_CPU:PID:7220/0% SYS_CPU:1%-WD:0% SYS_MEM:4.9/32GB(15.3%)-WD:2.7GB(8.4%) TRACKING:0 SPIKES:1 KILLS:0
2026-08-11 20:56:01   DIST CPU_IDLE(<1%):44 CPU_NORMAL(1-25%):0 CPU_HOT(>=25%):0
2026-08-11 21:01:05 HEARTBEAT PROCS:46 TOP_MEM:PID:7120/111.2MB TOP_CPU:PID:16232/0% SYS_CPU:0%-WD:0% SYS_MEM:4.9/32GB(15.3%)-WD:2.6GB(8.1%) TRACKING:0 SPIKES:0 KILLS:0
2026-08-11 21:01:05   DIST CPU_IDLE(<1%):46 CPU_NORMAL(1-25%):0 CPU_HOT(>=25%):0
2026-08-11 21:06:05 HEARTBEAT PROCS:37 TOP_MEM:PID:7120/113.1MB TOP_CPU:PID:8132/0% SYS_CPU:1%-WD:0% SYS_MEM:4.6/32GB(14.4%)-WD:2.3GB(7.2%) TRACKING:0 SPIKES:1 KILLS:0
2026-08-11 21:06:05   DIST CPU_IDLE(<1%):37 CPU_NORMAL(1-25%):0 CPU_HOT(>=25%):0
2026-08-11 21:11:09 HEARTBEAT PROCS:36 TOP_MEM:PID:7120/113.1MB TOP_CPU:PID:10000/0% SYS_CPU:5%-WD:0% SYS_MEM:4.7/32GB(14.7%)-WD:2.3GB(7.2%) TRACKING:0 SPIKES:0 KILLS:0
2026-08-11 21:11:09   DIST CPU_IDLE(<1%):36 CPU_NORMAL(1-25%):0 CPU_HOT(>=25%):0
2026-08-11 21:16:13 HEARTBEAT PROCS:51 TOP_MEM:PID:7120/113.1MB TOP_CPU:PID:17744/0% SYS_CPU:2%-WD:0% SYS_MEM:4.8/32GB(15%)-WD:2.7GB(8.4%) TRACKING:0 SPIKES:0 KILLS:0
2026-08-11 21:16:13   DIST CPU_IDLE(<1%):51 CPU_NORMAL(1-25%):0 CPU_HOT(>=25%):0
2026-08-11 21:21:19 HEARTBEAT PROCS:46 TOP_MEM:PID:15800/107.8MB TOP_CPU:PID:17744/0% SYS_CPU:1%-WD:0% SYS_MEM:4.7/32GB(14.7%)-WD:2.4GB(7.5%) TRACKING:0 SPIKES:0 KILLS:0
2026-08-11 21:21:19   DIST CPU_IDLE(<1%):46 CPU_NORMAL(1-25%):0 CPU_HOT(>=25%):0
2026-08-11 21:26:23 HEARTBEAT PROCS:48 TOP_MEM:PID:15800/108.4MB TOP_CPU:PID:13192/0% SYS_CPU:1%-WD:0% SYS_MEM:4.8/32GB(15%)-WD:2.6GB(8.1%) TRACKING:0 SPIKES:4 KILLS:0
2026-08-11 21:26:23   DIST CPU_IDLE(<1%):48 CPU_NORMAL(1-25%):0 CPU_HOT(>=25%):0
2026-08-11 21:31:28 HEARTBEAT PROCS:48 TOP_MEM:PID:15800/111.1MB TOP_CPU:PID:8872/0% SYS_CPU:0%-WD:0% SYS_MEM:4.8/32GB(15%)-WD:2.6GB(8.1%) TRACKING:0 SPIKES:2 KILLS:0
2026-08-11 21:31:28   DIST CPU_IDLE(<1%):48 CPU_NORMAL(1-25%):0 CPU_HOT(>=25%):0
2026-08-11 21:36:32 HEARTBEAT PROCS:49 TOP_MEM:PID:15800/111.1MB TOP_CPU:PID:1436/0% SYS_CPU:1%-WD:0% SYS_MEM:4.9/32GB(15.3%)-WD:2.7GB(8.4%) TRACKING:0 SPIKES:0 KILLS:0
2026-08-11 21:36:32   DIST CPU_IDLE(<1%):49 CPU_NORMAL(1-25%):0 CPU_HOT(>=25%):0
2026-08-11 21:41:38 HEARTBEAT PROCS:63 TOP_MEM:PID:15800/111.1MB TOP_CPU:PID:17744/0% SYS_CPU:2%-WD:0% SYS_MEM:5.1/32GB(15.9%)-WD:3.2GB(10%) TRACKING:0 SPIKES:0 KILLS:0
2026-08-11 21:41:38   DIST CPU_IDLE(<1%):63 CPU_NORMAL(1-25%):0 CPU_HOT(>=25%):0
2026-08-11 21:46:42 HEARTBEAT PROCS:56 TOP_MEM:PID:18112/164.6MB TOP_CPU:PID:16904/0% SYS_CPU:2%-WD:0% SYS_MEM:4.9/32GB(15.3%)-WD:2.8GB(8.8%) TRACKING:0 SPIKES:0 KILLS:0
2026-08-11 21:46:42   DIST CPU_IDLE(<1%):56 CPU_NORMAL(1-25%):0 CPU_HOT(>=25%):0
2026-08-11 21:51:47 HEARTBEAT PROCS:50 TOP_MEM:PID:13132/168.7MB TOP_CPU:PID:4652/0% SYS_CPU:0%-WD:0% SYS_MEM:5/32GB(15.6%)-WD:2.8GB(8.8%) TRACKING:0 SPIKES:1 KILLS:0
2026-08-11 21:51:47   DIST CPU_IDLE(<1%):50 CPU_NORMAL(1-25%):0 CPU_HOT(>=25%):0
2026-08-11 21:56:52 HEARTBEAT PROCS:56 TOP_MEM:PID:11028/106.1MB TOP_CPU:PID:13136/2% SYS_CPU:1%-WD:4.0% SYS_MEM:4.8/32GB(15%)-WD:2.7GB(8.4%) TRACKING:0 SPIKES:0 KILLS:0
2026-08-11 21:56:52   DIST CPU_IDLE(<1%):54 CPU_NORMAL(1-25%):2 CPU_HOT(>=25%):0
2026-08-11 22:01:57 HEARTBEAT PROCS:57 TOP_MEM:PID:11028/106.1MB TOP_CPU:PID:17024/0% SYS_CPU:2%-WD:0% SYS_MEM:4.7/32GB(14.7%)-WD:2.7GB(8.4%) TRACKING:0 SPIKES:2 KILLS:0
2026-08-11 22:01:57   DIST CPU_IDLE(<1%):57 CPU_NORMAL(1-25%):0 CPU_HOT(>=25%):0
2026-08-11 22:07:01 HEARTBEAT PROCS:32 TOP_MEM:PID:11028/106.1MB TOP_CPU:PID:6872/0% SYS_CPU:1%-WD:0% SYS_MEM:4.2/32GB(13.1%)-WD:1.8GB(5.6%) TRACKING:0 SPIKES:2 KILLS:0
2026-08-11 22:07:01   DIST CPU_IDLE(<1%):32 CPU_NORMAL(1-25%):0 CPU_HOT(>=25%):0
2026-08-11 22:12:06 HEARTBEAT PROCS:46 TOP_MEM:PID:11028/106.1MB TOP_CPU:PID:10532/0% SYS_CPU:5%-WD:0% SYS_MEM:4.5/32GB(14.1%)-WD:2.3GB(7.2%) TRACKING:0 SPIKES:0 KILLS:0
2026-08-11 22:12:06   DIST CPU_IDLE(<1%):46 CPU_NORMAL(1-25%):0 CPU_HOT(>=25%):0
2026-08-11 22:17:11 HEARTBEAT PROCS:35 TOP_MEM:PID:11608/161.4MB TOP_CPU:PID:11608/5.1% SYS_CPU:1%-WD:5.1% SYS_MEM:4.4/32GB(13.8%)-WD:2GB(6.2%) TRACKING:0 SPIKES:0 KILLS:0
2026-08-11 22:17:11   DIST CPU_IDLE(<1%):34 CPU_NORMAL(1-25%):1 CPU_HOT(>=25%):0
2026-08-11 22:22:15 HEARTBEAT PROCS:38 TOP_MEM:PID:11028/106.1MB TOP_CPU:PID:7600/0% SYS_CPU:2%-WD:0% SYS_MEM:4.5/32GB(14.1%)-WD:2.1GB(6.6%) TRACKING:0 SPIKES:0 KILLS:0
2026-08-11 22:22:15   DIST CPU_IDLE(<1%):38 CPU_NORMAL(1-25%):0 CPU_HOT(>=25%):0
2026-08-11 22:27:19 HEARTBEAT PROCS:31 TOP_MEM:PID:11028/106.1MB TOP_CPU:PID:13020/0% SYS_CPU:1%-WD:0% SYS_MEM:4.3/32GB(13.4%)-WD:1.8GB(5.6%) TRACKING:0 SPIKES:0 KILLS:0
2026-08-11 22:27:19   DIST CPU_IDLE(<1%):31 CPU_NORMAL(1-25%):0 CPU_HOT(>=25%):0
2026-08-11 22:32:23 HEARTBEAT PROCS:33 TOP_MEM:PID:18220/97.8MB TOP_CPU:PID:9116/0% SYS_CPU:1%-WD:0% SYS_MEM:4.1/32GB(12.8%)-WD:1.6GB(5%) TRACKING:0 SPIKES:0 KILLS:0
2026-08-11 22:32:23   DIST CPU_IDLE(<1%):33 CPU_NORMAL(1-25%):0 CPU_HOT(>=25%):0
2026-08-11 22:37:28 HEARTBEAT PROCS:36 TOP_MEM:PID:18220/100.6MB TOP_CPU:PID:4120/0% SYS_CPU:1%-WD:0% SYS_MEM:4.2/32GB(13.1%)-WD:1.7GB(5.3%) TRACKING:0 SPIKES:0 KILLS:0
2026-08-11 22:37:28   DIST CPU_IDLE(<1%):36 CPU_NORMAL(1-25%):0 CPU_HOT(>=25%):0
2026-08-11 22:42:32 HEARTBEAT PROCS:24 TOP_MEM:PID:18220/105.8MB TOP_CPU:PID:7228/0% SYS_CPU:2%-WD:0% SYS_MEM:3.9/32GB(12.2%)-WD:1.2GB(3.8%) TRACKING:0 SPIKES:0 KILLS:0
2026-08-11 22:42:32   DIST CPU_IDLE(<1%):24 CPU_NORMAL(1-25%):0 CPU_HOT(>=25%):0
2026-08-11 22:47:36 HEARTBEAT PROCS:19 TOP_MEM:PID:18220/105.3MB TOP_CPU:PID:7228/0% SYS_CPU:0%-WD:0% SYS_MEM:3.7/32GB(11.6%)-WD:1GB(3.1%) TRACKING:0 SPIKES:0 KILLS:0
2026-08-11 22:47:36   DIST CPU_IDLE(<1%):19 CPU_NORMAL(1-25%):0 CPU_HOT(>=25%):0
2026-08-11 22:52:40 HEARTBEAT PROCS:23 TOP_MEM:PID:18220/106.2MB TOP_CPU:PID:3712/0% SYS_CPU:0%-WD:0% SYS_MEM:3.7/32GB(11.6%)-WD:1.1GB(3.4%) TRACKING:0 SPIKES:0 KILLS:0
2026-08-11 22:52:40   DIST CPU_IDLE(<1%):23 CPU_NORMAL(1-25%):0 CPU_HOT(>=25%):0
2026-08-11 22:57:44 HEARTBEAT PROCS:29 TOP_MEM:PID:18220/106.1MB TOP_CPU:PID:16144/0% SYS_CPU:2%-WD:0% SYS_MEM:3.9/32GB(12.2%)-WD:1.3GB(4.1%) TRACKING:0 SPIKES:0 KILLS:0
2026-08-11 22:57:44   DIST CPU_IDLE(<1%):29 CPU_NORMAL(1-25%):0 CPU_HOT(>=25%):0
2026-08-11 23:02:48 HEARTBEAT PROCS:28 TOP_MEM:PID:17880/113.7MB TOP_CPU:PID:7696/0.6% SYS_CPU:1%-WD:0.6% SYS_MEM:4.1/32GB(12.8%)-WD:1.4GB(4.4%) TRACKING:0 SPIKES:1 KILLS:0
2026-08-11 23:02:48   DIST CPU_IDLE(<1%):28 CPU_NORMAL(1-25%):0 CPU_HOT(>=25%):0
2026-08-11 23:07:52 HEARTBEAT PROCS:24 TOP_MEM:PID:17880/113.7MB TOP_CPU:PID:10412/0% SYS_CPU:2%-WD:0% SYS_MEM:4.1/32GB(12.8%)-WD:1.3GB(4.1%) TRACKING:0 SPIKES:2 KILLS:0
2026-08-11 23:07:52   DIST CPU_IDLE(<1%):24 CPU_NORMAL(1-25%):0 CPU_HOT(>=25%):0
2026-08-11 23:12:55 HEARTBEAT PROCS:27 TOP_MEM:PID:17880/113.7MB TOP_CPU:PID:6892/0% SYS_CPU:1%-WD:0% SYS_MEM:4.1/32GB(12.8%)-WD:1.4GB(4.4%) TRACKING:0 SPIKES:0 KILLS:0
2026-08-11 23:12:55   DIST CPU_IDLE(<1%):27 CPU_NORMAL(1-25%):0 CPU_HOT(>=25%):0
2026-08-11 23:18:00 HEARTBEAT PROCS:16 TOP_MEM:PID:17880/113.7MB TOP_CPU:PID:16956/0% SYS_CPU:1%-WD:0% SYS_MEM:3.8/32GB(11.9%)-WD:0.9GB(2.8%) TRACKING:0 SPIKES:0 KILLS:0
2026-08-11 23:18:00   DIST CPU_IDLE(<1%):16 CPU_NORMAL(1-25%):0 CPU_HOT(>=25%):0
2026-08-11 23:23:04 HEARTBEAT PROCS:20 TOP_MEM:PID:18220/106.2MB TOP_CPU:PID:14928/0% SYS_CPU:1%-WD:0% SYS_MEM:3.7/32GB(11.6%)-WD:0.9GB(2.8%) TRACKING:0 SPIKES:0 KILLS:0
2026-08-11 23:23:04   DIST CPU_IDLE(<1%):20 CPU_NORMAL(1-25%):0 CPU_HOT(>=25%):0
2026-08-11 23:28:07 HEARTBEAT PROCS:14 TOP_MEM:PID:18220/106.1MB TOP_CPU:PID:16956/0% SYS_CPU:1%-WD:0% SYS_MEM:3.6/32GB(11.2%)-WD:0.8GB(2.5%) TRACKING:0 SPIKES:0 KILLS:0
2026-08-11 23:28:07   DIST CPU_IDLE(<1%):14 CPU_NORMAL(1-25%):0 CPU_HOT(>=25%):0
2026-08-11 23:33:12 HEARTBEAT PROCS:32 TOP_MEM:PID:18220/112.4MB TOP_CPU:PID:18372/0% SYS_CPU:2%-WD:0% SYS_MEM:4/32GB(12.5%)-WD:1.4GB(4.4%) TRACKING:0 SPIKES:0 KILLS:0
2026-08-11 23:33:12   DIST CPU_IDLE(<1%):32 CPU_NORMAL(1-25%):0 CPU_HOT(>=25%):0
2026-08-11 23:38:16 HEARTBEAT PROCS:19 TOP_MEM:PID:18220/112.4MB TOP_CPU:PID:16956/0% SYS_CPU:1%-WD:0% SYS_MEM:3.7/32GB(11.6%)-WD:1GB(3.1%) TRACKING:0 SPIKES:0 KILLS:0
2026-08-11 23:38:16   DIST CPU_IDLE(<1%):19 CPU_NORMAL(1-25%):0 CPU_HOT(>=25%):0
2026-08-11 23:43:19 HEARTBEAT PROCS:17 TOP_MEM:PID:6492/86.8MB TOP_CPU:PID:7600/0% SYS_CPU:0%-WD:0% SYS_MEM:3.6/32GB(11.2%)-WD:0.8GB(2.5%) TRACKING:0 SPIKES:0 KILLS:0
2026-08-11 23:43:19   DIST CPU_IDLE(<1%):17 CPU_NORMAL(1-25%):0 CPU_HOT(>=25%):0
2026-08-11 23:48:24 HEARTBEAT PROCS:32 TOP_MEM:PID:17756/113.4MB TOP_CPU:PID:6984/0% SYS_CPU:0%-WD:0% SYS_MEM:4.1/32GB(12.8%)-WD:1.4GB(4.4%) TRACKING:0 SPIKES:0 KILLS:0
2026-08-11 23:48:24   DIST CPU_IDLE(<1%):32 CPU_NORMAL(1-25%):0 CPU_HOT(>=25%):0
2026-08-11 23:53:27 HEARTBEAT PROCS:16 TOP_MEM:PID:17756/113.5MB TOP_CPU:PID:7788/0% SYS_CPU:1%-WD:0% SYS_MEM:3.8/32GB(11.9%)-WD:0.9GB(2.8%) TRACKING:0 SPIKES:1 KILLS:0
2026-08-11 23:53:27   DIST CPU_IDLE(<1%):16 CPU_NORMAL(1-25%):0 CPU_HOT(>=25%):0
2026-08-11 23:58:31 HEARTBEAT PROCS:31 TOP_MEM:PID:17756/113.5MB TOP_CPU:PID:9456/0% SYS_CPU:1%-WD:0% SYS_MEM:4.3/32GB(13.4%)-WD:1.6GB(5%) TRACKING:0 SPIKES:0 KILLS:0
2026-08-11 23:58:31   DIST CPU_IDLE(<1%):31 CPU_NORMAL(1-25%):0 CPU_HOT(>=25%):0
2026-08-12 00:00:01 DAILY-SUMMARY DATE:2026-08-11 SPIKES:2824 KILLS:0 UNIQUE_PIDS:698 PEAK_MEM:PID:6580/2692.4MB
2026-08-12 00:03:35 HEARTBEAT PROCS:14 TOP_MEM:PID:17756/113.4MB TOP_CPU:PID:9456/0% SYS_CPU:1%-WD:0% SYS_MEM:4/32GB(12.5%)-WD:0.9GB(2.8%) TRACKING:0 SPIKES:1 KILLS:0
2026-08-12 00:03:35   DIST CPU_IDLE(<1%):14 CPU_NORMAL(1-25%):0 CPU_HOT(>=25%):0
2026-08-12 00:08:39 HEARTBEAT PROCS:12 TOP_MEM:PID:6492/94.7MB TOP_CPU:PID:9456/0% SYS_CPU:1%-WD:0% SYS_MEM:3.7/32GB(11.6%)-WD:0.8GB(2.5%) TRACKING:0 SPIKES:0 KILLS:0
2026-08-12 00:08:39   DIST CPU_IDLE(<1%):12 CPU_NORMAL(1-25%):0 CPU_HOT(>=25%):0
2026-08-12 00:13:43 HEARTBEAT PROCS:20 TOP_MEM:PID:6492/84.5MB TOP_CPU:PID:18400/0% SYS_CPU:1%-WD:0% SYS_MEM:3.7/32GB(11.6%)-WD:0.9GB(2.8%) TRACKING:0 SPIKES:0 KILLS:0
2026-08-12 00:13:43   DIST CPU_IDLE(<1%):20 CPU_NORMAL(1-25%):0 CPU_HOT(>=25%):0
2026-08-12 00:18:47 HEARTBEAT PROCS:22 TOP_MEM:PID:10088/113.7MB TOP_CPU:PID:13224/0% SYS_CPU:1%-WD:0% SYS_MEM:4/32GB(12.5%)-WD:1.2GB(3.8%) TRACKING:0 SPIKES:2 KILLS:0
2026-08-12 00:18:47   DIST CPU_IDLE(<1%):22 CPU_NORMAL(1-25%):0 CPU_HOT(>=25%):0
2026-08-12 00:23:51 HEARTBEAT PROCS:14 TOP_MEM:PID:10088/113.7MB TOP_CPU:PID:4788/0% SYS_CPU:1%-WD:0% SYS_MEM:3.8/32GB(11.9%)-WD:0.8GB(2.5%) TRACKING:0 SPIKES:1 KILLS:0
2026-08-12 00:23:51   DIST CPU_IDLE(<1%):14 CPU_NORMAL(1-25%):0 CPU_HOT(>=25%):0
2026-08-12 00:28:54 HEARTBEAT PROCS:28 TOP_MEM:PID:10088/113.7MB TOP_CPU:PID:6348/0% SYS_CPU:1%-WD:0% SYS_MEM:4.1/32GB(12.8%)-WD:1.4GB(4.4%) TRACKING:0 SPIKES:0 KILLS:0
2026-08-12 00:28:54   DIST CPU_IDLE(<1%):28 CPU_NORMAL(1-25%):0 CPU_HOT(>=25%):0
2026-08-12 00:33:59 HEARTBEAT PROCS:29 TOP_MEM:PID:10088/113.7MB TOP_CPU:PID:1452/0% SYS_CPU:1%-WD:0% SYS_MEM:3.9/32GB(12.2%)-WD:1.2GB(3.8%) TRACKING:0 SPIKES:0 KILLS:0
2026-08-12 00:33:59   DIST CPU_IDLE(<1%):29 CPU_NORMAL(1-25%):0 CPU_HOT(>=25%):0
2026-08-12 00:39:02 HEARTBEAT PROCS:4 TOP_MEM:PID:18400/83.9MB TOP_CPU:PID:17632/0% SYS_CPU:1%-WD:0% SYS_MEM:3.3/32GB(10.3%)-WD:0.2GB(0.6%) TRACKING:0 SPIKES:0 KILLS:0
2026-08-12 00:39:02   DIST CPU_IDLE(<1%):4 CPU_NORMAL(1-25%):0 CPU_HOT(>=25%):0
2026-08-12 00:44:06 HEARTBEAT PROCS:5 TOP_MEM:PID:18400/83.9MB TOP_CPU:PID:5492/0% SYS_CPU:1%-WD:0% SYS_MEM:3.3/32GB(10.3%)-WD:0.3GB(0.9%) TRACKING:0 SPIKES:0 KILLS:0
2026-08-12 00:44:06   DIST CPU_IDLE(<1%):5 CPU_NORMAL(1-25%):0 CPU_HOT(>=25%):0
2026-08-12 00:49:10 HEARTBEAT PROCS:5 TOP_MEM:PID:18400/83.9MB TOP_CPU:PID:5492/0% SYS_CPU:1%-WD:0% SYS_MEM:3.3/32GB(10.3%)-WD:0.3GB(0.9%) TRACKING:0 SPIKES:0 KILLS:0
2026-08-12 00:49:10   DIST CPU_IDLE(<1%):5 CPU_NORMAL(1-25%):0 CPU_HOT(>=25%):0
2026-08-12 00:54:14 HEARTBEAT PROCS:5 TOP_MEM:PID:18400/83.9MB TOP_CPU:PID:4420/0% SYS_CPU:1%-WD:0% SYS_MEM:3.2/32GB(10%)-WD:0.2GB(0.6%) TRACKING:0 SPIKES:0 KILLS:0
2026-08-12 00:54:14   DIST CPU_IDLE(<1%):5 CPU_NORMAL(1-25%):0 CPU_HOT(>=25%):0
2026-08-12 00:59:17 HEARTBEAT PROCS:2 TOP_MEM:PID:18400/83.9MB TOP_CPU:PID:18400/0% SYS_CPU:1%-WD:0% SYS_MEM:3.2/32GB(10%)-WD:0.1GB(0.3%) TRACKING:0 SPIKES:0 KILLS:0
2026-08-12 00:59:17   DIST CPU_IDLE(<1%):2 CPU_NORMAL(1-25%):0 CPU_HOT(>=25%):0
2026-08-12 01:04:21 HEARTBEAT PROCS:1 TOP_MEM:PID:18400/83.9MB TOP_CPU:PID:18400/0% SYS_CPU:1%-WD:0% SYS_MEM:3.2/32GB(10%)-WD:0.1GB(0.3%) TRACKING:0 SPIKES:0 KILLS:0
2026-08-12 01:04:21   DIST CPU_IDLE(<1%):1 CPU_NORMAL(1-25%):0 CPU_HOT(>=25%):0
2026-08-12 01:09:25 HEARTBEAT PROCS:2 TOP_MEM:PID:18400/83.9MB TOP_CPU:PID:18400/0% SYS_CPU:1%-WD:0% SYS_MEM:3.2/32GB(10%)-WD:0.1GB(0.3%) TRACKING:0 SPIKES:0 KILLS:0
2026-08-12 01:09:26   DIST CPU_IDLE(<1%):2 CPU_NORMAL(1-25%):0 CPU_HOT(>=25%):0
2026-08-12 01:14:29 HEARTBEAT PROCS:1 TOP_MEM:PID:18400/83.9MB TOP_CPU:PID:18400/0% SYS_CPU:1%-WD:0% SYS_MEM:3.2/32GB(10%)-WD:0.1GB(0.3%) TRACKING:0 SPIKES:0 KILLS:0
2026-08-12 01:14:29   DIST CPU_IDLE(<1%):1 CPU_NORMAL(1-25%):0 CPU_HOT(>=25%):0
2026-08-12 01:19:33 HEARTBEAT PROCS:1 TOP_MEM:PID:18400/83.9MB TOP_CPU:PID:18400/0% SYS_CPU:0%-WD:0% SYS_MEM:3.2/32GB(10%)-WD:0.1GB(0.3%) TRACKING:0 SPIKES:0 KILLS:0
2026-08-12 01:19:33   DIST CPU_IDLE(<1%):1 CPU_NORMAL(1-25%):0 CPU_HOT(>=25%):0
2026-08-12 01:24:37 HEARTBEAT PROCS:1 TOP_MEM:PID:18400/83.9MB TOP_CPU:PID:18400/0% SYS_CPU:1%-WD:0% SYS_MEM:3.2/32GB(10%)-WD:0.1GB(0.3%) TRACKING:0 SPIKES:0 KILLS:0
2026-08-12 01:24:37   DIST CPU_IDLE(<1%):1 CPU_NORMAL(1-25%):0 CPU_HOT(>=25%):0
2026-08-12 01:29:40 HEARTBEAT PROCS:1 TOP_MEM:PID:18400/83.9MB TOP_CPU:PID:18400/0% SYS_CPU:0%-WD:0% SYS_MEM:3.2/32GB(10%)-WD:0.1GB(0.3%) TRACKING:0 SPIKES:0 KILLS:0
2026-08-12 01:29:41   DIST CPU_IDLE(<1%):1 CPU_NORMAL(1-25%):0 CPU_HOT(>=25%):0
2026-08-12 01:34:44 HEARTBEAT PROCS:5 TOP_MEM:PID:18400/83.9MB TOP_CPU:PID:2932/0% SYS_CPU:1%-WD:0% SYS_MEM:3.3/32GB(10.3%)-WD:0.2GB(0.6%) TRACKING:0 SPIKES:0 KILLS:0
2026-08-12 01:34:44   DIST CPU_IDLE(<1%):5 CPU_NORMAL(1-25%):0 CPU_HOT(>=25%):0
2026-08-12 01:39:48 HEARTBEAT PROCS:5 TOP_MEM:PID:18400/83.9MB TOP_CPU:PID:2932/0% SYS_CPU:1%-WD:0% SYS_MEM:3.3/32GB(10.3%)-WD:0.2GB(0.6%) TRACKING:0 SPIKES:0 KILLS:0
2026-08-12 01:39:48   DIST CPU_IDLE(<1%):5 CPU_NORMAL(1-25%):0 CPU_HOT(>=25%):0
2026-08-12 01:44:52 HEARTBEAT PROCS:1 TOP_MEM:PID:18400/83.9MB TOP_CPU:PID:18400/0% SYS_CPU:1%-WD:0% SYS_MEM:3.2/32GB(10%)-WD:0.1GB(0.3%) TRACKING:0 SPIKES:0 KILLS:0
2026-08-12 01:44:52   DIST CPU_IDLE(<1%):1 CPU_NORMAL(1-25%):0 CPU_HOT(>=25%):0
2026-08-12 01:49:56 HEARTBEAT PROCS:1 TOP_MEM:PID:18400/83.9MB TOP_CPU:PID:18400/0% SYS_CPU:1%-WD:0% SYS_MEM:3.2/32GB(10%)-WD:0.1GB(0.3%) TRACKING:0 SPIKES:0 KILLS:0
2026-08-12 01:49:56   DIST CPU_IDLE(<1%):1 CPU_NORMAL(1-25%):0 CPU_HOT(>=25%):0
2026-08-12 01:55:00 HEARTBEAT PROCS:1 TOP_MEM:PID:18400/83.9MB TOP_CPU:PID:18400/0% SYS_CPU:1%-WD:0% SYS_MEM:3.2/32GB(10%)-WD:0.1GB(0.3%) TRACKING:0 SPIKES:0 KILLS:0
2026-08-12 01:55:00   DIST CPU_IDLE(<1%):1 CPU_NORMAL(1-25%):0 CPU_HOT(>=25%):0
2026-08-12 02:00:03 HEARTBEAT PROCS:2 TOP_MEM:PID:18400/83.9MB TOP_CPU:PID:18400/0% SYS_CPU:4%-WD:0% SYS_MEM:3.2/32GB(10%)-WD:0.1GB(0.3%) TRACKING:0 SPIKES:0 KILLS:0
2026-08-12 02:00:03   DIST CPU_IDLE(<1%):2 CPU_NORMAL(1-25%):0 CPU_HOT(>=25%):0
2026-08-12 02:05:07 HEARTBEAT PROCS:1 TOP_MEM:PID:18400/83.9MB TOP_CPU:PID:18400/0% SYS_CPU:2%-WD:0% SYS_MEM:3.2/32GB(10%)-WD:0.1GB(0.3%) TRACKING:0 SPIKES:0 KILLS:0
2026-08-12 02:05:07   DIST CPU_IDLE(<1%):1 CPU_NORMAL(1-25%):0 CPU_HOT(>=25%):0
2026-08-12 02:10:11 HEARTBEAT PROCS:7 TOP_MEM:PID:18400/83.9MB TOP_CPU:PID:18400/0% SYS_CPU:1%-WD:0% SYS_MEM:3.3/32GB(10.3%)-WD:0.3GB(0.9%) TRACKING:0 SPIKES:0 KILLS:0
2026-08-12 02:10:11   DIST CPU_IDLE(<1%):7 CPU_NORMAL(1-25%):0 CPU_HOT(>=25%):0
2026-08-12 02:15:15 HEARTBEAT PROCS:1 TOP_MEM:PID:18400/83.9MB TOP_CPU:PID:18400/0% SYS_CPU:1%-WD:0% SYS_MEM:3.2/32GB(10%)-WD:0.1GB(0.3%) TRACKING:0 SPIKES:0 KILLS:0
2026-08-12 02:15:15   DIST CPU_IDLE(<1%):1 CPU_NORMAL(1-25%):0 CPU_HOT(>=25%):0
2026-08-12 02:20:18 HEARTBEAT PROCS:2 TOP_MEM:PID:18400/83.9MB TOP_CPU:PID:18400/0% SYS_CPU:0%-WD:0% SYS_MEM:3.2/32GB(10%)-WD:0.1GB(0.3%) TRACKING:0 SPIKES:0 KILLS:0
2026-08-12 02:20:18   DIST CPU_IDLE(<1%):2 CPU_NORMAL(1-25%):0 CPU_HOT(>=25%):0
2026-08-12 02:25:22 HEARTBEAT PROCS:1 TOP_MEM:PID:18400/83.9MB TOP_CPU:PID:18400/0% SYS_CPU:0%-WD:0% SYS_MEM:3.2/32GB(10%)-WD:0.1GB(0.3%) TRACKING:0 SPIKES:0 KILLS:0
2026-08-12 02:25:22   DIST CPU_IDLE(<1%):1 CPU_NORMAL(1-25%):0 CPU_HOT(>=25%):0
2026-08-12 02:30:26 HEARTBEAT PROCS:1 TOP_MEM:PID:18400/83.9MB TOP_CPU:PID:18400/0% SYS_CPU:1%-WD:0% SYS_MEM:3.2/32GB(10%)-WD:0.1GB(0.3%) TRACKING:0 SPIKES:0 KILLS:0
2026-08-12 02:30:26   DIST CPU_IDLE(<1%):1 CPU_NORMAL(1-25%):0 CPU_HOT(>=25%):0
2026-08-12 02:35:29 HEARTBEAT PROCS:1 TOP_MEM:PID:18400/83.9MB TOP_CPU:PID:18400/0% SYS_CPU:0%-WD:0% SYS_MEM:3.2/32GB(10%)-WD:0.1GB(0.3%) TRACKING:0 SPIKES:0 KILLS:0
2026-08-12 02:35:29   DIST CPU_IDLE(<1%):1 CPU_NORMAL(1-25%):0 CPU_HOT(>=25%):0
2026-08-12 02:40:33 HEARTBEAT PROCS:4 TOP_MEM:PID:18400/83.9MB TOP_CPU:PID:16880/0% SYS_CPU:0%-WD:0% SYS_MEM:3.3/32GB(10.3%)-WD:0.2GB(0.6%) TRACKING:0 SPIKES:0 KILLS:0
2026-08-12 02:40:33   DIST CPU_IDLE(<1%):4 CPU_NORMAL(1-25%):0 CPU_HOT(>=25%):0
2026-08-12 02:45:37 HEARTBEAT PROCS:2 TOP_MEM:PID:18400/83.9MB TOP_CPU:PID:18400/0% SYS_CPU:1%-WD:0% SYS_MEM:3.2/32GB(10%)-WD:0.1GB(0.3%) TRACKING:0 SPIKES:0 KILLS:0
2026-08-12 02:45:37   DIST CPU_IDLE(<1%):2 CPU_NORMAL(1-25%):0 CPU_HOT(>=25%):0
2026-08-12 02:50:41 HEARTBEAT PROCS:6 TOP_MEM:PID:18400/83.9MB TOP_CPU:PID:12840/0% SYS_CPU:1%-WD:0% SYS_MEM:3.3/32GB(10.3%)-WD:0.3GB(0.9%) TRACKING:0 SPIKES:0 KILLS:0
2026-08-12 02:50:41   DIST CPU_IDLE(<1%):6 CPU_NORMAL(1-25%):0 CPU_HOT(>=25%):0
2026-08-12 02:55:45 HEARTBEAT PROCS:7 TOP_MEM:PID:18400/83.9MB TOP_CPU:PID:12840/0% SYS_CPU:0%-WD:0% SYS_MEM:3.3/32GB(10.3%)-WD:0.4GB(1.2%) TRACKING:0 SPIKES:0 KILLS:0
2026-08-12 02:55:45   DIST CPU_IDLE(<1%):7 CPU_NORMAL(1-25%):0 CPU_HOT(>=25%):0
2026-08-12 03:00:49 HEARTBEAT PROCS:12 TOP_MEM:PID:18400/83.9MB TOP_CPU:PID:956/0% SYS_CPU:4%-WD:0% SYS_MEM:3.4/32GB(10.6%)-WD:0.5GB(1.6%) TRACKING:0 SPIKES:0 KILLS:0
2026-08-12 03:00:49   DIST CPU_IDLE(<1%):12 CPU_NORMAL(1-25%):0 CPU_HOT(>=25%):0
2026-08-12 03:05:53 HEARTBEAT PROCS:3 TOP_MEM:PID:18400/83.9MB TOP_CPU:PID:12128/0% SYS_CPU:1%-WD:0% SYS_MEM:3.2/32GB(10%)-WD:0.2GB(0.6%) TRACKING:0 SPIKES:0 KILLS:0
2026-08-12 03:05:53   DIST CPU_IDLE(<1%):3 CPU_NORMAL(1-25%):0 CPU_HOT(>=25%):0
2026-08-12 03:10:56 HEARTBEAT PROCS:2 TOP_MEM:PID:18400/83.9MB TOP_CPU:PID:18400/0% SYS_CPU:1%-WD:0% SYS_MEM:3.2/32GB(10%)-WD:0.1GB(0.3%) TRACKING:0 SPIKES:0 KILLS:0
2026-08-12 03:10:56   DIST CPU_IDLE(<1%):2 CPU_NORMAL(1-25%):0 CPU_HOT(>=25%):0
2026-08-12 03:16:01 HEARTBEAT PROCS:5 TOP_MEM:PID:18400/83.9MB TOP_CPU:PID:10180/0% SYS_CPU:1%-WD:0% SYS_MEM:3.3/32GB(10.3%)-WD:0.2GB(0.6%) TRACKING:0 SPIKES:0 KILLS:0
2026-08-12 03:16:01   DIST CPU_IDLE(<1%):5 CPU_NORMAL(1-25%):0 CPU_HOT(>=25%):0
2026-08-12 03:21:04 HEARTBEAT PROCS:1 TOP_MEM:PID:18400/83.9MB TOP_CPU:PID:18400/0% SYS_CPU:1%-WD:0% SYS_MEM:3.2/32GB(10%)-WD:0.1GB(0.3%) TRACKING:0 SPIKES:0 KILLS:0
2026-08-12 03:21:04   DIST CPU_IDLE(<1%):1 CPU_NORMAL(1-25%):0 CPU_HOT(>=25%):0
2026-08-12 03:26:08 HEARTBEAT PROCS:5 TOP_MEM:PID:18400/83.9MB TOP_CPU:PID:9368/0% SYS_CPU:1%-WD:0% SYS_MEM:3.2/32GB(10%)-WD:0.2GB(0.6%) TRACKING:0 SPIKES:0 KILLS:0
2026-08-12 03:26:08   DIST CPU_IDLE(<1%):5 CPU_NORMAL(1-25%):0 CPU_HOT(>=25%):0
2026-08-12 03:31:12 HEARTBEAT PROCS:1 TOP_MEM:PID:2416/44.2MB TOP_CPU:PID:2416/0% SYS_CPU:4%-WD:0% SYS_MEM:3.2/32GB(10%)-WD:0GB(0%) TRACKING:0 SPIKES:0 KILLS:0
2026-08-12 03:31:12   DIST CPU_IDLE(<1%):1 CPU_NORMAL(1-25%):0 CPU_HOT(>=25%):0
2026-08-12 03:36:16 HEARTBEAT PROCS:2 TOP_MEM:PID:11472/43.5MB TOP_CPU:PID:11472/0% SYS_CPU:2%-WD:0% SYS_MEM:3.2/32GB(10%)-WD:0.1GB(0.3%) TRACKING:0 SPIKES:0 KILLS:0
2026-08-12 03:36:16   DIST CPU_IDLE(<1%):2 CPU_NORMAL(1-25%):0 CPU_HOT(>=25%):0
2026-08-12 03:41:19 HEARTBEAT PROCS:0 TOP_MEM:none TOP_CPU:none SYS_CPU:19%-WD:0% SYS_MEM:3.2/32GB(10%)-WD:0GB(0%) TRACKING:0 SPIKES:0 KILLS:0
2026-08-12 03:41:19   DIST CPU_IDLE(<1%):0 CPU_NORMAL(1-25%):0 CPU_HOT(>=25%):0
2026-08-12 03:46:22 HEARTBEAT PROCS:0 TOP_MEM:none TOP_CPU:none SYS_CPU:1%-WD:0% SYS_MEM:3.1/32GB(9.7%)-WD:0GB(0%) TRACKING:0 SPIKES:0 KILLS:0
2026-08-12 03:46:22   DIST CPU_IDLE(<1%):0 CPU_NORMAL(1-25%):0 CPU_HOT(>=25%):0
2026-08-12 03:51:26 HEARTBEAT PROCS:13 TOP_MEM:PID:16700/113.4MB TOP_CPU:PID:13072/0% SYS_CPU:1%-WD:0% SYS_MEM:3.6/32GB(11.2%)-WD:0.6GB(1.9%) TRACKING:0 SPIKES:0 KILLS:0
2026-08-12 03:51:26   DIST CPU_IDLE(<1%):13 CPU_NORMAL(1-25%):0 CPU_HOT(>=25%):0
2026-08-12 03:56:30 HEARTBEAT PROCS:15 TOP_MEM:PID:9172/124.9MB TOP_CPU:PID:13072/0% SYS_CPU:1%-WD:0% SYS_MEM:3.8/32GB(11.9%)-WD:0.7GB(2.2%) TRACKING:0 SPIKES:0 KILLS:0
2026-08-12 03:56:30   DIST CPU_IDLE(<1%):15 CPU_NORMAL(1-25%):0 CPU_HOT(>=25%):0
2026-08-12 04:01:33 HEARTBEAT PROCS:4 TOP_MEM:PID:9172/124.9MB TOP_CPU:PID:10020/0% SYS_CPU:1%-WD:0% SYS_MEM:3.5/32GB(10.9%)-WD:0.3GB(0.9%) TRACKING:0 SPIKES:0 KILLS:0
2026-08-12 04:01:33   DIST CPU_IDLE(<1%):4 CPU_NORMAL(1-25%):0 CPU_HOT(>=25%):0
2026-08-12 04:06:38 HEARTBEAT PROCS:3 TOP_MEM:PID:9172/124.9MB TOP_CPU:PID:9172/0% SYS_CPU:1%-WD:0% SYS_MEM:3.5/32GB(10.9%)-WD:0.3GB(0.9%) TRACKING:0 SPIKES:0 KILLS:0
2026-08-12 04:06:38   DIST CPU_IDLE(<1%):3 CPU_NORMAL(1-25%):0 CPU_HOT(>=25%):0
2026-08-12 04:11:41 HEARTBEAT PROCS:0 TOP_MEM:none TOP_CPU:none SYS_CPU:1%-WD:0% SYS_MEM:3.1/32GB(9.7%)-WD:0GB(0%) TRACKING:0 SPIKES:0 KILLS:0
2026-08-12 04:11:41   DIST CPU_IDLE(<1%):0 CPU_NORMAL(1-25%):0 CPU_HOT(>=25%):0
2026-08-12 04:16:44 HEARTBEAT PROCS:0 TOP_MEM:none TOP_CPU:none SYS_CPU:1%-WD:0% SYS_MEM:3.1/32GB(9.7%)-WD:0GB(0%) TRACKING:0 SPIKES:0 KILLS:0
2026-08-12 04:16:44   DIST CPU_IDLE(<1%):0 CPU_NORMAL(1-25%):0 CPU_HOT(>=25%):0
2026-08-12 04:21:47 HEARTBEAT PROCS:0 TOP_MEM:none TOP_CPU:none SYS_CPU:1%-WD:0% SYS_MEM:3.1/32GB(9.7%)-WD:0GB(0%) TRACKING:0 SPIKES:0 KILLS:0
2026-08-12 04:21:47   DIST CPU_IDLE(<1%):0 CPU_NORMAL(1-25%):0 CPU_HOT(>=25%):0
2026-08-12 04:26:51 HEARTBEAT PROCS:4 TOP_MEM:PID:6656/34.8MB TOP_CPU:PID:6656/0% SYS_CPU:1%-WD:0% SYS_MEM:3.2/32GB(10%)-WD:0.1GB(0.3%) TRACKING:0 SPIKES:0 KILLS:0
2026-08-12 04:26:51   DIST CPU_IDLE(<1%):4 CPU_NORMAL(1-25%):0 CPU_HOT(>=25%):0
2026-08-12 04:31:54 HEARTBEAT PROCS:0 TOP_MEM:none TOP_CPU:none SYS_CPU:1%-WD:0% SYS_MEM:3.1/32GB(9.7%)-WD:0GB(0%) TRACKING:0 SPIKES:0 KILLS:0
2026-08-12 04:31:54   DIST CPU_IDLE(<1%):0 CPU_NORMAL(1-25%):0 CPU_HOT(>=25%):0
2026-08-12 04:36:57 HEARTBEAT PROCS:0 TOP_MEM:none TOP_CPU:none SYS_CPU:1%-WD:0% SYS_MEM:3.1/32GB(9.7%)-WD:0GB(0%) TRACKING:0 SPIKES:0 KILLS:0
2026-08-12 04:36:57   DIST CPU_IDLE(<1%):0 CPU_NORMAL(1-25%):0 CPU_HOT(>=25%):0
2026-08-12 04:42:00 HEARTBEAT PROCS:5 TOP_MEM:PID:10648/44.1MB TOP_CPU:PID:10648/0% SYS_CPU:0%-WD:0% SYS_MEM:3.2/32GB(10%)-WD:0.2GB(0.6%) TRACKING:0 SPIKES:0 KILLS:0
2026-08-12 04:42:00   DIST CPU_IDLE(<1%):5 CPU_NORMAL(1-25%):0 CPU_HOT(>=25%):0
2026-08-12 04:47:04 HEARTBEAT PROCS:5 TOP_MEM:PID:10648/44.1MB TOP_CPU:PID:10648/0% SYS_CPU:1%-WD:0% SYS_MEM:3.2/32GB(10%)-WD:0.2GB(0.6%) TRACKING:0 SPIKES:0 KILLS:0
2026-08-12 04:47:04   DIST CPU_IDLE(<1%):5 CPU_NORMAL(1-25%):0 CPU_HOT(>=25%):0
2026-08-12 04:52:08 HEARTBEAT PROCS:1 TOP_MEM:PID:10648/44.1MB TOP_CPU:PID:10648/0% SYS_CPU:1%-WD:0% SYS_MEM:3.2/32GB(10%)-WD:0GB(0%) TRACKING:0 SPIKES:0 KILLS:0
2026-08-12 04:52:08   DIST CPU_IDLE(<1%):1 CPU_NORMAL(1-25%):0 CPU_HOT(>=25%):0
2026-08-12 04:57:11 HEARTBEAT PROCS:0 TOP_MEM:none TOP_CPU:none SYS_CPU:1%-WD:0% SYS_MEM:3.1/32GB(9.7%)-WD:0GB(0%) TRACKING:0 SPIKES:0 KILLS:0
2026-08-12 04:57:11   DIST CPU_IDLE(<1%):0 CPU_NORMAL(1-25%):0 CPU_HOT(>=25%):0
2026-08-12 05:02:15 HEARTBEAT PROCS:10 TOP_MEM:PID:16604/74.5MB TOP_CPU:PID:5320/0% SYS_CPU:1%-WD:0% SYS_MEM:3.3/32GB(10.3%)-WD:0.4GB(1.2%) TRACKING:0 SPIKES:0 KILLS:0
2026-08-12 05:02:15   DIST CPU_IDLE(<1%):10 CPU_NORMAL(1-25%):0 CPU_HOT(>=25%):0
2026-08-12 05:07:19 HEARTBEAT PROCS:1 TOP_MEM:PID:16604/76.5MB TOP_CPU:PID:16604/0% SYS_CPU:1%-WD:0% SYS_MEM:3.2/32GB(10%)-WD:0.1GB(0.3%) TRACKING:0 SPIKES:0 KILLS:0
2026-08-12 05:07:19   DIST CPU_IDLE(<1%):1 CPU_NORMAL(1-25%):0 CPU_HOT(>=25%):0
2026-08-12 05:12:23 HEARTBEAT PROCS:3 TOP_MEM:PID:16604/76MB TOP_CPU:PID:16604/0% SYS_CPU:2%-WD:0% SYS_MEM:3.2/32GB(10%)-WD:0.1GB(0.3%) TRACKING:0 SPIKES:0 KILLS:0
2026-08-12 05:12:23   DIST CPU_IDLE(<1%):3 CPU_NORMAL(1-25%):0 CPU_HOT(>=25%):0
2026-08-12 05:17:26 HEARTBEAT PROCS:3 TOP_MEM:PID:16604/76.3MB TOP_CPU:PID:16604/0% SYS_CPU:0%-WD:0% SYS_MEM:3.2/32GB(10%)-WD:0.2GB(0.6%) TRACKING:0 SPIKES:0 KILLS:0
2026-08-12 05:17:26   DIST CPU_IDLE(<1%):3 CPU_NORMAL(1-25%):0 CPU_HOT(>=25%):0
2026-08-12 05:22:30 HEARTBEAT PROCS:6 TOP_MEM:PID:2920/77.3MB TOP_CPU:PID:15624/0% SYS_CPU:2%-WD:0% SYS_MEM:3.3/32GB(10.3%)-WD:0.3GB(0.9%) TRACKING:0 SPIKES:0 KILLS:0
2026-08-12 05:22:30   DIST CPU_IDLE(<1%):6 CPU_NORMAL(1-25%):0 CPU_HOT(>=25%):0
2026-08-12 05:27:34 HEARTBEAT PROCS:9 TOP_MEM:PID:2920/80.8MB TOP_CPU:PID:12872/0% SYS_CPU:1%-WD:0% SYS_MEM:3.4/32GB(10.6%)-WD:0.5GB(1.6%) TRACKING:0 SPIKES:0 KILLS:0
2026-08-12 05:27:34   DIST CPU_IDLE(<1%):9 CPU_NORMAL(1-25%):0 CPU_HOT(>=25%):0
2026-08-12 05:32:38 HEARTBEAT PROCS:5 TOP_MEM:PID:2920/95.7MB TOP_CPU:PID:2920/0% SYS_CPU:2%-WD:0% SYS_MEM:3.3/32GB(10.3%)-WD:0.3GB(0.9%) TRACKING:0 SPIKES:0 KILLS:0
2026-08-12 05:32:38   DIST CPU_IDLE(<1%):5 CPU_NORMAL(1-25%):0 CPU_HOT(>=25%):0
2026-08-12 05:37:41 HEARTBEAT PROCS:14 TOP_MEM:PID:2920/93MB TOP_CPU:PID:4120/0% SYS_CPU:2%-WD:0% SYS_MEM:3.5/32GB(10.9%)-WD:0.7GB(2.2%) TRACKING:0 SPIKES:0 KILLS:0
2026-08-12 05:37:41   DIST CPU_IDLE(<1%):14 CPU_NORMAL(1-25%):0 CPU_HOT(>=25%):0
2026-08-12 05:42:46 HEARTBEAT PROCS:11 TOP_MEM:PID:16604/93.5MB TOP_CPU:PID:12872/0% SYS_CPU:0%-WD:0% SYS_MEM:3.5/32GB(10.9%)-WD:0.6GB(1.9%) TRACKING:0 SPIKES:0 KILLS:0
2026-08-12 05:42:46   DIST CPU_IDLE(<1%):11 CPU_NORMAL(1-25%):0 CPU_HOT(>=25%):0
2026-08-12 05:47:49 HEARTBEAT PROCS:10 TOP_MEM:PID:16604/93.5MB TOP_CPU:PID:16700/0% SYS_CPU:0%-WD:0% SYS_MEM:3.4/32GB(10.6%)-WD:0.5GB(1.6%) TRACKING:0 SPIKES:0 KILLS:0
2026-08-12 05:47:49   DIST CPU_IDLE(<1%):10 CPU_NORMAL(1-25%):0 CPU_HOT(>=25%):0
2026-08-12 05:52:53 HEARTBEAT PROCS:11 TOP_MEM:PID:16604/93.5MB TOP_CPU:PID:6448/0% SYS_CPU:1%-WD:0% SYS_MEM:3.4/32GB(10.6%)-WD:0.5GB(1.6%) TRACKING:0 SPIKES:0 KILLS:0
2026-08-12 05:52:53   DIST CPU_IDLE(<1%):11 CPU_NORMAL(1-25%):0 CPU_HOT(>=25%):0
2026-08-12 05:57:57 HEARTBEAT PROCS:7 TOP_MEM:PID:16604/93.5MB TOP_CPU:PID:6448/0% SYS_CPU:1%-WD:0% SYS_MEM:3.4/32GB(10.6%)-WD:0.4GB(1.2%) TRACKING:0 SPIKES:0 KILLS:0
2026-08-12 05:57:57   DIST CPU_IDLE(<1%):7 CPU_NORMAL(1-25%):0 CPU_HOT(>=25%):0
2026-08-12 06:03:01 HEARTBEAT PROCS:3 TOP_MEM:PID:16604/93.5MB TOP_CPU:PID:16604/0% SYS_CPU:0%-WD:0% SYS_MEM:3.3/32GB(10.3%)-WD:0.2GB(0.6%) TRACKING:0 SPIKES:0 KILLS:0
2026-08-12 06:03:01   DIST CPU_IDLE(<1%):3 CPU_NORMAL(1-25%):0 CPU_HOT(>=25%):0
2026-08-12 06:08:04 HEARTBEAT PROCS:11 TOP_MEM:PID:16604/93.5MB TOP_CPU:PID:17736/0% SYS_CPU:1%-WD:0% SYS_MEM:3.4/32GB(10.6%)-WD:0.5GB(1.6%) TRACKING:0 SPIKES:0 KILLS:0
2026-08-12 06:08:04   DIST CPU_IDLE(<1%):11 CPU_NORMAL(1-25%):0 CPU_HOT(>=25%):0
2026-08-12 06:13:08 HEARTBEAT PROCS:16 TOP_MEM:PID:16604/93.5MB TOP_CPU:PID:18368/0% SYS_CPU:1%-WD:0% SYS_MEM:3.5/32GB(10.9%)-WD:0.8GB(2.5%) TRACKING:0 SPIKES:0 KILLS:0
2026-08-12 06:13:08   DIST CPU_IDLE(<1%):16 CPU_NORMAL(1-25%):0 CPU_HOT(>=25%):0
2026-08-12 06:18:12 HEARTBEAT PROCS:20 TOP_MEM:PID:16604/93.5MB TOP_CPU:PID:18368/0% SYS_CPU:0%-WD:0% SYS_MEM:3.6/32GB(11.2%)-WD:0.9GB(2.8%) TRACKING:0 SPIKES:0 KILLS:0
2026-08-12 06:18:12   DIST CPU_IDLE(<1%):20 CPU_NORMAL(1-25%):0 CPU_HOT(>=25%):0
2026-08-12 06:23:16 HEARTBEAT PROCS:10 TOP_MEM:PID:16604/93.5MB TOP_CPU:PID:13504/0% SYS_CPU:1%-WD:0% SYS_MEM:3.4/32GB(10.6%)-WD:0.5GB(1.6%) TRACKING:0 SPIKES:0 KILLS:0
2026-08-12 06:23:16   DIST CPU_IDLE(<1%):10 CPU_NORMAL(1-25%):0 CPU_HOT(>=25%):0
2026-08-12 06:28:20 HEARTBEAT PROCS:10 TOP_MEM:PID:12872/95.5MB TOP_CPU:PID:4908/0% SYS_CPU:1%-WD:0% SYS_MEM:3.5/32GB(10.9%)-WD:0.6GB(1.9%) TRACKING:0 SPIKES:0 KILLS:0
2026-08-12 06:28:20   DIST CPU_IDLE(<1%):10 CPU_NORMAL(1-25%):0 CPU_HOT(>=25%):0
2026-08-12 06:33:24 HEARTBEAT PROCS:21 TOP_MEM:PID:16604/93.5MB TOP_CPU:PID:1496/2.1% SYS_CPU:1%-WD:2.1% SYS_MEM:3.6/32GB(11.2%)-WD:0.9GB(2.8%) TRACKING:0 SPIKES:0 KILLS:0
2026-08-12 06:33:24   DIST CPU_IDLE(<1%):20 CPU_NORMAL(1-25%):1 CPU_HOT(>=25%):0
2026-08-12 06:38:27 HEARTBEAT PROCS:30 TOP_MEM:PID:12872/94.9MB TOP_CPU:PID:6976/0% SYS_CPU:8%-WD:0% SYS_MEM:3.8/32GB(11.9%)-WD:1.3GB(4.1%) TRACKING:0 SPIKES:1 KILLS:0
2026-08-12 06:38:27   DIST CPU_IDLE(<1%):30 CPU_NORMAL(1-25%):0 CPU_HOT(>=25%):0
2026-08-12 06:43:32 HEARTBEAT PROCS:22 TOP_MEM:PID:12872/94.9MB TOP_CPU:PID:6340/0% SYS_CPU:1%-WD:0% SYS_MEM:3.7/32GB(11.6%)-WD:1GB(3.1%) TRACKING:0 SPIKES:0 KILLS:0
2026-08-12 06:43:32   DIST CPU_IDLE(<1%):22 CPU_NORMAL(1-25%):0 CPU_HOT(>=25%):0
2026-08-12 06:48:35 HEARTBEAT PROCS:21 TOP_MEM:PID:12872/94.9MB TOP_CPU:PID:9224/0% SYS_CPU:1%-WD:0% SYS_MEM:3.7/32GB(11.6%)-WD:1GB(3.1%) TRACKING:0 SPIKES:1 KILLS:0
2026-08-12 06:48:35   DIST CPU_IDLE(<1%):21 CPU_NORMAL(1-25%):0 CPU_HOT(>=25%):0
2026-08-12 06:53:39 HEARTBEAT PROCS:18 TOP_MEM:PID:12872/94.9MB TOP_CPU:PID:6168/0% SYS_CPU:2%-WD:0% SYS_MEM:3.7/32GB(11.6%)-WD:1GB(3.1%) TRACKING:0 SPIKES:0 KILLS:0
2026-08-12 06:53:39   DIST CPU_IDLE(<1%):18 CPU_NORMAL(1-25%):0 CPU_HOT(>=25%):0
2026-08-12 06:58:43 HEARTBEAT PROCS:16 TOP_MEM:PID:16604/93.5MB TOP_CPU:PID:14592/0% SYS_CPU:0%-WD:0% SYS_MEM:3.6/32GB(11.2%)-WD:0.8GB(2.5%) TRACKING:0 SPIKES:0 KILLS:0
2026-08-12 06:58:43   DIST CPU_IDLE(<1%):16 CPU_NORMAL(1-25%):0 CPU_HOT(>=25%):0
2026-08-12 07:03:47 HEARTBEAT PROCS:32 TOP_MEM:PID:16604/93.5MB TOP_CPU:PID:6616/0% SYS_CPU:1%-WD:0% SYS_MEM:4/32GB(12.5%)-WD:1.4GB(4.4%) TRACKING:0 SPIKES:0 KILLS:0
2026-08-12 07:03:47   DIST CPU_IDLE(<1%):32 CPU_NORMAL(1-25%):0 CPU_HOT(>=25%):0
2026-08-12 07:08:51 HEARTBEAT PROCS:26 TOP_MEM:PID:16604/93.5MB TOP_CPU:PID:15332/0% SYS_CPU:2%-WD:0% SYS_MEM:3.9/32GB(12.2%)-WD:1.3GB(4.1%) TRACKING:0 SPIKES:0 KILLS:0
2026-08-12 07:08:51   DIST CPU_IDLE(<1%):26 CPU_NORMAL(1-25%):0 CPU_HOT(>=25%):0
2026-08-12 07:13:55 HEARTBEAT PROCS:31 TOP_MEM:PID:2976/97.6MB TOP_CPU:PID:12048/0% SYS_CPU:1%-WD:0% SYS_MEM:4/32GB(12.5%)-WD:1.5GB(4.7%) TRACKING:0 SPIKES:0 KILLS:0
2026-08-12 07:13:55   DIST CPU_IDLE(<1%):31 CPU_NORMAL(1-25%):0 CPU_HOT(>=25%):0
2026-08-12 07:19:00 HEARTBEAT PROCS:32 TOP_MEM:PID:2976/100.6MB TOP_CPU:PID:16236/0% SYS_CPU:1%-WD:0% SYS_MEM:4.1/32GB(12.8%)-WD:1.6GB(5%) TRACKING:0 SPIKES:1 KILLS:0
2026-08-12 07:19:00   DIST CPU_IDLE(<1%):32 CPU_NORMAL(1-25%):0 CPU_HOT(>=25%):0
2026-08-12 07:24:04 HEARTBEAT PROCS:40 TOP_MEM:PID:2976/100.5MB TOP_CPU:PID:16236/0% SYS_CPU:1%-WD:0% SYS_MEM:4.3/32GB(13.4%)-WD:1.9GB(5.9%) TRACKING:0 SPIKES:0 KILLS:0
2026-08-12 07:24:04   DIST CPU_IDLE(<1%):40 CPU_NORMAL(1-25%):0 CPU_HOT(>=25%):0
2026-08-12 07:29:08 HEARTBEAT PROCS:51 TOP_MEM:PID:2976/100.5MB TOP_CPU:PID:16056/0% SYS_CPU:2%-WD:0% SYS_MEM:4.6/32GB(14.4%)-WD:2.4GB(7.5%) TRACKING:0 SPIKES:2 KILLS:0
2026-08-12 07:29:08   DIST CPU_IDLE(<1%):51 CPU_NORMAL(1-25%):0 CPU_HOT(>=25%):0
2026-08-12 07:34:13 HEARTBEAT PROCS:40 TOP_MEM:PID:11460/97.6MB TOP_CPU:PID:6360/0% SYS_CPU:1%-WD:0% SYS_MEM:4.5/32GB(14.1%)-WD:2.2GB(6.9%) TRACKING:0 SPIKES:3 KILLS:0
2026-08-12 07:34:13   DIST CPU_IDLE(<1%):40 CPU_NORMAL(1-25%):0 CPU_HOT(>=25%):0
2026-08-12 07:39:18 HEARTBEAT PROCS:43 TOP_MEM:PID:11616/119.8MB TOP_CPU:PID:8608/0% SYS_CPU:0%-WD:0% SYS_MEM:4.7/32GB(14.7%)-WD:2.4GB(7.5%) TRACKING:0 SPIKES:0 KILLS:0
2026-08-12 07:39:18   DIST CPU_IDLE(<1%):43 CPU_NORMAL(1-25%):0 CPU_HOT(>=25%):0
2026-08-12 07:44:22 HEARTBEAT PROCS:58 TOP_MEM:PID:15544/145.5MB TOP_CPU:PID:15544/2.1% SYS_CPU:4%-WD:2.1% SYS_MEM:5.1/32GB(15.9%)-WD:3.1GB(9.7%) TRACKING:0 SPIKES:2 KILLS:0
2026-08-12 07:44:22   DIST CPU_IDLE(<1%):57 CPU_NORMAL(1-25%):1 CPU_HOT(>=25%):0
2026-08-12 07:49:22 HEARTBEAT PROCS:58 TOP_MEM:PID:11616/119.8MB TOP_CPU:PID:10352/0% SYS_CPU:1%-WD:0% SYS_MEM:5.1/32GB(15.9%)-WD:3.1GB(9.7%) TRACKING:0 SPIKES:1 KILLS:0
2026-08-12 07:49:22   DIST CPU_IDLE(<1%):58 CPU_NORMAL(1-25%):0 CPU_HOT(>=25%):0
2026-08-12 07:54:27 HEARTBEAT PROCS:61 TOP_MEM:PID:11616/119.8MB TOP_CPU:PID:10352/0% SYS_CPU:0%-WD:0% SYS_MEM:5.4/32GB(16.9%)-WD:3.5GB(10.9%) TRACKING:0 SPIKES:0 KILLS:0
2026-08-12 07:54:27   DIST CPU_IDLE(<1%):61 CPU_NORMAL(1-25%):0 CPU_HOT(>=25%):0
2026-08-12 07:59:32 HEARTBEAT PROCS:67 TOP_MEM:PID:12352/102.9MB TOP_CPU:PID:17328/2.1% SYS_CPU:0%-WD:2.1% SYS_MEM:5.6/32GB(17.5%)-WD:3.8GB(11.9%) TRACKING:0 SPIKES:0 KILLS:0
2026-08-12 07:59:32   DIST CPU_IDLE(<1%):66 CPU_NORMAL(1-25%):1 CPU_HOT(>=25%):0
2026-08-12 08:04:32 HEARTBEAT PROCS:73 TOP_MEM:PID:12352/104.3MB TOP_CPU:PID:16464/3.6% SYS_CPU:2%-WD:3.6% SYS_MEM:5.9/32GB(18.4%)-WD:4.2GB(13.1%) TRACKING:0 SPIKES:16 KILLS:0
2026-08-12 08:04:32   DIST CPU_IDLE(<1%):72 CPU_NORMAL(1-25%):1 CPU_HOT(>=25%):0
2026-08-12 08:09:37 HEARTBEAT PROCS:62 TOP_MEM:PID:12352/106.2MB TOP_CPU:PID:3840/0.6% SYS_CPU:2%-WD:0.6% SYS_MEM:5.9/32GB(18.4%)-WD:4GB(12.5%) TRACKING:0 SPIKES:10 KILLS:0
2026-08-12 08:09:37   DIST CPU_IDLE(<1%):62 CPU_NORMAL(1-25%):0 CPU_HOT(>=25%):0
2026-08-12 08:14:42 HEARTBEAT PROCS:68 TOP_MEM:PID:2644/127.5MB TOP_CPU:PID:17988/0% SYS_CPU:1%-WD:0% SYS_MEM:6.2/32GB(19.4%)-WD:4.5GB(14.1%) TRACKING:0 SPIKES:0 KILLS:0
2026-08-12 08:14:42   DIST CPU_IDLE(<1%):68 CPU_NORMAL(1-25%):0 CPU_HOT(>=25%):0
2026-08-12 08:19:43 HEARTBEAT PROCS:126 TOP_MEM:PID:16464/112.4MB TOP_CPU:PID:12660/4.8% SYS_CPU:1%-WD:5.4% SYS_MEM:7.6/32GB(23.8%)-WD:6.8GB(21.2%) TRACKING:0 SPIKES:0 KILLS:0
2026-08-12 08:19:43   DIST CPU_IDLE(<1%):125 CPU_NORMAL(1-25%):1 CPU_HOT(>=25%):0
2026-08-12 08:24:45 HEARTBEAT PROCS:127 TOP_MEM:PID:16464/112.4MB TOP_CPU:PID:2032/0% SYS_CPU:1%-WD:0% SYS_MEM:8.1/32GB(25.3%)-WD:7.5GB(23.4%) TRACKING:0 SPIKES:18 KILLS:0
2026-08-12 08:24:45   DIST CPU_IDLE(<1%):127 CPU_NORMAL(1-25%):0 CPU_HOT(>=25%):0
2026-08-12 08:29:47 HEARTBEAT PROCS:124 TOP_MEM:PID:16464/112.7MB TOP_CPU:PID:17388/2% SYS_CPU:2%-WD:3.2% SYS_MEM:8.2/32GB(25.6%)-WD:7.6GB(23.8%) TRACKING:0 SPIKES:8 KILLS:0
2026-08-12 08:29:47   DIST CPU_IDLE(<1%):123 CPU_NORMAL(1-25%):1 CPU_HOT(>=25%):0
2026-08-12 08:34:49 HEARTBEAT PROCS:123 TOP_MEM:PID:1412/113.5MB TOP_CPU:PID:11524/2.8% SYS_CPU:1%-WD:4.8% SYS_MEM:8.2/32GB(25.6%)-WD:7.4GB(23.1%) TRACKING:0 SPIKES:3 KILLS:0
2026-08-12 08:34:49   DIST CPU_IDLE(<1%):121 CPU_NORMAL(1-25%):2 CPU_HOT(>=25%):0
2026-08-12 08:39:51 HEARTBEAT PROCS:103 TOP_MEM:PID:1412/113.6MB TOP_CPU:PID:16712/4.4% SYS_CPU:2%-WD:4.4% SYS_MEM:7.9/32GB(24.7%)-WD:6.8GB(21.2%) TRACKING:0 SPIKES:0 KILLS:0
2026-08-12 08:39:51   DIST CPU_IDLE(<1%):102 CPU_NORMAL(1-25%):1 CPU_HOT(>=25%):0
2026-08-12 08:44:53 HEARTBEAT PROCS:149 TOP_MEM:PID:1412/113.6MB TOP_CPU:PID:3288/0.6% SYS_CPU:7%-WD:0.6% SYS_MEM:9.1/32GB(28.4%)-WD:8.8GB(27.5%) TRACKING:0 SPIKES:2 KILLS:0
2026-08-12 08:44:53   DIST CPU_IDLE(<1%):149 CPU_NORMAL(1-25%):0 CPU_HOT(>=25%):0
2026-08-12 08:49:56 HEARTBEAT PROCS:152 TOP_MEM:PID:11616/119.9MB TOP_CPU:PID:17640/6.1% SYS_CPU:2%-WD:6.1% SYS_MEM:9.3/32GB(29.1%)-WD:9.2GB(28.7%) TRACKING:0 SPIKES:7 KILLS:0
2026-08-12 08:49:56   DIST CPU_IDLE(<1%):151 CPU_NORMAL(1-25%):1 CPU_HOT(>=25%):0
2026-08-12 08:54:59 HEARTBEAT PROCS:131 TOP_MEM:PID:10800/141MB TOP_CPU:PID:15908/3.4% SYS_CPU:10%-WD:4.0% SYS_MEM:9.2/32GB(28.7%)-WD:8.7GB(27.2%) TRACKING:0 SPIKES:0 KILLS:0
2026-08-12 08:54:59   DIST CPU_IDLE(<1%):130 CPU_NORMAL(1-25%):1 CPU_HOT(>=25%):0
2026-08-12 09:00:02 HEARTBEAT PROCS:205 TOP_MEM:PID:10800/142.5MB TOP_CPU:PID:15396/3.2% SYS_CPU:11%-WD:6.2% SYS_MEM:10.9/32GB(34.1%)-WD:11.8GB(36.9%) TRACKING:0 SPIKES:6 KILLS:0
2026-08-12 09:00:02   DIST CPU_IDLE(<1%):203 CPU_NORMAL(1-25%):2 CPU_HOT(>=25%):0
2026-08-12 09:05:07 HEARTBEAT PROCS:210 TOP_MEM:PID:10800/142.5MB TOP_CPU:PID:3288/0.6% SYS_CPU:5%-WD:0.6% SYS_MEM:11.8/32GB(36.9%)-WD:12.8GB(40%) TRACKING:0 SPIKES:10 KILLS:0
2026-08-12 09:05:07   DIST CPU_IDLE(<1%):210 CPU_NORMAL(1-25%):0 CPU_HOT(>=25%):0
2026-08-12 09:10:12 HEARTBEAT PROCS:191 TOP_MEM:PID:12044/147.2MB TOP_CPU:PID:12452/0.6% SYS_CPU:5%-WD:0.6% SYS_MEM:11.3/32GB(35.3%)-WD:12GB(37.5%) TRACKING:0 SPIKES:13 KILLS:0
2026-08-12 09:10:12   DIST CPU_IDLE(<1%):191 CPU_NORMAL(1-25%):0 CPU_HOT(>=25%):0
2026-08-12 09:15:16 HEARTBEAT PROCS:204 TOP_MEM:PID:12044/149.1MB TOP_CPU:PID:7512/0% SYS_CPU:4%-WD:0% SYS_MEM:11.8/32GB(36.9%)-WD:12.8GB(40%) TRACKING:0 SPIKES:7 KILLS:0
2026-08-12 09:15:16   DIST CPU_IDLE(<1%):204 CPU_NORMAL(1-25%):0 CPU_HOT(>=25%):0
2026-08-12 09:20:16 HEARTBEAT PROCS:235 TOP_MEM:PID:4948/163.6MB TOP_CPU:PID:18012/0.6% SYS_CPU:10%-WD:0.6% SYS_MEM:13.3/32GB(41.6%)-WD:14.7GB(45.9%) TRACKING:0 SPIKES:15 KILLS:0
2026-08-12 09:20:16   DIST CPU_IDLE(<1%):235 CPU_NORMAL(1-25%):0 CPU_HOT(>=25%):0
2026-08-12 09:25:17 HEARTBEAT PROCS:227 TOP_MEM:PID:12044/152.6MB TOP_CPU:PID:12044/0.6% SYS_CPU:7%-WD:0.6% SYS_MEM:13.5/32GB(42.2%)-WD:14.9GB(46.6%) TRACKING:0 SPIKES:65 KILLS:0
2026-08-12 09:25:17   DIST CPU_IDLE(<1%):227 CPU_NORMAL(1-25%):0 CPU_HOT(>=25%):0
2026-08-12 09:30:19 HEARTBEAT PROCS:236 TOP_MEM:PID:12044/152.7MB TOP_CPU:PID:18212/0.6% SYS_CPU:7%-WD:0.6% SYS_MEM:14.5/32GB(45.3%)-WD:15.9GB(49.7%) TRACKING:0 SPIKES:31 KILLS:0
2026-08-12 09:30:19   DIST CPU_IDLE(<1%):236 CPU_NORMAL(1-25%):0 CPU_HOT(>=25%):0
2026-08-12 09:35:20 HEARTBEAT PROCS:245 TOP_MEM:PID:12044/153.2MB TOP_CPU:PID:2232/7.1% SYS_CPU:1%-WD:7.1% SYS_MEM:15.1/32GB(47.2%)-WD:16.8GB(52.5%) TRACKING:0 SPIKES:0 KILLS:0
2026-08-12 09:35:20   DIST CPU_IDLE(<1%):244 CPU_NORMAL(1-25%):1 CPU_HOT(>=25%):0
2026-08-12 09:40:22 HEARTBEAT PROCS:271 TOP_MEM:PID:12400/163.3MB TOP_CPU:PID:17884/4.5% SYS_CPU:14%-WD:18.7% SYS_MEM:15.7/32GB(49.1%)-WD:17.7GB(55.3%) TRACKING:0 SPIKES:18 KILLS:0
2026-08-12 09:40:22   DIST CPU_IDLE(<1%):266 CPU_NORMAL(1-25%):5 CPU_HOT(>=25%):0
2026-08-12 09:43:06 KILLING PID:5132 MEM:82.8MB DUR:10.9s CPU:48 REASON:CPU AGE:5m
2026-08-12 09:43:06   DETAIL PID:5132 SAMPLES:7 SPIKES:3 PEAK_CPU:% PEAK_MEM:MB
2026-08-12 09:43:06   SAMPLE PID:5132 TIME:09:42:34 CPU:0% MEM:82.8MB
2026-08-12 09:43:06   SAMPLE PID:5132 TIME:09:42:39 CPU:0% MEM:82.8MB
2026-08-12 09:43:06   SAMPLE PID:5132 TIME:09:42:44 CPU:0% MEM:82.8MB
2026-08-12 09:43:06   SAMPLE PID:5132 TIME:09:42:50 CPU:0% MEM:82.8MB
2026-08-12 09:43:06   SAMPLE PID:5132 TIME:09:42:55 CPU:48% MEM:82.8MB
2026-08-12 09:43:06   SAMPLE PID:5132 TIME:09:43:01 CPU:48% MEM:82.8MB
2026-08-12 09:43:06   SAMPLE PID:5132 TIME:09:43:06 CPU:48% MEM:82.8MB
2026-08-12 09:43:06 KILLED PID:5132
2026-08-12 09:43:06 KILLING PID:6252 MEM:77.5MB DUR:10.9s CPU:57.1 REASON:CPU AGE:2m
2026-08-12 09:43:06   DETAIL PID:6252 SAMPLES:7 SPIKES:3 PEAK_CPU:% PEAK_MEM:MB
2026-08-12 09:43:06   SAMPLE PID:6252 TIME:09:42:34 CPU:0% MEM:77.5MB
2026-08-12 09:43:06   SAMPLE PID:6252 TIME:09:42:39 CPU:0% MEM:77.5MB
2026-08-12 09:43:06   SAMPLE PID:6252 TIME:09:42:44 CPU:0% MEM:77.5MB
2026-08-12 09:43:06   SAMPLE PID:6252 TIME:09:42:50 CPU:0% MEM:77.5MB
2026-08-12 09:43:06   SAMPLE PID:6252 TIME:09:42:55 CPU:57.2% MEM:77.5MB
2026-08-12 09:43:06   SAMPLE PID:6252 TIME:09:43:01 CPU:57.1% MEM:77.5MB
2026-08-12 09:43:06   SAMPLE PID:6252 TIME:09:43:06 CPU:57.1% MEM:77.5MB
2026-08-12 09:43:06 KILLED PID:6252
2026-08-12 09:43:06 KILLING PID:15924 MEM:71.7MB DUR:10.9s CPU:32.1 REASON:CPU AGE:0m
2026-08-12 09:43:06   DETAIL PID:15924 SAMPLES:8 SPIKES:3 PEAK_CPU:% PEAK_MEM:MB
2026-08-12 09:43:06   SAMPLE PID:15924 TIME:09:42:28 CPU:1.2% MEM:65.4MB
2026-08-12 09:43:06   SAMPLE PID:15924 TIME:09:42:34 CPU:0% MEM:62.8MB
2026-08-12 09:43:06   SAMPLE PID:15924 TIME:09:42:39 CPU:0% MEM:67.1MB
2026-08-12 09:43:06   SAMPLE PID:15924 TIME:09:42:45 CPU:0% MEM:71MB
2026-08-12 09:43:06   SAMPLE PID:15924 TIME:09:42:50 CPU:0% MEM:71.7MB
2026-08-12 09:43:06   SAMPLE PID:15924 TIME:09:42:55 CPU:32.1% MEM:71.7MB
2026-08-12 09:43:06   SAMPLE PID:15924 TIME:09:43:01 CPU:32.1% MEM:71.7MB
2026-08-12 09:43:06   SAMPLE PID:15924 TIME:09:43:06 CPU:32.1% MEM:71.7MB
2026-08-12 09:43:06 KILLED PID:15924
2026-08-12 09:43:06 KILLING PID:17840 MEM:70.6MB DUR:10.9s CPU:28.9 REASON:CPU AGE:4m
2026-08-12 09:43:07   DETAIL PID:17840 SAMPLES:7 SPIKES:3 PEAK_CPU:% PEAK_MEM:MB
2026-08-12 09:43:07   SAMPLE PID:17840 TIME:09:42:34 CPU:0% MEM:70.6MB
2026-08-12 09:43:07   SAMPLE PID:17840 TIME:09:42:39 CPU:0% MEM:70.6MB
2026-08-12 09:43:07   SAMPLE PID:17840 TIME:09:42:45 CPU:0% MEM:70.6MB
2026-08-12 09:43:07   SAMPLE PID:17840 TIME:09:42:50 CPU:0% MEM:70.6MB
2026-08-12 09:43:07   SAMPLE PID:17840 TIME:09:42:55 CPU:28.9% MEM:70.6MB
2026-08-12 09:43:07   SAMPLE PID:17840 TIME:09:43:01 CPU:28.9% MEM:70.6MB
2026-08-12 09:43:07   SAMPLE PID:17840 TIME:09:43:06 CPU:28.9% MEM:70.6MB
2026-08-12 09:43:07 KILLED PID:17840
2026-08-12 09:45:24 HEARTBEAT PROCS:258 TOP_MEM:PID:12044/158MB TOP_CPU:PID:12952/1.2% SYS_CPU:5%-WD:2.4% SYS_MEM:15.1/32GB(47.2%)-WD:17GB(53.1%) TRACKING:0 SPIKES:45 KILLS:4
2026-08-12 09:45:24   DIST CPU_IDLE(<1%):256 CPU_NORMAL(1-25%):2 CPU_HOT(>=25%):0
2026-08-12 09:50:26 HEARTBEAT PROCS:260 TOP_MEM:PID:12044/158MB TOP_CPU:PID:4884/0% SYS_CPU:1%-WD:0% SYS_MEM:15.3/32GB(47.8%)-WD:17.4GB(54.4%) TRACKING:0 SPIKES:0 KILLS:0
2026-08-12 09:50:26   DIST CPU_IDLE(<1%):260 CPU_NORMAL(1-25%):0 CPU_HOT(>=25%):0
2026-08-12 09:55:28 HEARTBEAT PROCS:259 TOP_MEM:PID:12044/154.7MB TOP_CPU:PID:16140/5.2% SYS_CPU:17%-WD:16.0% SYS_MEM:15.6/32GB(48.8%)-WD:17.8GB(55.6%) TRACKING:0 SPIKES:12 KILLS:0
2026-08-12 09:55:28   DIST CPU_IDLE(<1%):255 CPU_NORMAL(1-25%):4 CPU_HOT(>=25%):0
2026-08-12 10:00:31 HEARTBEAT PROCS:290 TOP_MEM:PID:12044/153.9MB TOP_CPU:PID:17664/186.8% SYS_CPU:0%-WD:857.6% SYS_MEM:16.4/32GB(51.2%)-WD:19.1GB(59.7%) TRACKING:10 SPIKES:28 KILLS:0
2026-08-12 10:00:31   DIST CPU_IDLE(<1%):236 CPU_NORMAL(1-25%):44 CPU_HOT(>=25%):10
2026-08-12 10:05:35 HEARTBEAT PROCS:299 TOP_MEM:PID:14928/355.9MB TOP_CPU:PID:14928/10.5% SYS_CPU:16%-WD:13.1% SYS_MEM:17.7/32GB(55.3%)-WD:20GB(62.5%) TRACKING:0 SPIKES:82 KILLS:0
2026-08-12 10:05:35   DIST CPU_IDLE(<1%):297 CPU_NORMAL(1-25%):2 CPU_HOT(>=25%):0
2026-08-12 10:10:38 HEARTBEAT PROCS:272 TOP_MEM:PID:12044/157MB TOP_CPU:PID:8404/0.6% SYS_CPU:45%-WD:0.6% SYS_MEM:16.9/32GB(52.8%)-WD:18.8GB(58.8%) TRACKING:0 SPIKES:29 KILLS:0
2026-08-12 10:10:38   DIST CPU_IDLE(<1%):272 CPU_NORMAL(1-25%):0 CPU_HOT(>=25%):0
2026-08-12 10:10:38   NON_WD_SPIKE SYS_CPU:45% WD_CPU:0.6% GAP:44.4%
2026-08-12 10:10:38   NON_WD PID:4 NAME:System CPU:3.2% MEM:0MB CMD:
2026-08-12 10:10:38   NON_WD PID:3580 NAME:MsMpEng CPU:2.6% MEM:192.1MB CMD:
2026-08-12 10:10:38   NON_WD PID:5228 NAME:WmiPrvSE CPU:1.2% MEM:33MB CMD:C:\Windows\system32\wbem\wmiprvse.exe
2026-08-12 10:10:38   NON_WD PID:3224 NAME:svchost#33 CPU:0% MEM:10.5MB CMD:C:\Windows\system32\svchost.exe -k netsvcs -p -s Winmgmt
2026-08-12 10:10:38   NON_WD PID:3044 NAME:svchost#32 CPU:0% MEM:1.2MB CMD:C:\Windows\system32\svchost.exe -k NetworkServiceNetworkRestricted -p -s PolicyAgent
2026-08-12 10:10:38   NON_WD PID:2892 NAME:svchost#29 CPU:0% MEM:1.2MB CMD:C:\Windows\system32\svchost.exe -k netsvcs -s CertPropSvc
2026-08-12 10:10:38   NON_WD PID:2848 NAME:svchost#28 CPU:0% MEM:1.6MB CMD:C:\Windows\system32\svchost.exe -k netsvcs -p -s UserManager
2026-08-12 10:10:38   NON_WD PID:3016 NAME:svchost#31 CPU:0% MEM:1.8MB CMD:C:\Windows\system32\svchost.exe -k netsvcs -p -s IKEEXT
2026-08-12 10:10:38   NON_WD PID:2960 NAME:svchost#30 CPU:0% MEM:1.5MB CMD:C:\Windows\System32\svchost.exe -k netsvcs -p -s SessionEnv
2026-08-12 10:10:38   NON_WD PID:3360 NAME:svchost#39 CPU:0% MEM:1.3MB CMD:C:\Windows\system32\svchost.exe -k LocalService -s W32Time
2026-08-12 10:15:41 HEARTBEAT PROCS:241 TOP_MEM:PID:12044/159.5MB TOP_CPU:PID:15780/3.9% SYS_CPU:2%-WD:3.9% SYS_MEM:15.7/32GB(49.1%)-WD:17.5GB(54.7%) TRACKING:0 SPIKES:12 KILLS:0
2026-08-12 10:15:41   DIST CPU_IDLE(<1%):240 CPU_NORMAL(1-25%):1 CPU_HOT(>=25%):0
2026-08-12 10:20:41 HEARTBEAT PROCS:233 TOP_MEM:PID:12044/157.7MB TOP_CPU:PID:6592/7.1% SYS_CPU:7%-WD:14.1% SYS_MEM:15.7/32GB(49.1%)-WD:17.3GB(54.1%) TRACKING:0 SPIKES:7 KILLS:0
2026-08-12 10:20:41   DIST CPU_IDLE(<1%):230 CPU_NORMAL(1-25%):3 CPU_HOT(>=25%):0
2026-08-12 10:25:43 HEARTBEAT PROCS:258 TOP_MEM:PID:12044/158.2MB TOP_CPU:PID:16632/1.9% SYS_CPU:2%-WD:1.9% SYS_MEM:16.2/32GB(50.6%)-WD:18.4GB(57.5%) TRACKING:0 SPIKES:0 KILLS:0
2026-08-12 10:25:43   DIST CPU_IDLE(<1%):257 CPU_NORMAL(1-25%):1 CPU_HOT(>=25%):0
2026-08-12 10:30:45 HEARTBEAT PROCS:240 TOP_MEM:PID:12044/158.2MB TOP_CPU:PID:13180/0% SYS_CPU:4%-WD:0% SYS_MEM:15.8/32GB(49.4%)-WD:17.7GB(55.3%) TRACKING:0 SPIKES:6 KILLS:0
2026-08-12 10:30:45   DIST CPU_IDLE(<1%):240 CPU_NORMAL(1-25%):0 CPU_HOT(>=25%):0
2026-08-12 10:35:46 HEARTBEAT PROCS:248 TOP_MEM:PID:12012/163.3MB TOP_CPU:PID:8068/1.2% SYS_CPU:4%-WD:1.2% SYS_MEM:16.2/32GB(50.6%)-WD:18GB(56.2%) TRACKING:0 SPIKES:34 KILLS:0
2026-08-12 10:35:46   DIST CPU_IDLE(<1%):247 CPU_NORMAL(1-25%):1 CPU_HOT(>=25%):0
2026-08-12 10:40:48 HEARTBEAT PROCS:259 TOP_MEM:PID:12012/163.3MB TOP_CPU:PID:13508/0% SYS_CPU:1%-WD:0% SYS_MEM:16.6/32GB(51.9%)-WD:18.8GB(58.8%) TRACKING:0 SPIKES:52 KILLS:0
2026-08-12 10:40:48   DIST CPU_IDLE(<1%):259 CPU_NORMAL(1-25%):0 CPU_HOT(>=25%):0
2026-08-12 10:45:51 HEARTBEAT PROCS:279 TOP_MEM:PID:12012/163.3MB TOP_CPU:PID:13080/2.6% SYS_CPU:8%-WD:2.6% SYS_MEM:17.3/32GB(54.1%)-WD:19.9GB(62.2%) TRACKING:0 SPIKES:29 KILLS:0
2026-08-12 10:45:51   DIST CPU_IDLE(<1%):278 CPU_NORMAL(1-25%):1 CPU_HOT(>=25%):0
2026-08-12 10:50:53 HEARTBEAT PROCS:274 TOP_MEM:PID:12012/163.3MB TOP_CPU:PID:7460/0.6% SYS_CPU:5%-WD:0.6% SYS_MEM:17.6/32GB(55%)-WD:20.2GB(63.1%) TRACKING:0 SPIKES:17 KILLS:0
2026-08-12 10:50:53   DIST CPU_IDLE(<1%):274 CPU_NORMAL(1-25%):0 CPU_HOT(>=25%):0
2026-08-12 10:55:55 HEARTBEAT PROCS:263 TOP_MEM:PID:12012/163.3MB TOP_CPU:PID:17204/3.9% SYS_CPU:2%-WD:3.9% SYS_MEM:16.8/32GB(52.5%)-WD:19.3GB(60.3%) TRACKING:0 SPIKES:23 KILLS:0
2026-08-12 10:55:55   DIST CPU_IDLE(<1%):262 CPU_NORMAL(1-25%):1 CPU_HOT(>=25%):0
2026-08-12 11:00:59 HEARTBEAT PROCS:303 TOP_MEM:PID:12012/163.3MB TOP_CPU:PID:17320/4.9% SYS_CPU:11%-WD:19.2% SYS_MEM:17.4/32GB(54.4%)-WD:20.4GB(63.7%) TRACKING:0 SPIKES:39 KILLS:0
2026-08-12 11:00:59   DIST CPU_IDLE(<1%):297 CPU_NORMAL(1-25%):6 CPU_HOT(>=25%):0
2026-08-12 11:06:02 HEARTBEAT PROCS:281 TOP_MEM:PID:12012/163.3MB TOP_CPU:PID:6592/4.5% SYS_CPU:2%-WD:5.1% SYS_MEM:17.1/32GB(53.4%)-WD:20GB(62.5%) TRACKING:0 SPIKES:37 KILLS:0
2026-08-12 11:06:02   DIST CPU_IDLE(<1%):280 CPU_NORMAL(1-25%):1 CPU_HOT(>=25%):0
2026-08-12 11:11:05 HEARTBEAT PROCS:276 TOP_MEM:PID:16144/160.1MB TOP_CPU:PID:8352/0% SYS_CPU:37%-WD:0% SYS_MEM:17.7/32GB(55.3%)-WD:20.1GB(62.8%) TRACKING:0 SPIKES:39 KILLS:0
2026-08-12 11:11:05   DIST CPU_IDLE(<1%):276 CPU_NORMAL(1-25%):0 CPU_HOT(>=25%):0
2026-08-12 11:11:05   NON_WD_SPIKE SYS_CPU:37% WD_CPU:0% GAP:37%
2026-08-12 11:11:06   NON_WD PID:8584 NAME:chrome#9 CPU:2.6% MEM:15.5MB CMD:"C:\Program Files\Google\Chrome\Application\chrome.exe" --type=renderer --noerrdialogs --user-data-dir="C:\Windows\TEMP\...
2026-08-12 11:11:06   NON_WD PID:5908 NAME:chrome#2 CPU:2.6% MEM:9.7MB CMD:"C:\Program Files\Google\Chrome\Application\chrome.exe" --type=gpu-process --headless --noerrdialogs --user-data-dir="C:...
2026-08-12 11:11:06   NON_WD PID:10076 NAME:chrome#10 CPU:2.6% MEM:54.5MB CMD:"C:\Program Files\Google\Chrome\Application\chrome.exe" --type=renderer --top-chrome-webui --noerrdialogs --user-data-di...
2026-08-12 11:11:06   NON_WD PID:5228 NAME:WmiPrvSE CPU:2% MEM:35.1MB CMD:C:\Windows\system32\wbem\wmiprvse.exe
2026-08-12 11:11:06   NON_WD PID:4 NAME:System CPU:1.2% MEM:0MB CMD:
2026-08-12 11:11:06   NON_WD PID:14860 NAME:chrome CPU:0.6% MEM:37.4MB CMD:"C:\Program Files\Google\Chrome\Application\chrome" --headless --disable-gpu --no-pdf-header-footer --print-to-pdf="C:\Temp\...
2026-08-12 11:11:06   NON_WD PID:3436 NAME:wd280admin CPU:0.6% MEM:23.9MB CMD:"C:\WEBDEV 28\WD280Admin.exe" /SERVICE
2026-08-12 11:11:06   NON_WD PID:3580 NAME:MsMpEng CPU:0.6% MEM:192.6MB CMD:
2026-08-12 11:11:06   NON_WD PID:7624 NAME:httpd#1 CPU:0.6% MEM:47.8MB CMD:C:\Apache24\bin\httpd.exe -d C:/Apache24
2026-08-12 11:11:06   NON_WD PID:2848 NAME:svchost#28 CPU:0% MEM:1.6MB CMD:C:\Windows\system32\svchost.exe -k netsvcs -p -s UserManager
2026-08-12 11:16:08 HEARTBEAT PROCS:255 TOP_MEM:PID:7460/148.9MB TOP_CPU:PID:12340/3.2% SYS_CPU:2%-WD:4.4% SYS_MEM:16.7/32GB(52.2%)-WD:19GB(59.4%) TRACKING:0 SPIKES:31 KILLS:0
2026-08-12 11:16:08   DIST CPU_IDLE(<1%):254 CPU_NORMAL(1-25%):1 CPU_HOT(>=25%):0
2026-08-12 11:21:10 HEARTBEAT PROCS:250 TOP_MEM:PID:7460/155.3MB TOP_CPU:PID:14108/59.1% SYS_CPU:5%-WD:316.0% SYS_MEM:16.5/32GB(51.6%)-WD:18.8GB(58.8%) TRACKING:4 SPIKES:120 KILLS:0
2026-08-12 11:21:10   DIST CPU_IDLE(<1%):223 CPU_NORMAL(1-25%):23 CPU_HOT(>=25%):4
2026-08-12 11:26:12 HEARTBEAT PROCS:279 TOP_MEM:PID:7460/155.3MB TOP_CPU:PID:10692/1.2% SYS_CPU:4%-WD:1.2% SYS_MEM:17.1/32GB(53.4%)-WD:19.9GB(62.2%) TRACKING:0 SPIKES:109 KILLS:0
2026-08-12 11:26:12   DIST CPU_IDLE(<1%):278 CPU_NORMAL(1-25%):1 CPU_HOT(>=25%):0
2026-08-12 11:31:16 HEARTBEAT PROCS:318 TOP_MEM:PID:7460/155.3MB TOP_CPU:PID:8552/0% SYS_CPU:1%-WD:0% SYS_MEM:18/32GB(56.2%)-WD:21.5GB(67.2%) TRACKING:0 SPIKES:17 KILLS:0
2026-08-12 11:31:16   DIST CPU_IDLE(<1%):318 CPU_NORMAL(1-25%):0 CPU_HOT(>=25%):0
2026-08-12 11:36:21 HEARTBEAT PROCS:276 TOP_MEM:PID:7460/149.4MB TOP_CPU:PID:3592/0% SYS_CPU:8%-WD:0% SYS_MEM:17.3/32GB(54.1%)-WD:20.1GB(62.8%) TRACKING:0 SPIKES:5 KILLS:0
2026-08-12 11:36:21   DIST CPU_IDLE(<1%):276 CPU_NORMAL(1-25%):0 CPU_HOT(>=25%):0
2026-08-12 11:41:23 HEARTBEAT PROCS:282 TOP_MEM:PID:7460/149.4MB TOP_CPU:PID:6160/0.6% SYS_CPU:5%-WD:1.8% SYS_MEM:17.5/32GB(54.7%)-WD:20.4GB(63.7%) TRACKING:0 SPIKES:21 KILLS:0
2026-08-12 11:41:23   DIST CPU_IDLE(<1%):282 CPU_NORMAL(1-25%):0 CPU_HOT(>=25%):0
2026-08-12 11:46:25 HEARTBEAT PROCS:256 TOP_MEM:PID:8156/157.9MB TOP_CPU:PID:12936/0.6% SYS_CPU:1%-WD:0.6% SYS_MEM:16.8/32GB(52.5%)-WD:19.2GB(60%) TRACKING:0 SPIKES:117 KILLS:0
2026-08-12 11:46:25   DIST CPU_IDLE(<1%):256 CPU_NORMAL(1-25%):0 CPU_HOT(>=25%):0
2026-08-12 11:51:27 HEARTBEAT PROCS:262 TOP_MEM:PID:8156/153.4MB TOP_CPU:PID:6160/0.6% SYS_CPU:2%-WD:0.6% SYS_MEM:17.2/32GB(53.8%)-WD:19.6GB(61.3%) TRACKING:0 SPIKES:5 KILLS:0
2026-08-12 11:51:27   DIST CPU_IDLE(<1%):262 CPU_NORMAL(1-25%):0 CPU_HOT(>=25%):0
2026-08-12 11:56:30 HEARTBEAT PROCS:312 TOP_MEM:PID:8156/162.1MB TOP_CPU:PID:17244/11.9% SYS_CPU:8%-WD:14.4% SYS_MEM:18.2/32GB(56.9%)-WD:21.5GB(67.2%) TRACKING:0 SPIKES:5 KILLS:0
2026-08-12 11:56:30   DIST CPU_IDLE(<1%):310 CPU_NORMAL(1-25%):2 CPU_HOT(>=25%):0
2026-08-12 12:01:34 HEARTBEAT PROCS:296 TOP_MEM:PID:9692/166.3MB TOP_CPU:PID:17108/185.5% SYS_CPU:8%-WD:1114.0% SYS_MEM:18.1/32GB(56.6%)-WD:21.1GB(65.9%) TRACKING:12 SPIKES:17 KILLS:0
2026-08-12 12:01:34   DIST CPU_IDLE(<1%):244 CPU_NORMAL(1-25%):40 CPU_HOT(>=25%):12
2026-08-12 12:06:38 HEARTBEAT PROCS:306 TOP_MEM:PID:8156/161MB TOP_CPU:PID:6480/6.2% SYS_CPU:8%-WD:12.4% SYS_MEM:18/32GB(56.2%)-WD:21.2GB(66.2%) TRACKING:0 SPIKES:10 KILLS:0
2026-08-12 12:06:38   DIST CPU_IDLE(<1%):303 CPU_NORMAL(1-25%):3 CPU_HOT(>=25%):0
2026-08-12 12:11:38 HEARTBEAT PROCS:332 TOP_MEM:PID:8156/164.5MB TOP_CPU:PID:8544/0% SYS_CPU:4%-WD:0% SYS_MEM:18.7/32GB(58.4%)-WD:22.5GB(70.3%) TRACKING:0 SPIKES:12 KILLS:0
2026-08-12 12:11:38   DIST CPU_IDLE(<1%):332 CPU_NORMAL(1-25%):0 CPU_HOT(>=25%):0
2026-08-12 12:16:41 HEARTBEAT PROCS:279 TOP_MEM:PID:5452/232.3MB TOP_CPU:PID:12644/0% SYS_CPU:1%-WD:0% SYS_MEM:17.6/32GB(55%)-WD:20.3GB(63.4%) TRACKING:0 SPIKES:44 KILLS:0
2026-08-12 12:16:41   DIST CPU_IDLE(<1%):279 CPU_NORMAL(1-25%):0 CPU_HOT(>=25%):0
2026-08-12 12:21:45 HEARTBEAT PROCS:274 TOP_MEM:PID:5452/232.4MB TOP_CPU:PID:10064/0% SYS_CPU:7%-WD:0% SYS_MEM:17.2/32GB(53.8%)-WD:19.8GB(61.9%) TRACKING:0 SPIKES:9 KILLS:0
2026-08-12 12:21:45   DIST CPU_IDLE(<1%):274 CPU_NORMAL(1-25%):0 CPU_HOT(>=25%):0
2026-08-12 12:26:46 HEARTBEAT PROCS:228 TOP_MEM:PID:16144/165.5MB TOP_CPU:PID:5788/1.9% SYS_CPU:5%-WD:1.9% SYS_MEM:15.8/32GB(49.4%)-WD:17.6GB(55%) TRACKING:0 SPIKES:13 KILLS:0
2026-08-12 12:26:46   DIST CPU_IDLE(<1%):227 CPU_NORMAL(1-25%):1 CPU_HOT(>=25%):0
2026-08-12 12:31:47 HEARTBEAT PROCS:250 TOP_MEM:PID:16144/173.7MB TOP_CPU:PID:7088/0.6% SYS_CPU:7%-WD:0.6% SYS_MEM:16.3/32GB(50.9%)-WD:18.3GB(57.2%) TRACKING:0 SPIKES:35 KILLS:0
2026-08-12 12:31:47   DIST CPU_IDLE(<1%):250 CPU_NORMAL(1-25%):0 CPU_HOT(>=25%):0
2026-08-12 12:36:50 HEARTBEAT PROCS:262 TOP_MEM:PID:16144/173.9MB TOP_CPU:PID:14208/2.6% SYS_CPU:2%-WD:2.6% SYS_MEM:16.7/32GB(52.2%)-WD:18.9GB(59.1%) TRACKING:0 SPIKES:0 KILLS:0
2026-08-12 12:36:50   DIST CPU_IDLE(<1%):261 CPU_NORMAL(1-25%):1 CPU_HOT(>=25%):0
2026-08-12 12:41:52 HEARTBEAT PROCS:290 TOP_MEM:PID:7460/155.4MB TOP_CPU:PID:12212/0% SYS_CPU:5%-WD:0% SYS_MEM:17.2/32GB(53.8%)-WD:19.9GB(62.2%) TRACKING:0 SPIKES:7 KILLS:0
2026-08-12 12:41:52   DIST CPU_IDLE(<1%):290 CPU_NORMAL(1-25%):0 CPU_HOT(>=25%):0
2026-08-12 12:46:55 HEARTBEAT PROCS:291 TOP_MEM:PID:16144/163.9MB TOP_CPU:PID:8972/0.6% SYS_CPU:45%-WD:0.6% SYS_MEM:17.3/32GB(54.1%)-WD:19.7GB(61.6%) TRACKING:0 SPIKES:13 KILLS:0
2026-08-12 12:46:55   DIST CPU_IDLE(<1%):291 CPU_NORMAL(1-25%):0 CPU_HOT(>=25%):0
2026-08-12 12:46:55   NON_WD_SPIKE SYS_CPU:45% WD_CPU:0.6% GAP:44.4%
2026-08-12 12:46:56   NON_WD PID:14412 NAME:chrome#11 CPU:4% MEM:51.9MB CMD:"C:\Program Files\Google\Chrome\Application\chrome.exe" --type=renderer --top-chrome-webui --noerrdialogs --user-data-di...
2026-08-12 12:46:56   NON_WD PID:8032 NAME:wd280admin#1 CPU:2.6% MEM:26.1MB CMD:"C:\WEBDEV 28\wd280admin.exe" /INTERFONLY
2026-08-12 12:46:56   NON_WD PID:5644 NAME:chrome#9 CPU:2.6% MEM:16.4MB CMD:"C:\Program Files\Google\Chrome\Application\chrome.exe" --type=renderer --noerrdialogs --user-data-dir="C:\Windows\TEMP\...
2026-08-12 12:46:56   NON_WD PID:16584 NAME:chrome CPU:2.6% MEM:36.2MB CMD:"C:\Program Files\Google\Chrome\Application\chrome" --headless --disable-gpu --no-pdf-header-footer --print-to-pdf="C:\Temp\...
2026-08-12 12:46:56   NON_WD PID:18088 NAME:chrome#2 CPU:2% MEM:9.5MB CMD:"C:\Program Files\Google\Chrome\Application\chrome.exe" --type=gpu-process --headless --noerrdialogs --user-data-dir="C:...
2026-08-12 12:46:56   NON_WD PID:4 NAME:System CPU:1.2% MEM:0MB CMD:
2026-08-12 12:46:56   NON_WD PID:7624 NAME:httpd#1 CPU:1.2% MEM:55MB CMD:C:\Apache24\bin\httpd.exe -d C:/Apache24
2026-08-12 12:46:56   NON_WD PID:5228 NAME:WmiPrvSE CPU:1.2% MEM:9.8MB CMD:C:\Windows\system32\wbem\wmiprvse.exe
2026-08-12 12:46:56   NON_WD PID:12752 NAME:wd280session#292 CPU:1.2% MEM:9.4MB CMD:
2026-08-12 12:46:56   NON_WD PID:3436 NAME:wd280admin CPU:0.6% MEM:23.9MB CMD:"C:\WEBDEV 28\WD280Admin.exe" /SERVICE
2026-08-12 12:51:59 HEARTBEAT PROCS:264 TOP_MEM:PID:7460/155.4MB TOP_CPU:PID:2240/0% SYS_CPU:2%-WD:0% SYS_MEM:16.7/32GB(52.2%)-WD:19GB(59.4%) TRACKING:0 SPIKES:17 KILLS:0
2026-08-12 12:51:59   DIST CPU_IDLE(<1%):264 CPU_NORMAL(1-25%):0 CPU_HOT(>=25%):0
2026-08-12 12:57:00 HEARTBEAT PROCS:234 TOP_MEM:PID:6648/175.8MB TOP_CPU:PID:9268/6.5% SYS_CPU:27%-WD:6.5% SYS_MEM:16.2/32GB(50.6%)-WD:17.8GB(55.6%) TRACKING:0 SPIKES:29 KILLS:0
2026-08-12 12:57:00   DIST CPU_IDLE(<1%):233 CPU_NORMAL(1-25%):1 CPU_HOT(>=25%):0
2026-08-12 12:57:00   NON_WD_SPIKE SYS_CPU:27% WD_CPU:6.5% GAP:20.5%
2026-08-12 12:57:01   NON_WD PID:2324 NAME:chrome#11 CPU:8.2% MEM:53.6MB CMD:"C:\Program Files\Google\Chrome\Application\chrome.exe" --type=renderer --top-chrome-webui --noerrdialogs --user-data-di...
2026-08-12 12:57:01   NON_WD PID:4 NAME:System CPU:2.8% MEM:0MB CMD:
2026-08-12 12:57:01   NON_WD PID:8140 NAME:chrome#12 CPU:1.4% MEM:7MB CMD:"C:\Program Files\Google\Chrome\Application\chrome.exe" --type=renderer --noerrdialogs --user-data-dir="C:\Windows\TEMP\...
2026-08-12 12:57:01   NON_WD PID:14896 NAME:chrome#9 CPU:1.4% MEM:14.3MB CMD:"C:\Program Files\Google\Chrome\Application\chrome.exe" --type=renderer --noerrdialogs --user-data-dir="C:\Windows\TEMP\...
2026-08-12 12:57:01   NON_WD PID:3580 NAME:MsMpEng CPU:0.6% MEM:196.1MB CMD:
2026-08-12 12:57:01   NON_WD PID:8360 NAME:chrome#2 CPU:0.6% MEM:9.4MB CMD:"C:\Program Files\Google\Chrome\Application\chrome.exe" --type=gpu-process --headless --noerrdialogs --user-data-dir="C:...
2026-08-12 12:57:01   NON_WD PID:5228 NAME:WmiPrvSE CPU:0.6% MEM:9.4MB CMD:C:\Windows\system32\wbem\wmiprvse.exe
2026-08-12 12:57:01   NON_WD PID:2960 NAME:svchost#30 CPU:0% MEM:1.5MB CMD:C:\Windows\System32\svchost.exe -k netsvcs -p -s SessionEnv
2026-08-12 12:57:01   NON_WD PID:3016 NAME:svchost#31 CPU:0% MEM:1.8MB CMD:C:\Windows\system32\svchost.exe -k netsvcs -p -s IKEEXT
2026-08-12 12:57:01   NON_WD PID:2608 NAME:svchost#27 CPU:0% MEM:1.2MB CMD:C:\Windows\System32\svchost.exe -k LocalSystemNetworkRestricted -p -s UmRdpService
2026-08-12 13:02:02 HEARTBEAT PROCS:274 TOP_MEM:PID:7460/155.4MB TOP_CPU:PID:14764/1.9% SYS_CPU:5%-WD:2.5% SYS_MEM:16.4/32GB(51.2%)-WD:18.8GB(58.8%) TRACKING:0 SPIKES:62 KILLS:0
2026-08-12 13:02:02   DIST CPU_IDLE(<1%):273 CPU_NORMAL(1-25%):1 CPU_HOT(>=25%):0
2026-08-12 13:07:04 HEARTBEAT PROCS:236 TOP_MEM:PID:7460/155.4MB TOP_CPU:PID:14552/0.6% SYS_CPU:4%-WD:0.6% SYS_MEM:15.6/32GB(48.8%)-WD:17.4GB(54.4%) TRACKING:0 SPIKES:6 KILLS:0
2026-08-12 13:07:04   DIST CPU_IDLE(<1%):236 CPU_NORMAL(1-25%):0 CPU_HOT(>=25%):0
2026-08-12 13:12:06 HEARTBEAT PROCS:241 TOP_MEM:PID:7460/155.4MB TOP_CPU:PID:7016/4.5% SYS_CPU:1%-WD:13.4% SYS_MEM:15.8/32GB(49.4%)-WD:17.8GB(55.6%) TRACKING:0 SPIKES:0 KILLS:0
2026-08-12 13:12:06   DIST CPU_IDLE(<1%):237 CPU_NORMAL(1-25%):4 CPU_HOT(>=25%):0
2026-08-12 13:17:06 HEARTBEAT PROCS:209 TOP_MEM:PID:13684/150.9MB TOP_CPU:PID:9696/2.6% SYS_CPU:18%-WD:2.6% SYS_MEM:15.3/32GB(47.8%)-WD:16.8GB(52.5%) TRACKING:0 SPIKES:18 KILLS:0
2026-08-12 13:17:06   DIST CPU_IDLE(<1%):208 CPU_NORMAL(1-25%):1 CPU_HOT(>=25%):0
2026-08-12 13:22:07 HEARTBEAT PROCS:226 TOP_MEM:PID:10044/165.6MB TOP_CPU:PID:10800/0.6% SYS_CPU:2%-WD:1.8% SYS_MEM:15.8/32GB(49.4%)-WD:17.5GB(54.7%) TRACKING:0 SPIKES:8 KILLS:0
2026-08-12 13:22:07   DIST CPU_IDLE(<1%):226 CPU_NORMAL(1-25%):0 CPU_HOT(>=25%):0
2026-08-12 13:27:09 HEARTBEAT PROCS:244 TOP_MEM:PID:10044/165.7MB TOP_CPU:PID:17088/0% SYS_CPU:2%-WD:0% SYS_MEM:16.1/32GB(50.3%)-WD:18GB(56.2%) TRACKING:0 SPIKES:61 KILLS:0
2026-08-12 13:27:09   DIST CPU_IDLE(<1%):244 CPU_NORMAL(1-25%):0 CPU_HOT(>=25%):0
2026-08-12 13:32:10 HEARTBEAT PROCS:255 TOP_MEM:PID:10044/165.7MB TOP_CPU:PID:17764/1.9% SYS_CPU:1%-WD:1.9% SYS_MEM:16.5/32GB(51.6%)-WD:18.7GB(58.4%) TRACKING:0 SPIKES:4 KILLS:0
2026-08-12 13:32:10   DIST CPU_IDLE(<1%):254 CPU_NORMAL(1-25%):1 CPU_HOT(>=25%):0
2026-08-12 13:37:11 HEARTBEAT PROCS:245 TOP_MEM:PID:7460/154.5MB TOP_CPU:PID:14736/3.9% SYS_CPU:2%-WD:3.9% SYS_MEM:16.1/32GB(50.3%)-WD:18.1GB(56.6%) TRACKING:0 SPIKES:45 KILLS:0
2026-08-12 13:37:11   DIST CPU_IDLE(<1%):244 CPU_NORMAL(1-25%):1 CPU_HOT(>=25%):0
2026-08-12 13:42:12 HEARTBEAT PROCS:232 TOP_MEM:PID:7460/154.5MB TOP_CPU:PID:7460/0% SYS_CPU:7%-WD:0% SYS_MEM:16/32GB(50%)-WD:17.9GB(55.9%) TRACKING:0 SPIKES:6 KILLS:0
2026-08-12 13:42:12   DIST CPU_IDLE(<1%):232 CPU_NORMAL(1-25%):0 CPU_HOT(>=25%):0
2026-08-12 13:47:14 HEARTBEAT PROCS:279 TOP_MEM:PID:7460/154.5MB TOP_CPU:PID:8588/1.9% SYS_CPU:4%-WD:1.9% SYS_MEM:17.1/32GB(53.4%)-WD:19.7GB(61.6%) TRACKING:0 SPIKES:16 KILLS:0
2026-08-12 13:47:14   DIST CPU_IDLE(<1%):278 CPU_NORMAL(1-25%):1 CPU_HOT(>=25%):0
2026-08-12 13:52:16 HEARTBEAT PROCS:300 TOP_MEM:PID:7460/154.5MB TOP_CPU:PID:8804/0% SYS_CPU:10%-WD:0% SYS_MEM:17.5/32GB(54.7%)-WD:20.5GB(64.1%) TRACKING:0 SPIKES:31 KILLS:0
2026-08-12 13:52:16   DIST CPU_IDLE(<1%):300 CPU_NORMAL(1-25%):0 CPU_HOT(>=25%):0
2026-08-12 13:57:21 HEARTBEAT PROCS:267 TOP_MEM:PID:16144/151.1MB TOP_CPU:PID:1304/1.9% SYS_CPU:4%-WD:1.9% SYS_MEM:16.7/32GB(52.2%)-WD:19.2GB(60%) TRACKING:0 SPIKES:26 KILLS:0
2026-08-12 13:57:21   DIST CPU_IDLE(<1%):266 CPU_NORMAL(1-25%):1 CPU_HOT(>=25%):0
2026-08-12 14:02:23 HEARTBEAT PROCS:245 TOP_MEM:PID:11212/164.2MB TOP_CPU:PID:11776/0% SYS_CPU:19%-WD:0% SYS_MEM:16.2/32GB(50.6%)-WD:18.3GB(57.2%) TRACKING:0 SPIKES:23 KILLS:0
2026-08-12 14:02:23   DIST CPU_IDLE(<1%):245 CPU_NORMAL(1-25%):0 CPU_HOT(>=25%):0
2026-08-12 14:07:24 HEARTBEAT PROCS:267 TOP_MEM:PID:11212/166.5MB TOP_CPU:PID:8520/3.9% SYS_CPU:1%-WD:7.7% SYS_MEM:16.7/32GB(52.2%)-WD:19.2GB(60%) TRACKING:0 SPIKES:9 KILLS:0
2026-08-12 14:07:24   DIST CPU_IDLE(<1%):264 CPU_NORMAL(1-25%):3 CPU_HOT(>=25%):0
2026-08-12 14:08:03 KILLING PID:13984 MEM:5867.3MB CPU:12.5 REASON:MEMORY AGE:3h58m (IMMEDIATE)
2026-08-12 14:08:03   DETAIL PID:13984 SAMPLES:60 SPIKES:3 PEAK_CPU:% PEAK_MEM:MB
2026-08-12 14:08:03   SAMPLE PID:13984 TIME:14:02:39 CPU:0% MEM:131.2MB
2026-08-12 14:08:03   SAMPLE PID:13984 TIME:14:02:45 CPU:0% MEM:131.2MB
2026-08-12 14:08:03   SAMPLE PID:13984 TIME:14:02:50 CPU:0% MEM:131.2MB
2026-08-12 14:08:03   SAMPLE PID:13984 TIME:14:02:55 CPU:0% MEM:131.2MB
2026-08-12 14:08:03   SAMPLE PID:13984 TIME:14:03:01 CPU:0% MEM:131.2MB
2026-08-12 14:08:03   SAMPLE PID:13984 TIME:14:03:06 CPU:0% MEM:131.2MB
2026-08-12 14:08:03   SAMPLE PID:13984 TIME:14:03:12 CPU:0% MEM:131.2MB
2026-08-12 14:08:03   SAMPLE PID:13984 TIME:14:03:17 CPU:0% MEM:118MB
2026-08-12 14:08:03   SAMPLE PID:13984 TIME:14:03:23 CPU:0% MEM:118MB
2026-08-12 14:08:03   SAMPLE PID:13984 TIME:14:03:28 CPU:0% MEM:118MB
2026-08-12 14:08:03   SAMPLE PID:13984 TIME:14:03:34 CPU:0% MEM:123MB
2026-08-12 14:08:03   SAMPLE PID:13984 TIME:14:03:39 CPU:0% MEM:122.9MB
2026-08-12 14:08:03   SAMPLE PID:13984 TIME:14:03:45 CPU:0% MEM:122.9MB
2026-08-12 14:08:03   SAMPLE PID:13984 TIME:14:03:50 CPU:0% MEM:122.9MB
2026-08-12 14:08:03   SAMPLE PID:13984 TIME:14:03:55 CPU:0% MEM:122.9MB
2026-08-12 14:08:03   SAMPLE PID:13984 TIME:14:04:01 CPU:0% MEM:122.9MB
2026-08-12 14:08:03   SAMPLE PID:13984 TIME:14:04:06 CPU:1.2% MEM:122.9MB
2026-08-12 14:08:03   SAMPLE PID:13984 TIME:14:04:12 CPU:0% MEM:126.5MB
2026-08-12 14:08:03   SAMPLE PID:13984 TIME:14:04:17 CPU:0% MEM:126.5MB
2026-08-12 14:08:03   SAMPLE PID:13984 TIME:14:04:23 CPU:0% MEM:126.5MB
2026-08-12 14:08:03   SAMPLE PID:13984 TIME:14:04:28 CPU:0% MEM:126.5MB
2026-08-12 14:08:03   SAMPLE PID:13984 TIME:14:04:34 CPU:0% MEM:126.5MB
2026-08-12 14:08:03   SAMPLE PID:13984 TIME:14:04:39 CPU:0% MEM:126.5MB
2026-08-12 14:08:03   SAMPLE PID:13984 TIME:14:04:45 CPU:0% MEM:126.5MB
2026-08-12 14:08:03   SAMPLE PID:13984 TIME:14:04:50 CPU:0% MEM:126.5MB
2026-08-12 14:08:03   SAMPLE PID:13984 TIME:14:04:55 CPU:0% MEM:126.5MB
2026-08-12 14:08:03   SAMPLE PID:13984 TIME:14:05:01 CPU:0% MEM:126.5MB
2026-08-12 14:08:03   SAMPLE PID:13984 TIME:14:05:06 CPU:0% MEM:126.5MB
2026-08-12 14:08:03   SAMPLE PID:13984 TIME:14:05:12 CPU:0% MEM:126.5MB
2026-08-12 14:08:03   SAMPLE PID:13984 TIME:14:05:17 CPU:0% MEM:126.5MB
2026-08-12 14:08:03   SAMPLE PID:13984 TIME:14:05:23 CPU:0% MEM:126.5MB
2026-08-12 14:08:03   SAMPLE PID:13984 TIME:14:05:28 CPU:0% MEM:126.5MB
2026-08-12 14:08:03   SAMPLE PID:13984 TIME:14:05:34 CPU:0% MEM:126.5MB
2026-08-12 14:08:03   SAMPLE PID:13984 TIME:14:05:39 CPU:0% MEM:126.5MB
2026-08-12 14:08:03   SAMPLE PID:13984 TIME:14:05:45 CPU:0% MEM:126.5MB
2026-08-12 14:08:03   SAMPLE PID:13984 TIME:14:05:50 CPU:0% MEM:126.5MB
2026-08-12 14:08:03   SAMPLE PID:13984 TIME:14:05:55 CPU:0% MEM:126.5MB
2026-08-12 14:08:03   SAMPLE PID:13984 TIME:14:06:01 CPU:0% MEM:126.5MB
2026-08-12 14:08:03   SAMPLE PID:13984 TIME:14:06:06 CPU:0% MEM:126.5MB
2026-08-12 14:08:03   SAMPLE PID:13984 TIME:14:06:12 CPU:0% MEM:126.5MB
2026-08-12 14:08:03   SAMPLE PID:13984 TIME:14:06:17 CPU:0% MEM:126.5MB
2026-08-12 14:08:03   SAMPLE PID:13984 TIME:14:06:23 CPU:0% MEM:126.5MB
2026-08-12 14:08:03   SAMPLE PID:13984 TIME:14:06:28 CPU:0% MEM:126.5MB
2026-08-12 14:08:03   SAMPLE PID:13984 TIME:14:06:34 CPU:0% MEM:126.5MB
2026-08-12 14:08:03   SAMPLE PID:13984 TIME:14:06:39 CPU:0% MEM:126.5MB
2026-08-12 14:08:03   SAMPLE PID:13984 TIME:14:06:45 CPU:0% MEM:126.5MB
2026-08-12 14:08:03   SAMPLE PID:13984 TIME:14:06:50 CPU:0% MEM:126.5MB
2026-08-12 14:08:03   SAMPLE PID:13984 TIME:14:06:56 CPU:0% MEM:126.5MB
2026-08-12 14:08:03   SAMPLE PID:13984 TIME:14:07:01 CPU:0% MEM:126.5MB
2026-08-12 14:08:03   SAMPLE PID:13984 TIME:14:07:07 CPU:0% MEM:126.5MB
2026-08-12 14:08:03   SAMPLE PID:13984 TIME:14:07:12 CPU:0% MEM:126.5MB
2026-08-12 14:08:03   SAMPLE PID:13984 TIME:14:07:18 CPU:0% MEM:126.5MB
2026-08-12 14:08:03   SAMPLE PID:13984 TIME:14:07:23 CPU:0% MEM:126.5MB
2026-08-12 14:08:03   SAMPLE PID:13984 TIME:14:07:30 CPU:0% MEM:126.5MB
2026-08-12 14:08:03   SAMPLE PID:13984 TIME:14:07:35 CPU:0% MEM:126.6MB
2026-08-12 14:08:03   SAMPLE PID:13984 TIME:14:07:41 CPU:0% MEM:126.6MB
2026-08-12 14:08:03   SAMPLE PID:13984 TIME:14:07:46 CPU:0% MEM:126.6MB
2026-08-12 14:08:03   SAMPLE PID:13984 TIME:14:07:52 CPU:0% MEM:126.6MB
2026-08-12 14:08:03   SAMPLE PID:13984 TIME:14:07:57 CPU:0% MEM:126.6MB
2026-08-12 14:08:03   SAMPLE PID:13984 TIME:14:08:03 CPU:12.5% MEM:5867.3MB
2026-08-12 14:08:03 KILLED PID:13984
2026-08-12 14:12:27 HEARTBEAT PROCS:260 TOP_MEM:PID:11212/166.6MB TOP_CPU:PID:5688/2.6% SYS_CPU:4%-WD:2.6% SYS_MEM:17.1/32GB(53.4%)-WD:19.4GB(60.6%) TRACKING:0 SPIKES:8 KILLS:1
2026-08-12 14:12:27   DIST CPU_IDLE(<1%):259 CPU_NORMAL(1-25%):1 CPU_HOT(>=25%):0
2026-08-12 14:17:30 HEARTBEAT PROCS:305 TOP_MEM:PID:10568/161.9MB TOP_CPU:PID:8052/5.5% SYS_CPU:3%-WD:5.5% SYS_MEM:18/32GB(56.2%)-WD:21.1GB(65.9%) TRACKING:0 SPIKES:13 KILLS:0
2026-08-12 14:17:30   DIST CPU_IDLE(<1%):305 CPU_NORMAL(1-25%):0 CPU_HOT(>=25%):0
2026-08-12 14:22:33 HEARTBEAT PROCS:254 TOP_MEM:PID:10568/162MB TOP_CPU:PID:14788/0% SYS_CPU:5%-WD:0% SYS_MEM:17.5/32GB(54.7%)-WD:19.8GB(61.9%) TRACKING:0 SPIKES:26 KILLS:0
2026-08-12 14:22:33   DIST CPU_IDLE(<1%):254 CPU_NORMAL(1-25%):0 CPU_HOT(>=25%):0
2026-08-12 14:27:35 HEARTBEAT PROCS:272 TOP_MEM:PID:11212/161.9MB TOP_CPU:PID:4536/88.8% SYS_CPU:2%-WD:510.1% SYS_MEM:17.3/32GB(54.1%)-WD:19.9GB(62.2%) TRACKING:8 SPIKES:58 KILLS:0
2026-08-12 14:27:35   DIST CPU_IDLE(<1%):232 CPU_NORMAL(1-25%):32 CPU_HOT(>=25%):8
2026-08-12 14:32:39 HEARTBEAT PROCS:291 TOP_MEM:PID:9692/195.7MB TOP_CPU:PID:13144/1.8% SYS_CPU:11%-WD:1.8% SYS_MEM:17.9/32GB(55.9%)-WD:20.6GB(64.4%) TRACKING:0 SPIKES:4 KILLS:0
2026-08-12 14:32:39   DIST CPU_IDLE(<1%):290 CPU_NORMAL(1-25%):1 CPU_HOT(>=25%):0
2026-08-12 14:37:41 HEARTBEAT PROCS:253 TOP_MEM:PID:11212/164.8MB TOP_CPU:PID:9420/11.9% SYS_CPU:4%-WD:11.9% SYS_MEM:16.9/32GB(52.8%)-WD:19.1GB(59.7%) TRACKING:0 SPIKES:99 KILLS:0
2026-08-12 14:37:41   DIST CPU_IDLE(<1%):252 CPU_NORMAL(1-25%):1 CPU_HOT(>=25%):0
2026-08-12 14:42:42 HEARTBEAT PROCS:245 TOP_MEM:PID:11212/164.3MB TOP_CPU:PID:13964/0% SYS_CPU:5%-WD:0% SYS_MEM:16.6/32GB(51.9%)-WD:18.7GB(58.4%) TRACKING:0 SPIKES:0 KILLS:0
2026-08-12 14:42:42   DIST CPU_IDLE(<1%):245 CPU_NORMAL(1-25%):0 CPU_HOT(>=25%):0
2026-08-12 14:47:44 HEARTBEAT PROCS:247 TOP_MEM:PID:16144/195.6MB TOP_CPU:PID:11672/4.5% SYS_CPU:1%-WD:5.1% SYS_MEM:16.9/32GB(52.8%)-WD:18.9GB(59.1%) TRACKING:0 SPIKES:19 KILLS:0
2026-08-12 14:47:44   DIST CPU_IDLE(<1%):246 CPU_NORMAL(1-25%):1 CPU_HOT(>=25%):0
2026-08-12 14:52:45 HEARTBEAT PROCS:284 TOP_MEM:PID:16144/195.6MB TOP_CPU:PID:3632/1.2% SYS_CPU:5%-WD:1.2% SYS_MEM:17.4/32GB(54.4%)-WD:20.1GB(62.8%) TRACKING:0 SPIKES:4 KILLS:0
2026-08-12 14:52:45   DIST CPU_IDLE(<1%):283 CPU_NORMAL(1-25%):1 CPU_HOT(>=25%):0
2026-08-12 14:57:48 HEARTBEAT PROCS:270 TOP_MEM:PID:16144/188.5MB TOP_CPU:PID:17564/1.2% SYS_CPU:2%-WD:2.4% SYS_MEM:17.4/32GB(54.4%)-WD:20GB(62.5%) TRACKING:0 SPIKES:11 KILLS:0
2026-08-12 14:57:48   DIST CPU_IDLE(<1%):268 CPU_NORMAL(1-25%):2 CPU_HOT(>=25%):0
2026-08-12 15:02:51 HEARTBEAT PROCS:287 TOP_MEM:PID:12044/166.5MB TOP_CPU:PID:14788/0% SYS_CPU:1%-WD:0% SYS_MEM:18.2/32GB(56.9%)-WD:21GB(65.6%) TRACKING:0 SPIKES:33 KILLS:0
2026-08-12 15:02:51   DIST CPU_IDLE(<1%):287 CPU_NORMAL(1-25%):0 CPU_HOT(>=25%):0
2026-08-12 15:07:53 HEARTBEAT PROCS:272 TOP_MEM:PID:12044/165.6MB TOP_CPU:PID:12612/0% SYS_CPU:5%-WD:0% SYS_MEM:17.8/32GB(55.6%)-WD:20.5GB(64.1%) TRACKING:0 SPIKES:13 KILLS:0
2026-08-12 15:07:53   DIST CPU_IDLE(<1%):272 CPU_NORMAL(1-25%):0 CPU_HOT(>=25%):0
2026-08-12 15:12:55 HEARTBEAT PROCS:291 TOP_MEM:PID:11092/167.1MB TOP_CPU:PID:13684/3.8% SYS_CPU:5%-WD:6.9% SYS_MEM:18.2/32GB(56.9%)-WD:21.2GB(66.2%) TRACKING:0 SPIKES:28 KILLS:0
2026-08-12 15:12:55   DIST CPU_IDLE(<1%):289 CPU_NORMAL(1-25%):2 CPU_HOT(>=25%):0
2026-08-12 15:17:59 HEARTBEAT PROCS:263 TOP_MEM:PID:9692/198.1MB TOP_CPU:PID:17372/0% SYS_CPU:4%-WD:0% SYS_MEM:17.6/32GB(55%)-WD:20.1GB(62.8%) TRACKING:0 SPIKES:23 KILLS:0
2026-08-12 15:17:59   DIST CPU_IDLE(<1%):263 CPU_NORMAL(1-25%):0 CPU_HOT(>=25%):0
2026-08-12 15:23:00 HEARTBEAT PROCS:257 TOP_MEM:PID:9692/198.9MB TOP_CPU:PID:11148/0.6% SYS_CPU:2%-WD:0.6% SYS_MEM:17.5/32GB(54.7%)-WD:19.9GB(62.2%) TRACKING:0 SPIKES:10 KILLS:0
2026-08-12 15:23:00   DIST CPU_IDLE(<1%):257 CPU_NORMAL(1-25%):0 CPU_HOT(>=25%):0
2026-08-12 15:28:02 HEARTBEAT PROCS:275 TOP_MEM:PID:9692/207.1MB TOP_CPU:PID:8200/1.9% SYS_CPU:4%-WD:3.1% SYS_MEM:17.8/32GB(55.6%)-WD:20.5GB(64.1%) TRACKING:0 SPIKES:16 KILLS:0
2026-08-12 15:28:02   DIST CPU_IDLE(<1%):273 CPU_NORMAL(1-25%):2 CPU_HOT(>=25%):0
2026-08-12 15:33:05 HEARTBEAT PROCS:267 TOP_MEM:PID:9692/205.7MB TOP_CPU:PID:820/1.2% SYS_CPU:2%-WD:1.2% SYS_MEM:17.7/32GB(55.3%)-WD:20.2GB(63.1%) TRACKING:0 SPIKES:4 KILLS:0
2026-08-12 15:33:05   DIST CPU_IDLE(<1%):266 CPU_NORMAL(1-25%):1 CPU_HOT(>=25%):0
2026-08-12 15:38:07 HEARTBEAT PROCS:268 TOP_MEM:PID:9692/205.7MB TOP_CPU:PID:13064/0.6% SYS_CPU:5%-WD:0.6% SYS_MEM:17.9/32GB(55.9%)-WD:20.4GB(63.7%) TRACKING:0 SPIKES:9 KILLS:0
2026-08-12 15:38:07   DIST CPU_IDLE(<1%):268 CPU_NORMAL(1-25%):0 CPU_HOT(>=25%):0
2026-08-12 15:43:09 HEARTBEAT PROCS:240 TOP_MEM:PID:9692/205.7MB TOP_CPU:PID:5288/2.6% SYS_CPU:2%-WD:2.6% SYS_MEM:17/32GB(53.1%)-WD:19GB(59.4%) TRACKING:0 SPIKES:31 KILLS:0
2026-08-12 15:43:09   DIST CPU_IDLE(<1%):239 CPU_NORMAL(1-25%):1 CPU_HOT(>=25%):0
2026-08-12 15:48:09 HEARTBEAT PROCS:232 TOP_MEM:PID:16144/185.6MB TOP_CPU:PID:14788/0% SYS_CPU:4%-WD:0% SYS_MEM:16.6/32GB(51.9%)-WD:18.5GB(57.8%) TRACKING:0 SPIKES:5 KILLS:0
2026-08-12 15:48:09   DIST CPU_IDLE(<1%):232 CPU_NORMAL(1-25%):0 CPU_HOT(>=25%):0
2026-08-12 15:53:11 HEARTBEAT PROCS:247 TOP_MEM:PID:16144/192.6MB TOP_CPU:PID:5076/1.2% SYS_CPU:5%-WD:1.2% SYS_MEM:17/32GB(53.1%)-WD:19GB(59.4%) TRACKING:0 SPIKES:2 KILLS:0
2026-08-12 15:53:11   DIST CPU_IDLE(<1%):246 CPU_NORMAL(1-25%):1 CPU_HOT(>=25%):0
2026-08-12 15:58:12 HEARTBEAT PROCS:203 TOP_MEM:PID:16144/195MB TOP_CPU:PID:3624/2.8% SYS_CPU:5%-WD:2.8% SYS_MEM:15.5/32GB(48.4%)-WD:16.9GB(52.8%) TRACKING:0 SPIKES:65 KILLS:0
2026-08-12 15:58:12   DIST CPU_IDLE(<1%):202 CPU_NORMAL(1-25%):1 CPU_HOT(>=25%):0
2026-08-12 16:03:16 HEARTBEAT PROCS:224 TOP_MEM:PID:16144/196.6MB TOP_CPU:PID:11776/0% SYS_CPU:4%-WD:0% SYS_MEM:16.2/32GB(50.6%)-WD:17.8GB(55.6%) TRACKING:0 SPIKES:9 KILLS:0
2026-08-12 16:03:16   DIST CPU_IDLE(<1%):224 CPU_NORMAL(1-25%):0 CPU_HOT(>=25%):0
2026-08-12 16:08:17 HEARTBEAT PROCS:209 TOP_MEM:PID:16144/196.7MB TOP_CPU:PID:11776/0% SYS_CPU:0%-WD:0% SYS_MEM:15.5/32GB(48.4%)-WD:16.8GB(52.5%) TRACKING:0 SPIKES:91 KILLS:0
2026-08-12 16:08:17   DIST CPU_IDLE(<1%):209 CPU_NORMAL(1-25%):0 CPU_HOT(>=25%):0
2026-08-12 16:13:22 HEARTBEAT PROCS:210 TOP_MEM:PID:16144/196.7MB TOP_CPU:PID:8728/0% SYS_CPU:1%-WD:0% SYS_MEM:15.4/32GB(48.1%)-WD:16.7GB(52.2%) TRACKING:0 SPIKES:6 KILLS:0
2026-08-12 16:13:22   DIST CPU_IDLE(<1%):210 CPU_NORMAL(1-25%):0 CPU_HOT(>=25%):0
2026-08-12 16:18:23 HEARTBEAT PROCS:235 TOP_MEM:PID:9692/198MB TOP_CPU:PID:15644/3.9% SYS_CPU:1%-WD:4.5% SYS_MEM:16/32GB(50%)-WD:17.7GB(55.3%) TRACKING:0 SPIKES:11 KILLS:0
2026-08-12 16:18:23   DIST CPU_IDLE(<1%):234 CPU_NORMAL(1-25%):1 CPU_HOT(>=25%):0
2026-08-12 16:23:24 HEARTBEAT PROCS:216 TOP_MEM:PID:9692/198MB TOP_CPU:PID:7912/0.6% SYS_CPU:2%-WD:0.6% SYS_MEM:15.5/32GB(48.4%)-WD:16.8GB(52.5%) TRACKING:0 SPIKES:8 KILLS:0
2026-08-12 16:23:24   DIST CPU_IDLE(<1%):216 CPU_NORMAL(1-25%):0 CPU_HOT(>=25%):0
2026-08-12 16:28:25 HEARTBEAT PROCS:229 TOP_MEM:PID:9692/198MB TOP_CPU:PID:14788/0.6% SYS_CPU:2%-WD:0.6% SYS_MEM:15.5/32GB(48.4%)-WD:17.1GB(53.4%) TRACKING:0 SPIKES:0 KILLS:0
2026-08-12 16:28:25   DIST CPU_IDLE(<1%):229 CPU_NORMAL(1-25%):0 CPU_HOT(>=25%):0
2026-08-12 16:33:26 HEARTBEAT PROCS:227 TOP_MEM:PID:9692/198MB TOP_CPU:PID:9196/0% SYS_CPU:4%-WD:0% SYS_MEM:15.4/32GB(48.1%)-WD:16.9GB(52.8%) TRACKING:0 SPIKES:24 KILLS:0
2026-08-12 16:33:26   DIST CPU_IDLE(<1%):227 CPU_NORMAL(1-25%):0 CPU_HOT(>=25%):0
2026-08-12 16:38:27 HEARTBEAT PROCS:223 TOP_MEM:PID:13684/173.3MB TOP_CPU:PID:16388/0% SYS_CPU:2%-WD:0% SYS_MEM:14.9/32GB(46.6%)-WD:16.4GB(51.2%) TRACKING:0 SPIKES:10 KILLS:0
2026-08-12 16:38:27   DIST CPU_IDLE(<1%):223 CPU_NORMAL(1-25%):0 CPU_HOT(>=25%):0
2026-08-12 16:43:32 HEARTBEAT PROCS:206 TOP_MEM:PID:16144/184.6MB TOP_CPU:PID:7028/0% SYS_CPU:2%-WD:0% SYS_MEM:14.3/32GB(44.7%)-WD:15.4GB(48.1%) TRACKING:0 SPIKES:2 KILLS:0
2026-08-12 16:43:32   DIST CPU_IDLE(<1%):206 CPU_NORMAL(1-25%):0 CPU_HOT(>=25%):0
2026-08-12 16:48:37 HEARTBEAT PROCS:218 TOP_MEM:PID:16144/192.2MB TOP_CPU:PID:16324/3.9% SYS_CPU:7%-WD:8.9% SYS_MEM:14.5/32GB(45.3%)-WD:15.8GB(49.4%) TRACKING:0 SPIKES:0 KILLS:0
2026-08-12 16:48:37   DIST CPU_IDLE(<1%):214 CPU_NORMAL(1-25%):4 CPU_HOT(>=25%):0
2026-08-12 16:53:39 HEARTBEAT PROCS:238 TOP_MEM:PID:16144/190.9MB TOP_CPU:PID:7028/0% SYS_CPU:7%-WD:0% SYS_MEM:14.7/32GB(45.9%)-WD:16.2GB(50.6%) TRACKING:0 SPIKES:55 KILLS:0
2026-08-12 16:53:39   DIST CPU_IDLE(<1%):238 CPU_NORMAL(1-25%):0 CPU_HOT(>=25%):0
2026-08-12 16:58:39 HEARTBEAT PROCS:209 TOP_MEM:PID:16144/192.1MB TOP_CPU:PID:16188/0.6% SYS_CPU:2%-WD:0.6% SYS_MEM:14.3/32GB(44.7%)-WD:15.4GB(48.1%) TRACKING:0 SPIKES:33 KILLS:0
2026-08-12 16:58:39   DIST CPU_IDLE(<1%):209 CPU_NORMAL(1-25%):0 CPU_HOT(>=25%):0
2026-08-12 17:03:40 HEARTBEAT PROCS:216 TOP_MEM:PID:16144/190.9MB TOP_CPU:PID:9196/4.1% SYS_CPU:47%-WD:5.5% SYS_MEM:14.6/32GB(45.6%)-WD:15.5GB(48.4%) TRACKING:0 SPIKES:0 KILLS:0
2026-08-12 17:03:40   DIST CPU_IDLE(<1%):214 CPU_NORMAL(1-25%):2 CPU_HOT(>=25%):0
2026-08-12 17:03:40   NON_WD_SPIKE SYS_CPU:47% WD_CPU:5.5% GAP:41.5%
2026-08-12 17:03:41   NON_WD PID:6660 NAME:chrome CPU:3.5% MEM:31.1MB CMD:
2026-08-12 17:03:41   NON_WD PID:4 NAME:System CPU:3.5% MEM:0MB CMD:
2026-08-12 17:03:41   NON_WD PID:3580 NAME:MsMpEng CPU:2% MEM:197.1MB CMD:
2026-08-12 17:03:41   NON_WD PID:5228 NAME:WmiPrvSE CPU:1.4% MEM:9.8MB CMD:C:\Windows\system32\wbem\wmiprvse.exe
2026-08-12 17:03:41   NON_WD PID:7624 NAME:httpd#1 CPU:1.4% MEM:55.5MB CMD:C:\Apache24\bin\httpd.exe -d C:/Apache24
2026-08-12 17:03:41   NON_WD PID:824 NAME:csrss CPU:0.6% MEM:1.6MB CMD:
2026-08-12 17:03:41   NON_WD PID:3316 NAME:svchost#37 CPU:0% MEM:1.2MB CMD:C:\Windows\system32\svchost.exe -k LocalService -p -s SstpSvc
2026-08-12 17:03:41   NON_WD PID:3340 NAME:svchost#38 CPU:0% MEM:0.8MB CMD:C:\Windows\System32\svchost.exe -k LocalSystemNetworkRestricted -p -s TrkWks
2026-08-12 17:03:41   NON_WD PID:3360 NAME:svchost#39 CPU:0% MEM:1.3MB CMD:C:\Windows\system32\svchost.exe -k LocalService -s W32Time
2026-08-12 17:03:41   NON_WD PID:3308 NAME:svchost#36 CPU:0% MEM:1.2MB CMD:C:\Windows\system32\svchost.exe -k LocalSystemNetworkRestricted -p -s SysMain
2026-08-12 17:08:45 HEARTBEAT PROCS:173 TOP_MEM:PID:16144/193.2MB TOP_CPU:PID:9636/0% SYS_CPU:4%-WD:0% SYS_MEM:13.1/32GB(40.9%)-WD:13.6GB(42.5%) TRACKING:0 SPIKES:4 KILLS:0
2026-08-12 17:08:45   DIST CPU_IDLE(<1%):173 CPU_NORMAL(1-25%):0 CPU_HOT(>=25%):0
2026-08-12 17:13:50 HEARTBEAT PROCS:215 TOP_MEM:PID:16144/194.5MB TOP_CPU:PID:9196/0% SYS_CPU:2%-WD:0% SYS_MEM:13.9/32GB(43.4%)-WD:15.2GB(47.5%) TRACKING:0 SPIKES:5 KILLS:0
2026-08-12 17:13:50   DIST CPU_IDLE(<1%):215 CPU_NORMAL(1-25%):0 CPU_HOT(>=25%):0
2026-08-12 17:18:54 HEARTBEAT PROCS:173 TOP_MEM:PID:18384/167MB TOP_CPU:PID:1864/0% SYS_CPU:2%-WD:0% SYS_MEM:12.4/32GB(38.8%)-WD:13GB(40.6%) TRACKING:0 SPIKES:19 KILLS:0
2026-08-12 17:18:54   DIST CPU_IDLE(<1%):173 CPU_NORMAL(1-25%):0 CPU_HOT(>=25%):0
2026-08-12 17:23:57 HEARTBEAT PROCS:158 TOP_MEM:PID:12044/167.1MB TOP_CPU:PID:9196/0% SYS_CPU:2%-WD:0% SYS_MEM:11.8/32GB(36.9%)-WD:11.9GB(37.2%) TRACKING:0 SPIKES:30 KILLS:0
2026-08-12 17:23:57   DIST CPU_IDLE(<1%):158 CPU_NORMAL(1-25%):0 CPU_HOT(>=25%):0
2026-08-12 17:29:01 HEARTBEAT PROCS:150 TOP_MEM:PID:16144/191.8MB TOP_CPU:PID:8300/0% SYS_CPU:1%-WD:0% SYS_MEM:11.5/32GB(35.9%)-WD:11.5GB(35.9%) TRACKING:0 SPIKES:2 KILLS:0
2026-08-12 17:29:01   DIST CPU_IDLE(<1%):150 CPU_NORMAL(1-25%):0 CPU_HOT(>=25%):0
2026-08-12 17:34:04 HEARTBEAT PROCS:164 TOP_MEM:PID:12044/167.3MB TOP_CPU:PID:14804/0% SYS_CPU:7%-WD:0% SYS_MEM:11.4/32GB(35.6%)-WD:11.6GB(36.2%) TRACKING:0 SPIKES:16 KILLS:0
2026-08-12 17:34:04   DIST CPU_IDLE(<1%):164 CPU_NORMAL(1-25%):0 CPU_HOT(>=25%):0
2026-08-12 17:39:07 HEARTBEAT PROCS:157 TOP_MEM:PID:12044/167.3MB TOP_CPU:PID:5680/0% SYS_CPU:2%-WD:0% SYS_MEM:10.9/32GB(34.1%)-WD:11GB(34.4%) TRACKING:0 SPIKES:13 KILLS:0
2026-08-12 17:39:07   DIST CPU_IDLE(<1%):157 CPU_NORMAL(1-25%):0 CPU_HOT(>=25%):0
2026-08-12 17:44:11 HEARTBEAT PROCS:149 TOP_MEM:PID:12044/167.3MB TOP_CPU:PID:11776/0% SYS_CPU:1%-WD:0% SYS_MEM:10.9/32GB(34.1%)-WD:10.9GB(34.1%) TRACKING:0 SPIKES:0 KILLS:0
2026-08-12 17:44:11   DIST CPU_IDLE(<1%):149 CPU_NORMAL(1-25%):0 CPU_HOT(>=25%):0
2026-08-12 17:49:14 HEARTBEAT PROCS:165 TOP_MEM:PID:12044/167.3MB TOP_CPU:PID:7480/0% SYS_CPU:0%-WD:0% SYS_MEM:11/32GB(34.4%)-WD:11.4GB(35.6%) TRACKING:0 SPIKES:12 KILLS:0
2026-08-12 17:49:14   DIST CPU_IDLE(<1%):165 CPU_NORMAL(1-25%):0 CPU_HOT(>=25%):0
2026-08-12 17:54:17 HEARTBEAT PROCS:166 TOP_MEM:PID:12044/167.3MB TOP_CPU:PID:8788/0.6% SYS_CPU:1%-WD:0.6% SYS_MEM:10.9/32GB(34.1%)-WD:11.2GB(35%) TRACKING:0 SPIKES:34 KILLS:0
2026-08-12 17:54:17   DIST CPU_IDLE(<1%):166 CPU_NORMAL(1-25%):0 CPU_HOT(>=25%):0
2026-08-12 17:59:22 HEARTBEAT PROCS:189 TOP_MEM:PID:12044/167.3MB TOP_CPU:PID:2632/0% SYS_CPU:4%-WD:0% SYS_MEM:11.1/32GB(34.7%)-WD:11.8GB(36.9%) TRACKING:0 SPIKES:0 KILLS:0
2026-08-12 17:59:22   DIST CPU_IDLE(<1%):189 CPU_NORMAL(1-25%):0 CPU_HOT(>=25%):0
2026-08-12 18:04:25 HEARTBEAT PROCS:147 TOP_MEM:PID:12044/167.3MB TOP_CPU:PID:13136/0% SYS_CPU:1%-WD:0% SYS_MEM:9.8/32GB(30.6%)-WD:9.7GB(30.3%) TRACKING:0 SPIKES:4 KILLS:0
2026-08-12 18:04:25   DIST CPU_IDLE(<1%):147 CPU_NORMAL(1-25%):0 CPU_HOT(>=25%):0
2026-08-12 18:09:28 HEARTBEAT PROCS:109 TOP_MEM:PID:12044/167.3MB TOP_CPU:PID:3608/0% SYS_CPU:1%-WD:0% SYS_MEM:8.6/32GB(26.9%)-WD:7.8GB(24.4%) TRACKING:0 SPIKES:25 KILLS:0
2026-08-12 18:09:28   DIST CPU_IDLE(<1%):109 CPU_NORMAL(1-25%):0 CPU_HOT(>=25%):0
2026-08-12 18:14:29 HEARTBEAT PROCS:109 TOP_MEM:PID:16632/150.8MB TOP_CPU:PID:16024/0% SYS_CPU:2%-WD:0% SYS_MEM:8.5/32GB(26.6%)-WD:7.5GB(23.4%) TRACKING:0 SPIKES:2 KILLS:0
2026-08-12 18:14:29   DIST CPU_IDLE(<1%):109 CPU_NORMAL(1-25%):0 CPU_HOT(>=25%):0
2026-08-12 18:19:31 HEARTBEAT PROCS:122 TOP_MEM:PID:6648/149.3MB TOP_CPU:PID:12592/2% SYS_CPU:2%-WD:2% SYS_MEM:8.3/32GB(25.9%)-WD:7.6GB(23.8%) TRACKING:0 SPIKES:6 KILLS:0
2026-08-12 18:19:31   DIST CPU_IDLE(<1%):121 CPU_NORMAL(1-25%):1 CPU_HOT(>=25%):0
2026-08-12 18:24:32 HEARTBEAT PROCS:114 TOP_MEM:PID:6648/149.3MB TOP_CPU:PID:17784/1.4% SYS_CPU:5%-WD:1.4% SYS_MEM:8.2/32GB(25.6%)-WD:7.3GB(22.8%) TRACKING:0 SPIKES:1 KILLS:0
2026-08-12 18:24:32   DIST CPU_IDLE(<1%):113 CPU_NORMAL(1-25%):1 CPU_HOT(>=25%):0
2026-08-12 18:29:34 HEARTBEAT PROCS:101 TOP_MEM:PID:17352/169MB TOP_CPU:PID:11488/0% SYS_CPU:0%-WD:0% SYS_MEM:7.8/32GB(24.4%)-WD:6.7GB(20.9%) TRACKING:0 SPIKES:2 KILLS:0
2026-08-12 18:29:34   DIST CPU_IDLE(<1%):101 CPU_NORMAL(1-25%):0 CPU_HOT(>=25%):0
2026-08-12 18:34:34 HEARTBEAT PROCS:101 TOP_MEM:PID:17352/169.2MB TOP_CPU:PID:17592/0% SYS_CPU:1%-WD:0% SYS_MEM:7.6/32GB(23.8%)-WD:6.5GB(20.3%) TRACKING:0 SPIKES:3 KILLS:0
2026-08-12 18:34:34   DIST CPU_IDLE(<1%):101 CPU_NORMAL(1-25%):0 CPU_HOT(>=25%):0
2026-08-12 18:39:34 HEARTBEAT PROCS:85 TOP_MEM:PID:17352/169.1MB TOP_CPU:PID:8728/0% SYS_CPU:2%-WD:0% SYS_MEM:7.2/32GB(22.5%)-WD:5.8GB(18.1%) TRACKING:0 SPIKES:3 KILLS:0
2026-08-12 18:39:34   DIST CPU_IDLE(<1%):85 CPU_NORMAL(1-25%):0 CPU_HOT(>=25%):0
2026-08-12 18:44:35 HEARTBEAT PROCS:118 TOP_MEM:PID:6648/149.3MB TOP_CPU:PID:11688/0% SYS_CPU:2%-WD:0% SYS_MEM:7.8/32GB(24.4%)-WD:7GB(21.9%) TRACKING:0 SPIKES:0 KILLS:0
2026-08-12 18:44:35   DIST CPU_IDLE(<1%):118 CPU_NORMAL(1-25%):0 CPU_HOT(>=25%):0
2026-08-12 18:49:37 HEARTBEAT PROCS:91 TOP_MEM:PID:17352/176.2MB TOP_CPU:PID:8728/0% SYS_CPU:1%-WD:0% SYS_MEM:7.4/32GB(23.1%)-WD:6.1GB(19.1%) TRACKING:0 SPIKES:10 KILLS:0
2026-08-12 18:49:37   DIST CPU_IDLE(<1%):91 CPU_NORMAL(1-25%):0 CPU_HOT(>=25%):0
2026-08-12 18:54:42 HEARTBEAT PROCS:72 TOP_MEM:PID:6648/149.3MB TOP_CPU:PID:3608/0% SYS_CPU:0%-WD:0% SYS_MEM:6.9/32GB(21.6%)-WD:5.3GB(16.6%) TRACKING:0 SPIKES:1 KILLS:0
2026-08-12 18:54:42   DIST CPU_IDLE(<1%):72 CPU_NORMAL(1-25%):0 CPU_HOT(>=25%):0
2026-08-12 18:59:47 HEARTBEAT PROCS:67 TOP_MEM:PID:6648/149.3MB TOP_CPU:PID:3596/0% SYS_CPU:41%-WD:0% SYS_MEM:7.1/32GB(22.2%)-WD:5.1GB(15.9%) TRACKING:0 SPIKES:0 KILLS:0
2026-08-12 18:59:47   DIST CPU_IDLE(<1%):67 CPU_NORMAL(1-25%):0 CPU_HOT(>=25%):0
2026-08-12 18:59:47   NON_WD_SPIKE SYS_CPU:41% WD_CPU:0% GAP:41%
2026-08-12 18:59:47   NON_WD PID:3580 NAME:MsMpEng CPU:1.4% MEM:186.4MB CMD:
2026-08-12 18:59:47   NON_WD PID:2960 NAME:svchost#30 CPU:0% MEM:1.5MB CMD:C:\Windows\System32\svchost.exe -k netsvcs -p -s SessionEnv
2026-08-12 18:59:47   NON_WD PID:3016 NAME:svchost#31 CPU:0% MEM:1.8MB CMD:C:\Windows\system32\svchost.exe -k netsvcs -p -s IKEEXT
2026-08-12 18:59:47   NON_WD PID:3044 NAME:svchost#32 CPU:0% MEM:1.2MB CMD:C:\Windows\system32\svchost.exe -k NetworkServiceNetworkRestricted -p -s PolicyAgent
2026-08-12 18:59:47   NON_WD PID:2892 NAME:svchost#29 CPU:0% MEM:1.2MB CMD:C:\Windows\system32\svchost.exe -k netsvcs -s CertPropSvc
2026-08-12 18:59:47   NON_WD PID:2576 NAME:svchost#26 CPU:0% MEM:1.3MB CMD:C:\Windows\System32\svchost.exe -k NetworkService -p -s LanmanWorkstation
2026-08-12 18:59:47   NON_WD PID:2608 NAME:svchost#27 CPU:0% MEM:1.2MB CMD:C:\Windows\System32\svchost.exe -k LocalSystemNetworkRestricted -p -s UmRdpService
2026-08-12 18:59:47   NON_WD PID:2848 NAME:svchost#28 CPU:0% MEM:1.6MB CMD:C:\Windows\system32\svchost.exe -k netsvcs -p -s UserManager
2026-08-12 18:59:47   NON_WD PID:3224 NAME:svchost#33 CPU:0% MEM:10.7MB CMD:C:\Windows\system32\svchost.exe -k netsvcs -p -s Winmgmt
2026-08-12 18:59:47   NON_WD PID:3316 NAME:svchost#37 CPU:0% MEM:1.2MB CMD:C:\Windows\system32\svchost.exe -k LocalService -p -s SstpSvc
2026-08-12 19:04:48 HEARTBEAT PROCS:81 TOP_MEM:PID:2520/163.6MB TOP_CPU:PID:1036/0% SYS_CPU:2%-WD:0% SYS_MEM:7.1/32GB(22.2%)-WD:5.6GB(17.5%) TRACKING:0 SPIKES:0 KILLS:0
2026-08-12 19:04:48   DIST CPU_IDLE(<1%):81 CPU_NORMAL(1-25%):0 CPU_HOT(>=25%):0
2026-08-12 19:09:53 HEARTBEAT PROCS:76 TOP_MEM:PID:11312/163.7MB TOP_CPU:PID:17784/0.6% SYS_CPU:0%-WD:0.6% SYS_MEM:7/32GB(21.9%)-WD:5.5GB(17.2%) TRACKING:0 SPIKES:0 KILLS:0
2026-08-12 19:09:53   DIST CPU_IDLE(<1%):76 CPU_NORMAL(1-25%):0 CPU_HOT(>=25%):0
2026-08-12 19:14:58 HEARTBEAT PROCS:55 TOP_MEM:PID:6648/149.3MB TOP_CPU:PID:14088/0% SYS_CPU:1%-WD:0% SYS_MEM:6.3/32GB(19.7%)-WD:4.3GB(13.4%) TRACKING:0 SPIKES:2 KILLS:0
2026-08-12 19:14:58   DIST CPU_IDLE(<1%):55 CPU_NORMAL(1-25%):0 CPU_HOT(>=25%):0
2026-08-12 19:19:58 HEARTBEAT PROCS:71 TOP_MEM:PID:6648/149.3MB TOP_CPU:PID:16024/0% SYS_CPU:1%-WD:0% SYS_MEM:6.5/32GB(20.3%)-WD:4.8GB(15%) TRACKING:0 SPIKES:0 KILLS:0
2026-08-12 19:19:58   DIST CPU_IDLE(<1%):71 CPU_NORMAL(1-25%):0 CPU_HOT(>=25%):0
2026-08-12 19:25:03 HEARTBEAT PROCS:86 TOP_MEM:PID:6648/149.3MB TOP_CPU:PID:15456/0.6% SYS_CPU:1%-WD:0.6% SYS_MEM:6.7/32GB(20.9%)-WD:5.3GB(16.6%) TRACKING:0 SPIKES:1 KILLS:0
2026-08-12 19:25:03   DIST CPU_IDLE(<1%):86 CPU_NORMAL(1-25%):0 CPU_HOT(>=25%):0
2026-08-12 19:30:09 HEARTBEAT PROCS:57 TOP_MEM:PID:6648/149.3MB TOP_CPU:PID:10220/1.4% SYS_CPU:2%-WD:2.8% SYS_MEM:6.1/32GB(19.1%)-WD:4.3GB(13.4%) TRACKING:0 SPIKES:0 KILLS:0
2026-08-12 19:30:09   DIST CPU_IDLE(<1%):55 CPU_NORMAL(1-25%):2 CPU_HOT(>=25%):0
2026-08-12 19:35:14 HEARTBEAT PROCS:63 TOP_MEM:PID:6648/149.3MB TOP_CPU:PID:17564/0% SYS_CPU:2%-WD:0% SYS_MEM:6.2/32GB(19.4%)-WD:4.4GB(13.8%) TRACKING:0 SPIKES:10 KILLS:0
2026-08-12 19:35:14   DIST CPU_IDLE(<1%):63 CPU_NORMAL(1-25%):0 CPU_HOT(>=25%):0
2026-08-12 19:40:14 HEARTBEAT PROCS:76 TOP_MEM:PID:6648/149.3MB TOP_CPU:PID:15644/0% SYS_CPU:1%-WD:0% SYS_MEM:6.5/32GB(20.3%)-WD:5GB(15.6%) TRACKING:0 SPIKES:0 KILLS:0
2026-08-12 19:40:14   DIST CPU_IDLE(<1%):76 CPU_NORMAL(1-25%):0 CPU_HOT(>=25%):0
2026-08-12 19:45:19 HEARTBEAT PROCS:65 TOP_MEM:PID:6648/149.3MB TOP_CPU:PID:17400/0% SYS_CPU:1%-WD:0% SYS_MEM:6.3/32GB(19.7%)-WD:4.6GB(14.4%) TRACKING:0 SPIKES:2 KILLS:0
2026-08-12 19:45:19   DIST CPU_IDLE(<1%):65 CPU_NORMAL(1-25%):0 CPU_HOT(>=25%):0
2026-08-12 19:50:19 HEARTBEAT PROCS:63 TOP_MEM:PID:6648/149.3MB TOP_CPU:PID:3056/0% SYS_CPU:1%-WD:0% SYS_MEM:6.2/32GB(19.4%)-WD:4.4GB(13.8%) TRACKING:0 SPIKES:0 KILLS:0
2026-08-12 19:50:19   DIST CPU_IDLE(<1%):63 CPU_NORMAL(1-25%):0 CPU_HOT(>=25%):0
2026-08-12 19:55:24 HEARTBEAT PROCS:52 TOP_MEM:PID:6648/149.3MB TOP_CPU:PID:2072/0% SYS_CPU:1%-WD:0% SYS_MEM:6/32GB(18.8%)-WD:4.1GB(12.8%) TRACKING:0 SPIKES:1 KILLS:0
2026-08-12 19:55:24   DIST CPU_IDLE(<1%):52 CPU_NORMAL(1-25%):0 CPU_HOT(>=25%):0
2026-08-12 20:00:29 HEARTBEAT PROCS:66 TOP_MEM:PID:6648/149.3MB TOP_CPU:PID:7364/0% SYS_CPU:4%-WD:0% SYS_MEM:6.2/32GB(19.4%)-WD:4.4GB(13.8%) TRACKING:0 SPIKES:0 KILLS:0
2026-08-12 20:00:29   DIST CPU_IDLE(<1%):66 CPU_NORMAL(1-25%):0 CPU_HOT(>=25%):0
2026-08-12 20:05:29 HEARTBEAT PROCS:88 TOP_MEM:PID:17784/157.6MB TOP_CPU:PID:252/0% SYS_CPU:1%-WD:0% SYS_MEM:6.6/32GB(20.6%)-WD:5.2GB(16.2%) TRACKING:0 SPIKES:0 KILLS:0
2026-08-12 20:05:29   DIST CPU_IDLE(<1%):88 CPU_NORMAL(1-25%):0 CPU_HOT(>=25%):0
2026-08-12 20:10:29 HEARTBEAT PROCS:86 TOP_MEM:PID:6648/149.3MB TOP_CPU:PID:13488/3.6% SYS_CPU:2%-WD:3.6% SYS_MEM:6.3/32GB(19.7%)-WD:4.9GB(15.3%) TRACKING:0 SPIKES:1 KILLS:0
2026-08-12 20:10:29   DIST CPU_IDLE(<1%):85 CPU_NORMAL(1-25%):1 CPU_HOT(>=25%):0
2026-08-12 20:15:35 HEARTBEAT PROCS:70 TOP_MEM:PID:6648/149.3MB TOP_CPU:PID:14244/0% SYS_CPU:1%-WD:0% SYS_MEM:6.1/32GB(19.1%)-WD:4.5GB(14.1%) TRACKING:0 SPIKES:4 KILLS:0
2026-08-12 20:15:35   DIST CPU_IDLE(<1%):70 CPU_NORMAL(1-25%):0 CPU_HOT(>=25%):0
2026-08-12 20:20:40 HEARTBEAT PROCS:74 TOP_MEM:PID:6648/149.4MB TOP_CPU:PID:7792/4.4% SYS_CPU:1%-WD:4.4% SYS_MEM:5.9/32GB(18.4%)-WD:4.3GB(13.4%) TRACKING:0 SPIKES:0 KILLS:0
2026-08-12 20:20:40   DIST CPU_IDLE(<1%):73 CPU_NORMAL(1-25%):1 CPU_HOT(>=25%):0
2026-08-12 20:25:40 HEARTBEAT PROCS:84 TOP_MEM:PID:6648/149.4MB TOP_CPU:PID:17212/0% SYS_CPU:1%-WD:0% SYS_MEM:6.1/32GB(19.1%)-WD:4.7GB(14.7%) TRACKING:0 SPIKES:2 KILLS:0
2026-08-12 20:25:40   DIST CPU_IDLE(<1%):84 CPU_NORMAL(1-25%):0 CPU_HOT(>=25%):0
2026-08-12 20:30:45 HEARTBEAT PROCS:67 TOP_MEM:PID:6648/149.4MB TOP_CPU:PID:11696/0% SYS_CPU:2%-WD:0% SYS_MEM:5.7/32GB(17.8%)-WD:4GB(12.5%) TRACKING:0 SPIKES:0 KILLS:0
2026-08-12 20:30:45   DIST CPU_IDLE(<1%):67 CPU_NORMAL(1-25%):0 CPU_HOT(>=25%):0
2026-08-12 20:35:51 HEARTBEAT PROCS:82 TOP_MEM:PID:6648/149.4MB TOP_CPU:PID:14068/0% SYS_CPU:2%-WD:0% SYS_MEM:6/32GB(18.8%)-WD:4.5GB(14.1%) TRACKING:0 SPIKES:2 KILLS:0
2026-08-12 20:35:51   DIST CPU_IDLE(<1%):82 CPU_NORMAL(1-25%):0 CPU_HOT(>=25%):0
2026-08-12 20:40:51 HEARTBEAT PROCS:53 TOP_MEM:PID:15456/115MB TOP_CPU:PID:6340/0% SYS_CPU:10%-WD:0% SYS_MEM:5.4/32GB(16.9%)-WD:3.4GB(10.6%) TRACKING:0 SPIKES:2 KILLS:0
2026-08-12 20:40:51   DIST CPU_IDLE(<1%):53 CPU_NORMAL(1-25%):0 CPU_HOT(>=25%):0
2026-08-12 20:45:55 HEARTBEAT PROCS:54 TOP_MEM:PID:15308/123.4MB TOP_CPU:PID:8304/0% SYS_CPU:2%-WD:0% SYS_MEM:5.3/32GB(16.6%)-WD:3.3GB(10.3%) TRACKING:0 SPIKES:1 KILLS:0
2026-08-12 20:45:55   DIST CPU_IDLE(<1%):54 CPU_NORMAL(1-25%):0 CPU_HOT(>=25%):0
2026-08-12 20:51:00 HEARTBEAT PROCS:50 TOP_MEM:PID:15308/120.4MB TOP_CPU:PID:15996/0.6% SYS_CPU:1%-WD:0.6% SYS_MEM:5/32GB(15.6%)-WD:3GB(9.4%) TRACKING:0 SPIKES:0 KILLS:0
2026-08-12 20:51:00   DIST CPU_IDLE(<1%):50 CPU_NORMAL(1-25%):0 CPU_HOT(>=25%):0
2026-08-12 20:56:05 HEARTBEAT PROCS:63 TOP_MEM:PID:15308/123.8MB TOP_CPU:PID:4688/0.6% SYS_CPU:0%-WD:0.6% SYS_MEM:5.2/32GB(16.2%)-WD:3.3GB(10.3%) TRACKING:0 SPIKES:1 KILLS:0
2026-08-12 20:56:05   DIST CPU_IDLE(<1%):63 CPU_NORMAL(1-25%):0 CPU_HOT(>=25%):0
2026-08-12 21:01:05 HEARTBEAT PROCS:75 TOP_MEM:PID:15308/127.8MB TOP_CPU:PID:16604/0% SYS_CPU:2%-WD:0% SYS_MEM:5.4/32GB(16.9%)-WD:3.7GB(11.6%) TRACKING:0 SPIKES:0 KILLS:0
2026-08-12 21:01:05   DIST CPU_IDLE(<1%):75 CPU_NORMAL(1-25%):0 CPU_HOT(>=25%):0
2026-08-12 21:06:10 HEARTBEAT PROCS:67 TOP_MEM:PID:15308/127.8MB TOP_CPU:PID:5644/3.6% SYS_CPU:1%-WD:3.6% SYS_MEM:5.2/32GB(16.2%)-WD:3.4GB(10.6%) TRACKING:0 SPIKES:0 KILLS:0
2026-08-12 21:06:10   DIST CPU_IDLE(<1%):66 CPU_NORMAL(1-25%):1 CPU_HOT(>=25%):0
2026-08-12 21:11:15 HEARTBEAT PROCS:45 TOP_MEM:PID:15308/123.8MB TOP_CPU:PID:11532/0% SYS_CPU:1%-WD:0% SYS_MEM:4.9/32GB(15.3%)-WD:2.7GB(8.4%) TRACKING:0 SPIKES:0 KILLS:0
2026-08-12 21:11:15   DIST CPU_IDLE(<1%):45 CPU_NORMAL(1-25%):0 CPU_HOT(>=25%):0
2026-08-12 21:16:20 HEARTBEAT PROCS:48 TOP_MEM:PID:15308/123.7MB TOP_CPU:PID:1104/0% SYS_CPU:1%-WD:0% SYS_MEM:4.7/32GB(14.7%)-WD:2.5GB(7.8%) TRACKING:0 SPIKES:0 KILLS:0
2026-08-12 21:16:20   DIST CPU_IDLE(<1%):48 CPU_NORMAL(1-25%):0 CPU_HOT(>=25%):0
2026-08-12 21:21:24 HEARTBEAT PROCS:34 TOP_MEM:PID:15308/127.6MB TOP_CPU:PID:5644/0% SYS_CPU:1%-WD:0% SYS_MEM:4.4/32GB(13.8%)-WD:2GB(6.2%) TRACKING:0 SPIKES:0 KILLS:0
2026-08-12 21:21:24   DIST CPU_IDLE(<1%):34 CPU_NORMAL(1-25%):0 CPU_HOT(>=25%):0
2026-08-12 21:26:29 HEARTBEAT PROCS:44 TOP_MEM:PID:15456/115MB TOP_CPU:PID:12140/0% SYS_CPU:1%-WD:0% SYS_MEM:4.5/32GB(14.1%)-WD:2.3GB(7.2%) TRACKING:0 SPIKES:0 KILLS:0
2026-08-12 21:26:29   DIST CPU_IDLE(<1%):44 CPU_NORMAL(1-25%):0 CPU_HOT(>=25%):0
2026-08-12 21:31:33 HEARTBEAT PROCS:56 TOP_MEM:PID:15456/115MB TOP_CPU:PID:6524/0% SYS_CPU:1%-WD:0% SYS_MEM:4.7/32GB(14.7%)-WD:2.6GB(8.1%) TRACKING:0 SPIKES:0 KILLS:0
2026-08-12 21:31:33   DIST CPU_IDLE(<1%):56 CPU_NORMAL(1-25%):0 CPU_HOT(>=25%):0
2026-08-12 21:36:38 HEARTBEAT PROCS:47 TOP_MEM:PID:15456/115MB TOP_CPU:PID:3860/0% SYS_CPU:0%-WD:0% SYS_MEM:4.6/32GB(14.4%)-WD:2.3GB(7.2%) TRACKING:0 SPIKES:0 KILLS:0
2026-08-12 21:36:38   DIST CPU_IDLE(<1%):47 CPU_NORMAL(1-25%):0 CPU_HOT(>=25%):0
2026-08-12 21:41:42 HEARTBEAT PROCS:51 TOP_MEM:PID:15456/115MB TOP_CPU:PID:11848/0.6% SYS_CPU:1%-WD:0.6% SYS_MEM:4.7/32GB(14.7%)-WD:2.5GB(7.8%) TRACKING:0 SPIKES:6 KILLS:0
2026-08-12 21:41:42   DIST CPU_IDLE(<1%):51 CPU_NORMAL(1-25%):0 CPU_HOT(>=25%):0
2026-08-12 21:46:47 HEARTBEAT PROCS:42 TOP_MEM:PID:15456/115MB TOP_CPU:PID:5904/0% SYS_CPU:36%-WD:0% SYS_MEM:4.6/32GB(14.4%)-WD:2.1GB(6.6%) TRACKING:0 SPIKES:2 KILLS:0
2026-08-12 21:46:47   DIST CPU_IDLE(<1%):42 CPU_NORMAL(1-25%):0 CPU_HOT(>=25%):0
2026-08-12 21:46:47   NON_WD_SPIKE SYS_CPU:36% WD_CPU:0% GAP:36%
2026-08-12 21:46:48   NON_WD PID:7624 NAME:httpd#1 CPU:0.6% MEM:54.4MB CMD:C:\Apache24\bin\httpd.exe -d C:/Apache24
2026-08-12 21:46:48   NON_WD PID:2960 NAME:svchost#30 CPU:0% MEM:1.5MB CMD:C:\Windows\System32\svchost.exe -k netsvcs -p -s SessionEnv
2026-08-12 21:46:48   NON_WD PID:2892 NAME:svchost#29 CPU:0% MEM:1.2MB CMD:C:\Windows\system32\svchost.exe -k netsvcs -s CertPropSvc
2026-08-12 21:46:48   NON_WD PID:2848 NAME:svchost#28 CPU:0% MEM:1.6MB CMD:C:\Windows\system32\svchost.exe -k netsvcs -p -s UserManager
2026-08-12 21:46:48   NON_WD PID:2548 NAME:svchost#25 CPU:0% MEM:1.4MB CMD:C:\Windows\system32\svchost.exe -k LocalServiceNetworkRestricted -p -s WinHttpAutoProxySvc
2026-08-12 21:46:48   NON_WD PID:2576 NAME:svchost#26 CPU:0% MEM:1.3MB CMD:C:\Windows\System32\svchost.exe -k NetworkService -p -s LanmanWorkstation
2026-08-12 21:46:48   NON_WD PID:2608 NAME:svchost#27 CPU:0% MEM:1.2MB CMD:C:\Windows\System32\svchost.exe -k LocalSystemNetworkRestricted -p -s UmRdpService
2026-08-12 21:46:48   NON_WD PID:3016 NAME:svchost#31 CPU:0% MEM:1.8MB CMD:C:\Windows\system32\svchost.exe -k netsvcs -p -s IKEEXT
2026-08-12 21:46:48   NON_WD PID:3308 NAME:svchost#36 CPU:0% MEM:1.2MB CMD:C:\Windows\system32\svchost.exe -k LocalSystemNetworkRestricted -p -s SysMain
2026-08-12 21:46:48   NON_WD PID:3316 NAME:svchost#37 CPU:0% MEM:1.2MB CMD:C:\Windows\system32\svchost.exe -k LocalService -p -s SstpSvc
2026-08-12 21:51:51 HEARTBEAT PROCS:27 TOP_MEM:PID:15456/115MB TOP_CPU:PID:4128/0% SYS_CPU:1%-WD:0% SYS_MEM:4.1/32GB(12.8%)-WD:1.6GB(5%) TRACKING:0 SPIKES:0 KILLS:0
2026-08-12 21:51:51   DIST CPU_IDLE(<1%):27 CPU_NORMAL(1-25%):0 CPU_HOT(>=25%):0
2026-08-12 21:56:55 HEARTBEAT PROCS:33 TOP_MEM:PID:15456/115MB TOP_CPU:PID:3240/0% SYS_CPU:1%-WD:0% SYS_MEM:4.4/32GB(13.8%)-WD:1.9GB(5.9%) TRACKING:0 SPIKES:2 KILLS:0
2026-08-12 21:56:55   DIST CPU_IDLE(<1%):33 CPU_NORMAL(1-25%):0 CPU_HOT(>=25%):0
2026-08-12 22:02:00 HEARTBEAT PROCS:35 TOP_MEM:PID:15456/115MB TOP_CPU:PID:12580/0% SYS_CPU:1%-WD:0% SYS_MEM:4.3/32GB(13.4%)-WD:1.9GB(5.9%) TRACKING:0 SPIKES:0 KILLS:0
2026-08-12 22:02:00   DIST CPU_IDLE(<1%):35 CPU_NORMAL(1-25%):0 CPU_HOT(>=25%):0
2026-08-12 22:07:04 HEARTBEAT PROCS:29 TOP_MEM:PID:15456/115MB TOP_CPU:PID:12580/0% SYS_CPU:1%-WD:0% SYS_MEM:4.1/32GB(12.8%)-WD:1.6GB(5%) TRACKING:0 SPIKES:4 KILLS:0
2026-08-12 22:07:04   DIST CPU_IDLE(<1%):29 CPU_NORMAL(1-25%):0 CPU_HOT(>=25%):0
2026-08-12 22:12:08 HEARTBEAT PROCS:44 TOP_MEM:PID:15456/115MB TOP_CPU:PID:8216/0% SYS_CPU:1%-WD:0% SYS_MEM:4.5/32GB(14.1%)-WD:2.3GB(7.2%) TRACKING:0 SPIKES:2 KILLS:0
2026-08-12 22:12:08   DIST CPU_IDLE(<1%):44 CPU_NORMAL(1-25%):0 CPU_HOT(>=25%):0
2026-08-12 22:17:12 HEARTBEAT PROCS:35 TOP_MEM:PID:12580/95.3MB TOP_CPU:PID:5544/0% SYS_CPU:1%-WD:0% SYS_MEM:4.3/32GB(13.4%)-WD:1.8GB(5.6%) TRACKING:0 SPIKES:0 KILLS:0
2026-08-12 22:17:12   DIST CPU_IDLE(<1%):35 CPU_NORMAL(1-25%):0 CPU_HOT(>=25%):0
2026-08-12 22:22:16 HEARTBEAT PROCS:25 TOP_MEM:PID:12580/95.3MB TOP_CPU:PID:6740/0.6% SYS_CPU:0%-WD:0.6% SYS_MEM:3.9/32GB(12.2%)-WD:1.3GB(4.1%) TRACKING:0 SPIKES:0 KILLS:0
2026-08-12 22:22:16   DIST CPU_IDLE(<1%):25 CPU_NORMAL(1-25%):0 CPU_HOT(>=25%):0
2026-08-12 22:27:20 HEARTBEAT PROCS:29 TOP_MEM:PID:15644/92.5MB TOP_CPU:PID:3768/0% SYS_CPU:4%-WD:0% SYS_MEM:4/32GB(12.5%)-WD:1.4GB(4.4%) TRACKING:0 SPIKES:2 KILLS:0
2026-08-12 22:27:20   DIST CPU_IDLE(<1%):29 CPU_NORMAL(1-25%):0 CPU_HOT(>=25%):0
2026-08-12 22:32:24 HEARTBEAT PROCS:29 TOP_MEM:PID:6740/95.9MB TOP_CPU:PID:14716/0% SYS_CPU:1%-WD:0% SYS_MEM:4.1/32GB(12.8%)-WD:1.5GB(4.7%) TRACKING:0 SPIKES:0 KILLS:0
2026-08-12 22:32:24   DIST CPU_IDLE(<1%):29 CPU_NORMAL(1-25%):0 CPU_HOT(>=25%):0
2026-08-12 22:37:28 HEARTBEAT PROCS:38 TOP_MEM:PID:6740/96.8MB TOP_CPU:PID:6524/0% SYS_CPU:4%-WD:0% SYS_MEM:4.3/32GB(13.4%)-WD:1.9GB(5.9%) TRACKING:0 SPIKES:0 KILLS:0
2026-08-12 22:37:28   DIST CPU_IDLE(<1%):38 CPU_NORMAL(1-25%):0 CPU_HOT(>=25%):0
2026-08-12 22:42:32 HEARTBEAT PROCS:32 TOP_MEM:PID:6740/102.2MB TOP_CPU:PID:5240/0% SYS_CPU:2%-WD:0% SYS_MEM:4/32GB(12.5%)-WD:1.6GB(5%) TRACKING:0 SPIKES:0 KILLS:0
2026-08-12 22:42:32   DIST CPU_IDLE(<1%):32 CPU_NORMAL(1-25%):0 CPU_HOT(>=25%):0
2026-08-12 22:47:36 HEARTBEAT PROCS:26 TOP_MEM:PID:6740/97.6MB TOP_CPU:PID:12372/0% SYS_CPU:0%-WD:0% SYS_MEM:4/32GB(12.5%)-WD:1.4GB(4.4%) TRACKING:0 SPIKES:0 KILLS:0
2026-08-12 22:47:36   DIST CPU_IDLE(<1%):26 CPU_NORMAL(1-25%):0 CPU_HOT(>=25%):0
2026-08-12 22:52:40 HEARTBEAT PROCS:36 TOP_MEM:PID:6740/107.3MB TOP_CPU:PID:11336/0% SYS_CPU:4%-WD:0% SYS_MEM:4.2/32GB(13.1%)-WD:1.8GB(5.6%) TRACKING:0 SPIKES:0 KILLS:0
2026-08-12 22:52:40   DIST CPU_IDLE(<1%):36 CPU_NORMAL(1-25%):0 CPU_HOT(>=25%):0
2026-08-12 22:57:44 HEARTBEAT PROCS:29 TOP_MEM:PID:6740/107.6MB TOP_CPU:PID:7772/0% SYS_CPU:1%-WD:0% SYS_MEM:4.1/32GB(12.8%)-WD:1.5GB(4.7%) TRACKING:0 SPIKES:3 KILLS:0
2026-08-12 22:57:44   DIST CPU_IDLE(<1%):29 CPU_NORMAL(1-25%):0 CPU_HOT(>=25%):0
2026-08-12 23:02:48 HEARTBEAT PROCS:18 TOP_MEM:PID:6740/109.3MB TOP_CPU:PID:13072/0% SYS_CPU:1%-WD:0% SYS_MEM:3.9/32GB(12.2%)-WD:1.1GB(3.4%) TRACKING:0 SPIKES:1 KILLS:0
2026-08-12 23:02:48   DIST CPU_IDLE(<1%):18 CPU_NORMAL(1-25%):0 CPU_HOT(>=25%):0
2026-08-12 23:07:52 HEARTBEAT PROCS:39 TOP_MEM:PID:6740/108.8MB TOP_CPU:PID:8576/0% SYS_CPU:2%-WD:0% SYS_MEM:4.2/32GB(13.1%)-WD:1.9GB(5.9%) TRACKING:0 SPIKES:1 KILLS:0
2026-08-12 23:07:52   DIST CPU_IDLE(<1%):39 CPU_NORMAL(1-25%):0 CPU_HOT(>=25%):0
2026-08-12 23:12:56 HEARTBEAT PROCS:31 TOP_MEM:PID:6740/110.3MB TOP_CPU:PID:15344/0% SYS_CPU:1%-WD:0% SYS_MEM:4/32GB(12.5%)-WD:1.5GB(4.7%) TRACKING:0 SPIKES:0 KILLS:0
2026-08-12 23:12:56   DIST CPU_IDLE(<1%):31 CPU_NORMAL(1-25%):0 CPU_HOT(>=25%):0
2026-08-12 23:18:00 HEARTBEAT PROCS:36 TOP_MEM:PID:6740/110.3MB TOP_CPU:PID:12792/0.6% SYS_CPU:0%-WD:0.6% SYS_MEM:4.3/32GB(13.4%)-WD:1.9GB(5.9%) TRACKING:0 SPIKES:4 KILLS:0
2026-08-12 23:18:00   DIST CPU_IDLE(<1%):36 CPU_NORMAL(1-25%):0 CPU_HOT(>=25%):0
2026-08-12 23:23:05 HEARTBEAT PROCS:24 TOP_MEM:PID:6740/102.4MB TOP_CPU:PID:6524/0% SYS_CPU:0%-WD:0% SYS_MEM:3.9/32GB(12.2%)-WD:1.3GB(4.1%) TRACKING:0 SPIKES:2 KILLS:0
2026-08-12 23:23:05   DIST CPU_IDLE(<1%):24 CPU_NORMAL(1-25%):0 CPU_HOT(>=25%):0
2026-08-12 23:28:08 HEARTBEAT PROCS:29 TOP_MEM:PID:6740/102.4MB TOP_CPU:PID:6524/0% SYS_CPU:1%-WD:0% SYS_MEM:4/32GB(12.5%)-WD:1.5GB(4.7%) TRACKING:0 SPIKES:0 KILLS:0
2026-08-12 23:28:08   DIST CPU_IDLE(<1%):29 CPU_NORMAL(1-25%):0 CPU_HOT(>=25%):0
2026-08-12 23:33:12 HEARTBEAT PROCS:22 TOP_MEM:PID:6740/104.8MB TOP_CPU:PID:3368/0% SYS_CPU:4%-WD:0% SYS_MEM:3.8/32GB(11.9%)-WD:1.1GB(3.4%) TRACKING:0 SPIKES:0 KILLS:0
2026-08-12 23:33:12   DIST CPU_IDLE(<1%):22 CPU_NORMAL(1-25%):0 CPU_HOT(>=25%):0
2026-08-12 23:38:16 HEARTBEAT PROCS:28 TOP_MEM:PID:6740/104.8MB TOP_CPU:PID:12044/0% SYS_CPU:0%-WD:0% SYS_MEM:4/32GB(12.5%)-WD:1.5GB(4.7%) TRACKING:0 SPIKES:0 KILLS:0
2026-08-12 23:38:16   DIST CPU_IDLE(<1%):28 CPU_NORMAL(1-25%):0 CPU_HOT(>=25%):0
2026-08-12 23:43:20 HEARTBEAT PROCS:17 TOP_MEM:PID:12792/85.8MB TOP_CPU:PID:12792/0% SYS_CPU:0%-WD:0% SYS_MEM:3.6/32GB(11.2%)-WD:0.8GB(2.5%) TRACKING:0 SPIKES:0 KILLS:0
2026-08-12 23:43:20   DIST CPU_IDLE(<1%):17 CPU_NORMAL(1-25%):0 CPU_HOT(>=25%):0
2026-08-12 23:48:24 HEARTBEAT PROCS:10 TOP_MEM:PID:7568/50.7MB TOP_CPU:PID:10768/0% SYS_CPU:1%-WD:0% SYS_MEM:3.3/32GB(10.3%)-WD:0.4GB(1.2%) TRACKING:0 SPIKES:0 KILLS:0
2026-08-12 23:48:24   DIST CPU_IDLE(<1%):10 CPU_NORMAL(1-25%):0 CPU_HOT(>=25%):0
2026-08-12 23:53:28 HEARTBEAT PROCS:12 TOP_MEM:PID:16360/67.4MB TOP_CPU:PID:17344/0% SYS_CPU:1%-WD:0% SYS_MEM:3.4/32GB(10.6%)-WD:0.5GB(1.6%) TRACKING:0 SPIKES:0 KILLS:0
2026-08-12 23:53:28   DIST CPU_IDLE(<1%):12 CPU_NORMAL(1-25%):0 CPU_HOT(>=25%):0
2026-08-12 23:58:32 HEARTBEAT PROCS:5 TOP_MEM:PID:17344/48.8MB TOP_CPU:PID:15836/0% SYS_CPU:1%-WD:0% SYS_MEM:3.2/32GB(10%)-WD:0.2GB(0.6%) TRACKING:0 SPIKES:0 KILLS:0
2026-08-12 23:58:32   DIST CPU_IDLE(<1%):5 CPU_NORMAL(1-25%):0 CPU_HOT(>=25%):0
2026-08-13 00:00:02 DAILY-SUMMARY DATE:2026-08-12 SPIKES:2666 KILLS:5 UNIQUE_PIDS:676 PEAK_MEM:PID:13984/5867.3MB
2026-08-13 00:03:35 HEARTBEAT PROCS:13 TOP_MEM:PID:15872/50.1MB TOP_CPU:PID:9852/0% SYS_CPU:1%-WD:0% SYS_MEM:3.4/32GB(10.6%)-WD:0.5GB(1.6%) TRACKING:0 SPIKES:0 KILLS:0
2026-08-13 00:03:35   DIST CPU_IDLE(<1%):13 CPU_NORMAL(1-25%):0 CPU_HOT(>=25%):0
2026-08-13 00:08:40 HEARTBEAT PROCS:7 TOP_MEM:PID:17344/48.8MB TOP_CPU:PID:17344/0% SYS_CPU:1%-WD:0% SYS_MEM:3.3/32GB(10.3%)-WD:0.2GB(0.6%) TRACKING:0 SPIKES:0 KILLS:0
2026-08-13 00:08:40   DIST CPU_IDLE(<1%):7 CPU_NORMAL(1-25%):0 CPU_HOT(>=25%):0
2026-08-13 00:13:43 HEARTBEAT PROCS:15 TOP_MEM:PID:17344/48.8MB TOP_CPU:PID:14256/0% SYS_CPU:1%-WD:0% SYS_MEM:3.4/32GB(10.6%)-WD:0.5GB(1.6%) TRACKING:0 SPIKES:0 KILLS:0
2026-08-13 00:13:43   DIST CPU_IDLE(<1%):15 CPU_NORMAL(1-25%):0 CPU_HOT(>=25%):0
2026-08-13 00:18:47 HEARTBEAT PROCS:18 TOP_MEM:PID:11832/49.1MB TOP_CPU:PID:8396/0% SYS_CPU:1%-WD:0% SYS_MEM:3.4/32GB(10.6%)-WD:0.6GB(1.9%) TRACKING:0 SPIKES:0 KILLS:0
2026-08-13 00:18:47   DIST CPU_IDLE(<1%):18 CPU_NORMAL(1-25%):0 CPU_HOT(>=25%):0
2026-08-13 00:23:51 HEARTBEAT PROCS:13 TOP_MEM:PID:17344/48.8MB TOP_CPU:PID:8440/0% SYS_CPU:1%-WD:0% SYS_MEM:3.3/32GB(10.3%)-WD:0.5GB(1.6%) TRACKING:0 SPIKES:0 KILLS:0
2026-08-13 00:23:51   DIST CPU_IDLE(<1%):13 CPU_NORMAL(1-25%):0 CPU_HOT(>=25%):0
2026-08-13 00:28:55 HEARTBEAT PROCS:13 TOP_MEM:PID:9584/49.8MB TOP_CPU:PID:9404/0% SYS_CPU:1%-WD:0% SYS_MEM:3.3/32GB(10.3%)-WD:0.5GB(1.6%) TRACKING:0 SPIKES:0 KILLS:0
2026-08-13 00:28:55   DIST CPU_IDLE(<1%):13 CPU_NORMAL(1-25%):0 CPU_HOT(>=25%):0
2026-08-13 00:33:59 HEARTBEAT PROCS:6 TOP_MEM:PID:9584/49.8MB TOP_CPU:PID:9900/0% SYS_CPU:1%-WD:0% SYS_MEM:3.2/32GB(10%)-WD:0.2GB(0.6%) TRACKING:0 SPIKES:0 KILLS:0
2026-08-13 00:33:59   DIST CPU_IDLE(<1%):6 CPU_NORMAL(1-25%):0 CPU_HOT(>=25%):0
2026-08-13 00:39:03 HEARTBEAT PROCS:5 TOP_MEM:PID:18156/50MB TOP_CPU:PID:8904/0% SYS_CPU:0%-WD:0% SYS_MEM:3.2/32GB(10%)-WD:0.2GB(0.6%) TRACKING:0 SPIKES:0 KILLS:0
2026-08-13 00:39:03   DIST CPU_IDLE(<1%):5 CPU_NORMAL(1-25%):0 CPU_HOT(>=25%):0
2026-08-13 00:44:06 HEARTBEAT PROCS:4 TOP_MEM:PID:1728/50.2MB TOP_CPU:PID:3012/0% SYS_CPU:1%-WD:0% SYS_MEM:3.2/32GB(10%)-WD:0.2GB(0.6%) TRACKING:0 SPIKES:0 KILLS:0
2026-08-13 00:44:06   DIST CPU_IDLE(<1%):4 CPU_NORMAL(1-25%):0 CPU_HOT(>=25%):0
2026-08-13 00:49:10 HEARTBEAT PROCS:11 TOP_MEM:PID:1728/50.3MB TOP_CPU:PID:13096/0% SYS_CPU:1%-WD:0% SYS_MEM:3.4/32GB(10.6%)-WD:0.5GB(1.6%) TRACKING:0 SPIKES:0 KILLS:0
2026-08-13 00:49:10   DIST CPU_IDLE(<1%):11 CPU_NORMAL(1-25%):0 CPU_HOT(>=25%):0
2026-08-13 00:54:14 HEARTBEAT PROCS:11 TOP_MEM:PID:14920/50.3MB TOP_CPU:PID:12364/0% SYS_CPU:1%-WD:0% SYS_MEM:3.3/32GB(10.3%)-WD:0.5GB(1.6%) TRACKING:0 SPIKES:0 KILLS:0
2026-08-13 00:54:14   DIST CPU_IDLE(<1%):11 CPU_NORMAL(1-25%):0 CPU_HOT(>=25%):0
2026-08-13 00:59:18 HEARTBEAT PROCS:5 TOP_MEM:PID:14920/50.4MB TOP_CPU:PID:3964/0% SYS_CPU:1%-WD:0% SYS_MEM:3.2/32GB(10%)-WD:0.2GB(0.6%) TRACKING:0 SPIKES:0 KILLS:0
2026-08-13 00:59:18   DIST CPU_IDLE(<1%):5 CPU_NORMAL(1-25%):0 CPU_HOT(>=25%):0
2026-08-13 01:04:21 HEARTBEAT PROCS:2 TOP_MEM:PID:14920/50.4MB TOP_CPU:PID:14920/0% SYS_CPU:1%-WD:0% SYS_MEM:3.1/32GB(9.7%)-WD:0.1GB(0.3%) TRACKING:0 SPIKES:0 KILLS:0
2026-08-13 01:04:21   DIST CPU_IDLE(<1%):2 CPU_NORMAL(1-25%):0 CPU_HOT(>=25%):0
2026-08-13 01:09:25 HEARTBEAT PROCS:5 TOP_MEM:PID:12904/45.1MB TOP_CPU:PID:13868/0% SYS_CPU:1%-WD:0% SYS_MEM:3.2/32GB(10%)-WD:0.2GB(0.6%) TRACKING:0 SPIKES:0 KILLS:0
2026-08-13 01:09:25   DIST CPU_IDLE(<1%):5 CPU_NORMAL(1-25%):0 CPU_HOT(>=25%):0
2026-08-13 01:14:29 HEARTBEAT PROCS:0 TOP_MEM:none TOP_CPU:none SYS_CPU:0%-WD:0% SYS_MEM:3.1/32GB(9.7%)-WD:0GB(0%) TRACKING:0 SPIKES:0 KILLS:0
2026-08-13 01:14:29   DIST CPU_IDLE(<1%):0 CPU_NORMAL(1-25%):0 CPU_HOT(>=25%):0
2026-08-13 01:19:32 HEARTBEAT PROCS:3 TOP_MEM:PID:9048/43.9MB TOP_CPU:PID:9024/0% SYS_CPU:1%-WD:0% SYS_MEM:3.2/32GB(10%)-WD:0.1GB(0.3%) TRACKING:0 SPIKES:0 KILLS:0
2026-08-13 01:19:32   DIST CPU_IDLE(<1%):3 CPU_NORMAL(1-25%):0 CPU_HOT(>=25%):0
2026-08-13 01:24:36 HEARTBEAT PROCS:3 TOP_MEM:PID:9048/44MB TOP_CPU:PID:9024/0% SYS_CPU:0%-WD:0% SYS_MEM:3.2/32GB(10%)-WD:0.1GB(0.3%) TRACKING:0 SPIKES:0 KILLS:0
2026-08-13 01:24:36   DIST CPU_IDLE(<1%):3 CPU_NORMAL(1-25%):0 CPU_HOT(>=25%):0
2026-08-13 01:29:39 HEARTBEAT PROCS:4 TOP_MEM:PID:13460/35MB TOP_CPU:PID:4652/0% SYS_CPU:1%-WD:0% SYS_MEM:3.2/32GB(10%)-WD:0.1GB(0.3%) TRACKING:0 SPIKES:0 KILLS:0
2026-08-13 01:29:39   DIST CPU_IDLE(<1%):4 CPU_NORMAL(1-25%):0 CPU_HOT(>=25%):0
2026-08-13 01:34:43 HEARTBEAT PROCS:7 TOP_MEM:PID:5824/45.5MB TOP_CPU:PID:8872/0% SYS_CPU:1%-WD:0% SYS_MEM:3.2/32GB(10%)-WD:0.3GB(0.9%) TRACKING:0 SPIKES:0 KILLS:0
2026-08-13 01:34:43   DIST CPU_IDLE(<1%):7 CPU_NORMAL(1-25%):0 CPU_HOT(>=25%):0
2026-08-13 01:39:46 HEARTBEAT PROCS:1 TOP_MEM:PID:5824/45.6MB TOP_CPU:PID:5824/0% SYS_CPU:1%-WD:0% SYS_MEM:3.1/32GB(9.7%)-WD:0GB(0%) TRACKING:0 SPIKES:0 KILLS:0
2026-08-13 01:39:46   DIST CPU_IDLE(<1%):1 CPU_NORMAL(1-25%):0 CPU_HOT(>=25%):0
2026-08-13 01:44:51 HEARTBEAT PROCS:2 TOP_MEM:PID:5824/45.6MB TOP_CPU:PID:11088/0% SYS_CPU:1%-WD:0% SYS_MEM:3.2/32GB(10%)-WD:0.1GB(0.3%) TRACKING:0 SPIKES:0 KILLS:0
2026-08-13 01:44:51   DIST CPU_IDLE(<1%):2 CPU_NORMAL(1-25%):0 CPU_HOT(>=25%):0
2026-08-13 01:49:54 HEARTBEAT PROCS:3 TOP_MEM:PID:18280/43.6MB TOP_CPU:PID:18280/0% SYS_CPU:1%-WD:0% SYS_MEM:3.2/32GB(10%)-WD:0.1GB(0.3%) TRACKING:0 SPIKES:0 KILLS:0
2026-08-13 01:49:54   DIST CPU_IDLE(<1%):3 CPU_NORMAL(1-25%):0 CPU_HOT(>=25%):0
2026-08-13 01:54:58 HEARTBEAT PROCS:3 TOP_MEM:PID:4780/34.2MB TOP_CPU:PID:5896/0% SYS_CPU:1%-WD:0% SYS_MEM:3.1/32GB(9.7%)-WD:0.1GB(0.3%) TRACKING:0 SPIKES:0 KILLS:0
2026-08-13 01:54:58   DIST CPU_IDLE(<1%):3 CPU_NORMAL(1-25%):0 CPU_HOT(>=25%):0
2026-08-13 02:00:02 HEARTBEAT PROCS:8 TOP_MEM:PID:9796/67.3MB TOP_CPU:PID:12788/2.8% SYS_CPU:1%-WD:2.8% SYS_MEM:3.3/32GB(10.3%)-WD:0.3GB(0.9%) TRACKING:0 SPIKES:0 KILLS:0
2026-08-13 02:00:02   DIST CPU_IDLE(<1%):7 CPU_NORMAL(1-25%):1 CPU_HOT(>=25%):0
2026-08-13 02:05:06 HEARTBEAT PROCS:8 TOP_MEM:PID:7264/34.3MB TOP_CPU:PID:7264/0% SYS_CPU:1%-WD:0% SYS_MEM:3.2/32GB(10%)-WD:0.3GB(0.9%) TRACKING:0 SPIKES:0 KILLS:0
2026-08-13 02:05:06   DIST CPU_IDLE(<1%):8 CPU_NORMAL(1-25%):0 CPU_HOT(>=25%):0
2026-08-13 02:10:10 HEARTBEAT PROCS:11 TOP_MEM:PID:9464/43.9MB TOP_CPU:PID:9872/0.6% SYS_CPU:2%-WD:0.6% SYS_MEM:3.3/32GB(10.3%)-WD:0.4GB(1.2%) TRACKING:0 SPIKES:0 KILLS:0
2026-08-13 02:10:10   DIST CPU_IDLE(<1%):11 CPU_NORMAL(1-25%):0 CPU_HOT(>=25%):0
2026-08-13 02:15:14 HEARTBEAT PROCS:3 TOP_MEM:PID:9464/44MB TOP_CPU:PID:9464/0% SYS_CPU:0%-WD:0% SYS_MEM:3.2/32GB(10%)-WD:0.1GB(0.3%) TRACKING:0 SPIKES:0 KILLS:0
2026-08-13 02:15:14   DIST CPU_IDLE(<1%):3 CPU_NORMAL(1-25%):0 CPU_HOT(>=25%):0
2026-08-13 02:20:17 HEARTBEAT PROCS:1 TOP_MEM:PID:9464/44MB TOP_CPU:PID:9464/0% SYS_CPU:1%-WD:0% SYS_MEM:3.1/32GB(9.7%)-WD:0GB(0%) TRACKING:0 SPIKES:0 KILLS:0
2026-08-13 02:20:17   DIST CPU_IDLE(<1%):1 CPU_NORMAL(1-25%):0 CPU_HOT(>=25%):0
2026-08-13 02:25:21 HEARTBEAT PROCS:0 TOP_MEM:none TOP_CPU:none SYS_CPU:1%-WD:0% SYS_MEM:3.1/32GB(9.7%)-WD:0GB(0%) TRACKING:0 SPIKES:0 KILLS:0
2026-08-13 02:25:21   DIST CPU_IDLE(<1%):0 CPU_NORMAL(1-25%):0 CPU_HOT(>=25%):0
2026-08-13 02:30:24 HEARTBEAT PROCS:0 TOP_MEM:none TOP_CPU:none SYS_CPU:1%-WD:0% SYS_MEM:3.1/32GB(9.7%)-WD:0GB(0%) TRACKING:0 SPIKES:0 KILLS:0
2026-08-13 02:30:24   DIST CPU_IDLE(<1%):0 CPU_NORMAL(1-25%):0 CPU_HOT(>=25%):0
2026-08-13 02:35:27 HEARTBEAT PROCS:0 TOP_MEM:none TOP_CPU:none SYS_CPU:1%-WD:0% SYS_MEM:3.1/32GB(9.7%)-WD:0GB(0%) TRACKING:0 SPIKES:0 KILLS:0
2026-08-13 02:35:27   DIST CPU_IDLE(<1%):0 CPU_NORMAL(1-25%):0 CPU_HOT(>=25%):0
2026-08-13 02:40:30 HEARTBEAT PROCS:0 TOP_MEM:none TOP_CPU:none SYS_CPU:1%-WD:0% SYS_MEM:3.1/32GB(9.7%)-WD:0GB(0%) TRACKING:0 SPIKES:0 KILLS:0
2026-08-13 02:40:30   DIST CPU_IDLE(<1%):0 CPU_NORMAL(1-25%):0 CPU_HOT(>=25%):0
2026-08-13 02:45:32 HEARTBEAT PROCS:0 TOP_MEM:none TOP_CPU:none SYS_CPU:1%-WD:0% SYS_MEM:3.1/32GB(9.7%)-WD:0GB(0%) TRACKING:0 SPIKES:0 KILLS:0
2026-08-13 02:45:32   DIST CPU_IDLE(<1%):0 CPU_NORMAL(1-25%):0 CPU_HOT(>=25%):0
2026-08-13 02:50:36 HEARTBEAT PROCS:0 TOP_MEM:none TOP_CPU:none SYS_CPU:1%-WD:0% SYS_MEM:3.1/32GB(9.7%)-WD:0GB(0%) TRACKING:0 SPIKES:0 KILLS:0
2026-08-13 02:50:36   DIST CPU_IDLE(<1%):0 CPU_NORMAL(1-25%):0 CPU_HOT(>=25%):0
2026-08-13 02:55:39 HEARTBEAT PROCS:0 TOP_MEM:none TOP_CPU:none SYS_CPU:1%-WD:0% SYS_MEM:3.1/32GB(9.7%)-WD:0GB(0%) TRACKING:0 SPIKES:0 KILLS:0
2026-08-13 02:55:39   DIST CPU_IDLE(<1%):0 CPU_NORMAL(1-25%):0 CPU_HOT(>=25%):0
2026-08-13 03:00:42 HEARTBEAT PROCS:3 TOP_MEM:PID:3920/65MB TOP_CPU:PID:3920/0% SYS_CPU:2%-WD:0% SYS_MEM:3.2/32GB(10%)-WD:0.1GB(0.3%) TRACKING:0 SPIKES:0 KILLS:0
2026-08-13 03:00:42   DIST CPU_IDLE(<1%):3 CPU_NORMAL(1-25%):0 CPU_HOT(>=25%):0
2026-08-13 03:05:46 HEARTBEAT PROCS:8 TOP_MEM:PID:13516/34.4MB TOP_CPU:PID:6184/0% SYS_CPU:1%-WD:0% SYS_MEM:3.3/32GB(10.3%)-WD:0.3GB(0.9%) TRACKING:0 SPIKES:0 KILLS:0
2026-08-13 03:05:46   DIST CPU_IDLE(<1%):8 CPU_NORMAL(1-25%):0 CPU_HOT(>=25%):0
2026-08-13 03:10:50 HEARTBEAT PROCS:1 TOP_MEM:PID:16920/49.5MB TOP_CPU:PID:16920/0% SYS_CPU:1%-WD:0% SYS_MEM:3.1/32GB(9.7%)-WD:0GB(0%) TRACKING:0 SPIKES:0 KILLS:0
2026-08-13 03:10:50   DIST CPU_IDLE(<1%):1 CPU_NORMAL(1-25%):0 CPU_HOT(>=25%):0
2026-08-13 03:15:53 HEARTBEAT PROCS:6 TOP_MEM:PID:11228/50.3MB TOP_CPU:PID:17584/0% SYS_CPU:2%-WD:0% SYS_MEM:3.3/32GB(10.3%)-WD:0.3GB(0.9%) TRACKING:0 SPIKES:0 KILLS:0
2026-08-13 03:15:53   DIST CPU_IDLE(<1%):6 CPU_NORMAL(1-25%):0 CPU_HOT(>=25%):0
2026-08-13 03:20:58 HEARTBEAT PROCS:2 TOP_MEM:PID:11228/50.3MB TOP_CPU:PID:12144/0% SYS_CPU:1%-WD:0% SYS_MEM:3.2/32GB(10%)-WD:0.1GB(0.3%) TRACKING:0 SPIKES:0 KILLS:0
2026-08-13 03:20:58   DIST CPU_IDLE(<1%):2 CPU_NORMAL(1-25%):0 CPU_HOT(>=25%):0
2026-08-13 03:26:01 HEARTBEAT PROCS:3 TOP_MEM:PID:11228/50.3MB TOP_CPU:PID:11228/0% SYS_CPU:1%-WD:0% SYS_MEM:3.2/32GB(10%)-WD:0.1GB(0.3%) TRACKING:0 SPIKES:0 KILLS:0
2026-08-13 03:26:01   DIST CPU_IDLE(<1%):3 CPU_NORMAL(1-25%):0 CPU_HOT(>=25%):0
2026-08-13 03:31:05 HEARTBEAT PROCS:9 TOP_MEM:PID:12144/49.6MB TOP_CPU:PID:16052/0% SYS_CPU:1%-WD:0% SYS_MEM:3.3/32GB(10.3%)-WD:0.3GB(0.9%) TRACKING:0 SPIKES:0 KILLS:0
2026-08-13 03:31:05   DIST CPU_IDLE(<1%):9 CPU_NORMAL(1-25%):0 CPU_HOT(>=25%):0
2026-08-13 03:36:09 HEARTBEAT PROCS:1 TOP_MEM:PID:12356/49.9MB TOP_CPU:PID:12356/0% SYS_CPU:1%-WD:0% SYS_MEM:3.2/32GB(10%)-WD:0GB(0%) TRACKING:0 SPIKES:0 KILLS:0
2026-08-13 03:36:09   DIST CPU_IDLE(<1%):1 CPU_NORMAL(1-25%):0 CPU_HOT(>=25%):0
2026-08-13 03:41:12 HEARTBEAT PROCS:3 TOP_MEM:PID:12356/50MB TOP_CPU:PID:12356/0% SYS_CPU:1%-WD:0% SYS_MEM:3.3/32GB(10.3%)-WD:0.1GB(0.3%) TRACKING:0 SPIKES:0 KILLS:0
2026-08-13 03:41:12   DIST CPU_IDLE(<1%):3 CPU_NORMAL(1-25%):0 CPU_HOT(>=25%):0
2026-08-13 03:46:16 HEARTBEAT PROCS:5 TOP_MEM:PID:8360/44.5MB TOP_CPU:PID:8360/0% SYS_CPU:2%-WD:0% SYS_MEM:3.3/32GB(10.3%)-WD:0.2GB(0.6%) TRACKING:0 SPIKES:0 KILLS:0
2026-08-13 03:46:16   DIST CPU_IDLE(<1%):5 CPU_NORMAL(1-25%):0 CPU_HOT(>=25%):0
2026-08-13 03:51:20 HEARTBEAT PROCS:0 TOP_MEM:none TOP_CPU:none SYS_CPU:1%-WD:0% SYS_MEM:3.1/32GB(9.7%)-WD:0GB(0%) TRACKING:0 SPIKES:0 KILLS:0
2026-08-13 03:51:20   DIST CPU_IDLE(<1%):0 CPU_NORMAL(1-25%):0 CPU_HOT(>=25%):0
2026-08-13 03:56:24 HEARTBEAT PROCS:1 TOP_MEM:PID:14268/35.1MB TOP_CPU:PID:14268/0% SYS_CPU:0%-WD:0% SYS_MEM:3.2/32GB(10%)-WD:0GB(0%) TRACKING:0 SPIKES:0 KILLS:0
2026-08-13 03:56:24   DIST CPU_IDLE(<1%):1 CPU_NORMAL(1-25%):0 CPU_HOT(>=25%):0
2026-08-13 04:01:28 HEARTBEAT PROCS:1 TOP_MEM:PID:13356/38.5MB TOP_CPU:PID:13356/0% SYS_CPU:1%-WD:0% SYS_MEM:3.2/32GB(10%)-WD:0GB(0%) TRACKING:0 SPIKES:0 KILLS:0
2026-08-13 04:01:28   DIST CPU_IDLE(<1%):1 CPU_NORMAL(1-25%):0 CPU_HOT(>=25%):0
2026-08-13 04:06:31 HEARTBEAT PROCS:1 TOP_MEM:PID:6740/35.1MB TOP_CPU:PID:6740/0% SYS_CPU:0%-WD:0% SYS_MEM:3.2/32GB(10%)-WD:0GB(0%) TRACKING:0 SPIKES:0 KILLS:0
2026-08-13 04:06:31   DIST CPU_IDLE(<1%):1 CPU_NORMAL(1-25%):0 CPU_HOT(>=25%):0
2026-08-13 04:11:35 HEARTBEAT PROCS:2 TOP_MEM:PID:18008/43.1MB TOP_CPU:PID:18008/0% SYS_CPU:2%-WD:0% SYS_MEM:3.2/32GB(10%)-WD:0.1GB(0.3%) TRACKING:0 SPIKES:0 KILLS:0
2026-08-13 04:11:35   DIST CPU_IDLE(<1%):2 CPU_NORMAL(1-25%):0 CPU_HOT(>=25%):0
2026-08-13 04:16:38 HEARTBEAT PROCS:0 TOP_MEM:none TOP_CPU:none SYS_CPU:1%-WD:0% SYS_MEM:3.2/32GB(10%)-WD:0GB(0%) TRACKING:0 SPIKES:0 KILLS:0
2026-08-13 04:16:38   DIST CPU_IDLE(<1%):0 CPU_NORMAL(1-25%):0 CPU_HOT(>=25%):0
2026-08-13 04:21:41 HEARTBEAT PROCS:2 TOP_MEM:PID:14228/43.8MB TOP_CPU:PID:5328/0% SYS_CPU:1%-WD:0% SYS_MEM:3.2/32GB(10%)-WD:0.1GB(0.3%) TRACKING:0 SPIKES:0 KILLS:0
2026-08-13 04:21:41   DIST CPU_IDLE(<1%):2 CPU_NORMAL(1-25%):0 CPU_HOT(>=25%):0
2026-08-13 04:26:46 HEARTBEAT PROCS:1 TOP_MEM:PID:14228/43.9MB TOP_CPU:PID:14228/0% SYS_CPU:1%-WD:0% SYS_MEM:3.2/32GB(10%)-WD:0GB(0%) TRACKING:0 SPIKES:0 KILLS:0
2026-08-13 04:26:46   DIST CPU_IDLE(<1%):1 CPU_NORMAL(1-25%):0 CPU_HOT(>=25%):0
2026-08-13 04:31:49 HEARTBEAT PROCS:2 TOP_MEM:PID:14228/43.9MB TOP_CPU:PID:3240/0% SYS_CPU:0%-WD:0% SYS_MEM:3.2/32GB(10%)-WD:0.1GB(0.3%) TRACKING:0 SPIKES:0 KILLS:0
2026-08-13 04:31:49   DIST CPU_IDLE(<1%):2 CPU_NORMAL(1-25%):0 CPU_HOT(>=25%):0
2026-08-13 04:36:53 HEARTBEAT PROCS:0 TOP_MEM:none TOP_CPU:none SYS_CPU:10%-WD:0% SYS_MEM:3.2/32GB(10%)-WD:0GB(0%) TRACKING:0 SPIKES:0 KILLS:0
2026-08-13 04:36:53   DIST CPU_IDLE(<1%):0 CPU_NORMAL(1-25%):0 CPU_HOT(>=25%):0
2026-08-13 04:41:56 HEARTBEAT PROCS:0 TOP_MEM:none TOP_CPU:none SYS_CPU:0%-WD:0% SYS_MEM:3.3/32GB(10.3%)-WD:0GB(0%) TRACKING:0 SPIKES:0 KILLS:0
2026-08-13 04:41:56   DIST CPU_IDLE(<1%):0 CPU_NORMAL(1-25%):0 CPU_HOT(>=25%):0
2026-08-13 04:46:58 HEARTBEAT PROCS:0 TOP_MEM:none TOP_CPU:none SYS_CPU:1%-WD:0% SYS_MEM:3.3/32GB(10.3%)-WD:0GB(0%) TRACKING:0 SPIKES:0 KILLS:0
2026-08-13 04:46:58   DIST CPU_IDLE(<1%):0 CPU_NORMAL(1-25%):0 CPU_HOT(>=25%):0
2026-08-13 04:52:02 HEARTBEAT PROCS:1 TOP_MEM:PID:11676/44.2MB TOP_CPU:PID:11676/0% SYS_CPU:2%-WD:0% SYS_MEM:3.3/32GB(10.3%)-WD:0GB(0%) TRACKING:0 SPIKES:0 KILLS:0
2026-08-13 04:52:02   DIST CPU_IDLE(<1%):1 CPU_NORMAL(1-25%):0 CPU_HOT(>=25%):0
2026-08-13 04:57:05 HEARTBEAT PROCS:0 TOP_MEM:none TOP_CPU:none SYS_CPU:2%-WD:0% SYS_MEM:3.3/32GB(10.3%)-WD:0GB(0%) TRACKING:0 SPIKES:0 KILLS:0
2026-08-13 04:57:05   DIST CPU_IDLE(<1%):0 CPU_NORMAL(1-25%):0 CPU_HOT(>=25%):0
2026-08-13 05:02:08 HEARTBEAT PROCS:8 TOP_MEM:PID:11228/35MB TOP_CPU:PID:1092/0% SYS_CPU:1%-WD:0% SYS_MEM:3.3/32GB(10.3%)-WD:0.3GB(0.9%) TRACKING:0 SPIKES:0 KILLS:0
2026-08-13 05:02:08   DIST CPU_IDLE(<1%):8 CPU_NORMAL(1-25%):0 CPU_HOT(>=25%):0
2026-08-13 05:07:12 HEARTBEAT PROCS:4 TOP_MEM:PID:13136/34.9MB TOP_CPU:PID:9668/0% SYS_CPU:1%-WD:0% SYS_MEM:3.2/32GB(10%)-WD:0.1GB(0.3%) TRACKING:0 SPIKES:0 KILLS:0
2026-08-13 05:07:12   DIST CPU_IDLE(<1%):4 CPU_NORMAL(1-25%):0 CPU_HOT(>=25%):0
2026-08-13 05:12:16 HEARTBEAT PROCS:2 TOP_MEM:PID:15456/54.1MB TOP_CPU:PID:15456/0% SYS_CPU:1%-WD:0% SYS_MEM:3.3/32GB(10.3%)-WD:0.1GB(0.3%) TRACKING:0 SPIKES:0 KILLS:0
2026-08-13 05:12:16   DIST CPU_IDLE(<1%):2 CPU_NORMAL(1-25%):0 CPU_HOT(>=25%):0
2026-08-13 05:17:20 HEARTBEAT PROCS:5 TOP_MEM:PID:15456/56.7MB TOP_CPU:PID:6080/1.4% SYS_CPU:1%-WD:1.4% SYS_MEM:3.3/32GB(10.3%)-WD:0.2GB(0.6%) TRACKING:0 SPIKES:0 KILLS:0
2026-08-13 05:17:20   DIST CPU_IDLE(<1%):4 CPU_NORMAL(1-25%):1 CPU_HOT(>=25%):0
2026-08-13 05:22:23 HEARTBEAT PROCS:7 TOP_MEM:PID:6080/70.1MB TOP_CPU:PID:13400/0% SYS_CPU:1%-WD:0% SYS_MEM:3.3/32GB(10.3%)-WD:0.3GB(0.9%) TRACKING:0 SPIKES:0 KILLS:0
2026-08-13 05:22:23   DIST CPU_IDLE(<1%):7 CPU_NORMAL(1-25%):0 CPU_HOT(>=25%):0
2026-08-13 05:27:27 HEARTBEAT PROCS:7 TOP_MEM:PID:6080/72MB TOP_CPU:PID:13400/0% SYS_CPU:1%-WD:0% SYS_MEM:3.4/32GB(10.6%)-WD:0.3GB(0.9%) TRACKING:0 SPIKES:0 KILLS:0
2026-08-13 05:27:27   DIST CPU_IDLE(<1%):7 CPU_NORMAL(1-25%):0 CPU_HOT(>=25%):0
2026-08-13 05:32:31 HEARTBEAT PROCS:1 TOP_MEM:PID:6080/79.1MB TOP_CPU:PID:6080/0% SYS_CPU:1%-WD:0% SYS_MEM:3.2/32GB(10%)-WD:0.1GB(0.3%) TRACKING:0 SPIKES:0 KILLS:0
2026-08-13 05:32:31   DIST CPU_IDLE(<1%):1 CPU_NORMAL(1-25%):0 CPU_HOT(>=25%):0
2026-08-13 05:37:34 HEARTBEAT PROCS:6 TOP_MEM:PID:6080/79.1MB TOP_CPU:PID:14252/0% SYS_CPU:0%-WD:0% SYS_MEM:3.3/32GB(10.3%)-WD:0.3GB(0.9%) TRACKING:0 SPIKES:0 KILLS:0
2026-08-13 05:37:34   DIST CPU_IDLE(<1%):6 CPU_NORMAL(1-25%):0 CPU_HOT(>=25%):0
2026-08-13 05:42:38 HEARTBEAT PROCS:6 TOP_MEM:PID:6080/81MB TOP_CPU:PID:14252/0% SYS_CPU:1%-WD:0% SYS_MEM:3.3/32GB(10.3%)-WD:0.3GB(0.9%) TRACKING:0 SPIKES:0 KILLS:0
2026-08-13 05:42:38   DIST CPU_IDLE(<1%):6 CPU_NORMAL(1-25%):0 CPU_HOT(>=25%):0
2026-08-13 05:47:42 HEARTBEAT PROCS:3 TOP_MEM:PID:6080/81MB TOP_CPU:PID:6080/0% SYS_CPU:1%-WD:0% SYS_MEM:3.3/32GB(10.3%)-WD:0.1GB(0.3%) TRACKING:0 SPIKES:0 KILLS:0
2026-08-13 05:47:42   DIST CPU_IDLE(<1%):3 CPU_NORMAL(1-25%):0 CPU_HOT(>=25%):0
2026-08-13 05:52:46 HEARTBEAT PROCS:2 TOP_MEM:PID:6080/81MB TOP_CPU:PID:12536/0% SYS_CPU:0%-WD:0% SYS_MEM:3.2/32GB(10%)-WD:0.1GB(0.3%) TRACKING:0 SPIKES:0 KILLS:0
2026-08-13 05:52:46   DIST CPU_IDLE(<1%):2 CPU_NORMAL(1-25%):0 CPU_HOT(>=25%):0
2026-08-13 05:57:50 HEARTBEAT PROCS:4 TOP_MEM:PID:6080/77.4MB TOP_CPU:PID:10244/0% SYS_CPU:0%-WD:0% SYS_MEM:3.3/32GB(10.3%)-WD:0.2GB(0.6%) TRACKING:0 SPIKES:0 KILLS:0
2026-08-13 05:57:50   DIST CPU_IDLE(<1%):4 CPU_NORMAL(1-25%):0 CPU_HOT(>=25%):0
2026-08-13 06:02:54 HEARTBEAT PROCS:9 TOP_MEM:PID:6080/82.7MB TOP_CPU:PID:1600/0% SYS_CPU:1%-WD:0% SYS_MEM:3.4/32GB(10.6%)-WD:0.4GB(1.2%) TRACKING:0 SPIKES:0 KILLS:0
2026-08-13 06:02:54   DIST CPU_IDLE(<1%):9 CPU_NORMAL(1-25%):0 CPU_HOT(>=25%):0
2026-08-13 06:07:57 HEARTBEAT PROCS:6 TOP_MEM:PID:6080/80.5MB TOP_CPU:PID:8820/0% SYS_CPU:1%-WD:0% SYS_MEM:3.3/32GB(10.3%)-WD:0.3GB(0.9%) TRACKING:0 SPIKES:0 KILLS:0
2026-08-13 06:07:57   DIST CPU_IDLE(<1%):6 CPU_NORMAL(1-25%):0 CPU_HOT(>=25%):0
2026-08-13 06:13:01 HEARTBEAT PROCS:7 TOP_MEM:PID:6080/84.1MB TOP_CPU:PID:2244/0% SYS_CPU:1%-WD:0% SYS_MEM:3.4/32GB(10.6%)-WD:0.4GB(1.2%) TRACKING:0 SPIKES:0 KILLS:0
2026-08-13 06:13:01   DIST CPU_IDLE(<1%):7 CPU_NORMAL(1-25%):0 CPU_HOT(>=25%):0
2026-08-13 06:18:05 HEARTBEAT PROCS:18 TOP_MEM:PID:2244/94.8MB TOP_CPU:PID:8708/0% SYS_CPU:1%-WD:0% SYS_MEM:3.7/32GB(11.6%)-WD:0.8GB(2.5%) TRACKING:0 SPIKES:0 KILLS:0
2026-08-13 06:18:05   DIST CPU_IDLE(<1%):18 CPU_NORMAL(1-25%):0 CPU_HOT(>=25%):0
2026-08-13 06:23:09 HEARTBEAT PROCS:15 TOP_MEM:PID:2244/96.3MB TOP_CPU:PID:6080/0% SYS_CPU:1%-WD:0% SYS_MEM:3.6/32GB(11.2%)-WD:0.7GB(2.2%) TRACKING:0 SPIKES:0 KILLS:0
2026-08-13 06:23:09   DIST CPU_IDLE(<1%):15 CPU_NORMAL(1-25%):0 CPU_HOT(>=25%):0
2026-08-13 06:28:13 HEARTBEAT PROCS:4 TOP_MEM:PID:2244/99.6MB TOP_CPU:PID:6080/0% SYS_CPU:1%-WD:0% SYS_MEM:3.4/32GB(10.6%)-WD:0.3GB(0.9%) TRACKING:0 SPIKES:1 KILLS:0
2026-08-13 06:28:13   DIST CPU_IDLE(<1%):4 CPU_NORMAL(1-25%):0 CPU_HOT(>=25%):0
2026-08-13 06:33:17 HEARTBEAT PROCS:7 TOP_MEM:PID:2244/107.3MB TOP_CPU:PID:10884/0% SYS_CPU:1%-WD:0% SYS_MEM:3.5/32GB(10.9%)-WD:0.4GB(1.2%) TRACKING:0 SPIKES:0 KILLS:0
2026-08-13 06:33:17   DIST CPU_IDLE(<1%):7 CPU_NORMAL(1-25%):0 CPU_HOT(>=25%):0
2026-08-13 06:38:21 HEARTBEAT PROCS:17 TOP_MEM:PID:2244/111.7MB TOP_CPU:PID:6080/0% SYS_CPU:1%-WD:0% SYS_MEM:3.7/32GB(11.6%)-WD:0.8GB(2.5%) TRACKING:0 SPIKES:0 KILLS:0
2026-08-13 06:38:21   DIST CPU_IDLE(<1%):17 CPU_NORMAL(1-25%):0 CPU_HOT(>=25%):0
2026-08-13 06:43:24 HEARTBEAT PROCS:17 TOP_MEM:PID:2244/108.1MB TOP_CPU:PID:6564/5.1% SYS_CPU:0%-WD:5.1% SYS_MEM:3.7/32GB(11.6%)-WD:0.9GB(2.8%) TRACKING:0 SPIKES:0 KILLS:0
2026-08-13 06:43:24   DIST CPU_IDLE(<1%):16 CPU_NORMAL(1-25%):1 CPU_HOT(>=25%):0
2026-08-13 06:48:29 HEARTBEAT PROCS:8 TOP_MEM:PID:2244/101.8MB TOP_CPU:PID:14912/0% SYS_CPU:1%-WD:0% SYS_MEM:3.6/32GB(11.2%)-WD:0.5GB(1.6%) TRACKING:0 SPIKES:0 KILLS:0
2026-08-13 06:48:29   DIST CPU_IDLE(<1%):8 CPU_NORMAL(1-25%):0 CPU_HOT(>=25%):0
2026-08-13 06:53:32 HEARTBEAT PROCS:16 TOP_MEM:PID:2244/99.2MB TOP_CPU:PID:6564/0% SYS_CPU:4%-WD:0% SYS_MEM:3.7/32GB(11.6%)-WD:0.8GB(2.5%) TRACKING:0 SPIKES:0 KILLS:0
2026-08-13 06:53:32   DIST CPU_IDLE(<1%):16 CPU_NORMAL(1-25%):0 CPU_HOT(>=25%):0
2026-08-13 06:58:36 HEARTBEAT PROCS:22 TOP_MEM:PID:2244/99.1MB TOP_CPU:PID:9892/0% SYS_CPU:0%-WD:0% SYS_MEM:3.8/32GB(11.9%)-WD:1.1GB(3.4%) TRACKING:0 SPIKES:0 KILLS:0
2026-08-13 06:58:36   DIST CPU_IDLE(<1%):22 CPU_NORMAL(1-25%):0 CPU_HOT(>=25%):0
2026-08-13 07:03:40 HEARTBEAT PROCS:18 TOP_MEM:PID:2244/109MB TOP_CPU:PID:8904/0% SYS_CPU:1%-WD:0% SYS_MEM:3.8/32GB(11.9%)-WD:1GB(3.1%) TRACKING:0 SPIKES:0 KILLS:0
2026-08-13 07:03:40   DIST CPU_IDLE(<1%):18 CPU_NORMAL(1-25%):0 CPU_HOT(>=25%):0
2026-08-13 07:08:45 HEARTBEAT PROCS:67 TOP_MEM:PID:2424/119.1MB TOP_CPU:PID:5580/0% SYS_CPU:2%-WD:0% SYS_MEM:5/32GB(15.6%)-WD:3GB(9.4%) TRACKING:0 SPIKES:0 KILLS:0
2026-08-13 07:08:45   DIST CPU_IDLE(<1%):67 CPU_NORMAL(1-25%):0 CPU_HOT(>=25%):0
2026-08-13 07:13:49 HEARTBEAT PROCS:35 TOP_MEM:PID:2424/119.1MB TOP_CPU:PID:7512/0% SYS_CPU:1%-WD:0% SYS_MEM:4.4/32GB(13.8%)-WD:1.9GB(5.9%) TRACKING:0 SPIKES:2 KILLS:0
2026-08-13 07:13:49   DIST CPU_IDLE(<1%):35 CPU_NORMAL(1-25%):0 CPU_HOT(>=25%):0
2026-08-13 07:18:54 HEARTBEAT PROCS:56 TOP_MEM:PID:2424/119.2MB TOP_CPU:PID:7512/0% SYS_CPU:2%-WD:0% SYS_MEM:5/32GB(15.6%)-WD:2.8GB(8.8%) TRACKING:0 SPIKES:0 KILLS:0
2026-08-13 07:18:54   DIST CPU_IDLE(<1%):56 CPU_NORMAL(1-25%):0 CPU_HOT(>=25%):0
2026-08-13 07:23:59 HEARTBEAT PROCS:38 TOP_MEM:PID:2424/119.2MB TOP_CPU:PID:17472/0% SYS_CPU:1%-WD:0% SYS_MEM:4.7/32GB(14.7%)-WD:2.2GB(6.9%) TRACKING:0 SPIKES:5 KILLS:0
2026-08-13 07:23:59   DIST CPU_IDLE(<1%):38 CPU_NORMAL(1-25%):0 CPU_HOT(>=25%):0
2026-08-13 07:29:03 HEARTBEAT PROCS:40 TOP_MEM:PID:2424/119.2MB TOP_CPU:PID:7240/0% SYS_CPU:0%-WD:0% SYS_MEM:4.7/32GB(14.7%)-WD:2.3GB(7.2%) TRACKING:0 SPIKES:0 KILLS:0
2026-08-13 07:29:03   DIST CPU_IDLE(<1%):40 CPU_NORMAL(1-25%):0 CPU_HOT(>=25%):0
2026-08-13 07:34:08 HEARTBEAT PROCS:63 TOP_MEM:PID:2424/119.2MB TOP_CPU:PID:7320/0% SYS_CPU:1%-WD:0% SYS_MEM:5.2/32GB(16.2%)-WD:3.2GB(10%) TRACKING:0 SPIKES:0 KILLS:0
2026-08-13 07:34:08   DIST CPU_IDLE(<1%):63 CPU_NORMAL(1-25%):0 CPU_HOT(>=25%):0
2026-08-13 07:39:08 HEARTBEAT PROCS:51 TOP_MEM:PID:2424/119.2MB TOP_CPU:PID:4944/0.6% SYS_CPU:2%-WD:0.6% SYS_MEM:5.2/32GB(16.2%)-WD:3GB(9.4%) TRACKING:0 SPIKES:0 KILLS:0
2026-08-13 07:39:08   DIST CPU_IDLE(<1%):51 CPU_NORMAL(1-25%):0 CPU_HOT(>=25%):0
2026-08-13 07:44:13 HEARTBEAT PROCS:61 TOP_MEM:PID:2424/119.2MB TOP_CPU:PID:14004/0% SYS_CPU:0%-WD:0% SYS_MEM:5.4/32GB(16.9%)-WD:3.4GB(10.6%) TRACKING:0 SPIKES:4 KILLS:0
2026-08-13 07:44:13   DIST CPU_IDLE(<1%):61 CPU_NORMAL(1-25%):0 CPU_HOT(>=25%):0
2026-08-13 07:49:18 HEARTBEAT PROCS:74 TOP_MEM:PID:15136/123.7MB TOP_CPU:PID:13256/0% SYS_CPU:2%-WD:0% SYS_MEM:5.8/32GB(18.1%)-WD:4GB(12.5%) TRACKING:0 SPIKES:0 KILLS:0
2026-08-13 07:49:18   DIST CPU_IDLE(<1%):74 CPU_NORMAL(1-25%):0 CPU_HOT(>=25%):0
2026-08-13 07:54:18 HEARTBEAT PROCS:74 TOP_MEM:PID:15136/123.7MB TOP_CPU:PID:6372/0% SYS_CPU:1%-WD:0% SYS_MEM:5.8/32GB(18.1%)-WD:4GB(12.5%) TRACKING:0 SPIKES:7 KILLS:0
2026-08-13 07:54:18   DIST CPU_IDLE(<1%):74 CPU_NORMAL(1-25%):0 CPU_HOT(>=25%):0
2026-08-13 07:59:18 HEARTBEAT PROCS:95 TOP_MEM:PID:15136/123.7MB TOP_CPU:PID:7360/0% SYS_CPU:2%-WD:0% SYS_MEM:6.4/32GB(20%)-WD:5GB(15.6%) TRACKING:0 SPIKES:8 KILLS:0
2026-08-13 07:59:18   DIST CPU_IDLE(<1%):95 CPU_NORMAL(1-25%):0 CPU_HOT(>=25%):0
2026-08-13 08:04:19 HEARTBEAT PROCS:99 TOP_MEM:PID:15136/123.7MB TOP_CPU:PID:15044/0% SYS_CPU:1%-WD:0% SYS_MEM:6.7/32GB(20.9%)-WD:5.4GB(16.9%) TRACKING:0 SPIKES:0 KILLS:0
2026-08-13 08:04:19   DIST CPU_IDLE(<1%):99 CPU_NORMAL(1-25%):0 CPU_HOT(>=25%):0
2026-08-13 08:09:20 HEARTBEAT PROCS:85 TOP_MEM:PID:15136/123.7MB TOP_CPU:PID:10904/0% SYS_CPU:2%-WD:0% SYS_MEM:6.3/32GB(19.7%)-WD:4.7GB(14.7%) TRACKING:0 SPIKES:4 KILLS:0
2026-08-13 08:09:20   DIST CPU_IDLE(<1%):85 CPU_NORMAL(1-25%):0 CPU_HOT(>=25%):0
2026-08-13 08:14:20 HEARTBEAT PROCS:103 TOP_MEM:PID:15136/114MB TOP_CPU:PID:14096/0% SYS_CPU:2%-WD:0% SYS_MEM:6.7/32GB(20.9%)-WD:5.5GB(17.2%) TRACKING:0 SPIKES:8 KILLS:0
2026-08-13 08:14:20   DIST CPU_IDLE(<1%):103 CPU_NORMAL(1-25%):0 CPU_HOT(>=25%):0
2026-08-13 08:19:21 HEARTBEAT PROCS:118 TOP_MEM:PID:15136/121.4MB TOP_CPU:PID:17204/0% SYS_CPU:2%-WD:0% SYS_MEM:7.3/32GB(22.8%)-WD:6.4GB(20%) TRACKING:0 SPIKES:6 KILLS:0
2026-08-13 08:19:21   DIST CPU_IDLE(<1%):118 CPU_NORMAL(1-25%):0 CPU_HOT(>=25%):0
2026-08-13 08:24:23 HEARTBEAT PROCS:119 TOP_MEM:PID:11556/134.3MB TOP_CPU:PID:16992/0% SYS_CPU:1%-WD:0% SYS_MEM:7.4/32GB(23.1%)-WD:6.6GB(20.6%) TRACKING:0 SPIKES:3 KILLS:0
2026-08-13 08:24:23   DIST CPU_IDLE(<1%):119 CPU_NORMAL(1-25%):0 CPU_HOT(>=25%):0
2026-08-13 08:29:24 HEARTBEAT PROCS:121 TOP_MEM:PID:11556/134.3MB TOP_CPU:PID:10500/1.4% SYS_CPU:1%-WD:1.4% SYS_MEM:7.8/32GB(24.4%)-WD:7GB(21.9%) TRACKING:0 SPIKES:3 KILLS:0
2026-08-13 08:29:24   DIST CPU_IDLE(<1%):120 CPU_NORMAL(1-25%):1 CPU_HOT(>=25%):0
2026-08-13 08:34:26 HEARTBEAT PROCS:130 TOP_MEM:PID:16592/163.7MB TOP_CPU:PID:13768/8.2% SYS_CPU:2%-WD:8.2% SYS_MEM:8.3/32GB(25.9%)-WD:7.5GB(23.4%) TRACKING:0 SPIKES:0 KILLS:0
2026-08-13 08:34:26   DIST CPU_IDLE(<1%):129 CPU_NORMAL(1-25%):1 CPU_HOT(>=25%):0
2026-08-13 08:39:28 HEARTBEAT PROCS:130 TOP_MEM:PID:16592/163.8MB TOP_CPU:PID:3144/2% SYS_CPU:5%-WD:2.6% SYS_MEM:8.5/32GB(26.6%)-WD:7.9GB(24.7%) TRACKING:0 SPIKES:11 KILLS:0
2026-08-13 08:39:28   DIST CPU_IDLE(<1%):129 CPU_NORMAL(1-25%):1 CPU_HOT(>=25%):0
2026-08-13 08:44:32 HEARTBEAT PROCS:144 TOP_MEM:PID:16592/163.8MB TOP_CPU:PID:9796/4.8% SYS_CPU:2%-WD:4.8% SYS_MEM:9/32GB(28.1%)-WD:8.8GB(27.5%) TRACKING:0 SPIKES:0 KILLS:0
2026-08-13 08:44:32   DIST CPU_IDLE(<1%):143 CPU_NORMAL(1-25%):1 CPU_HOT(>=25%):0
2026-08-13 08:49:35 HEARTBEAT PROCS:169 TOP_MEM:PID:15136/124.4MB TOP_CPU:PID:16960/0% SYS_CPU:20%-WD:0% SYS_MEM:9.6/32GB(30%)-WD:9.8GB(30.6%) TRACKING:0 SPIKES:9 KILLS:0
2026-08-13 08:49:35   DIST CPU_IDLE(<1%):169 CPU_NORMAL(1-25%):0 CPU_HOT(>=25%):0
2026-08-13 08:49:35   NON_WD_SPIKE SYS_CPU:20% WD_CPU:0% GAP:20%
2026-08-13 08:49:35   NON_WD PID:5228 NAME:WmiPrvSE CPU:0.6% MEM:29.4MB CMD:C:\Windows\system32\wbem\wmiprvse.exe
2026-08-13 08:49:35   NON_WD PID:3044 NAME:svchost#32 CPU:0% MEM:1.2MB CMD:C:\Windows\system32\svchost.exe -k NetworkServiceNetworkRestricted -p -s PolicyAgent
2026-08-13 08:49:35   NON_WD PID:3224 NAME:svchost#33 CPU:0% MEM:10.7MB CMD:C:\Windows\system32\svchost.exe -k netsvcs -p -s Winmgmt
2026-08-13 08:49:35   NON_WD PID:2848 NAME:svchost#28 CPU:0% MEM:1.6MB CMD:C:\Windows\system32\svchost.exe -k netsvcs -p -s UserManager
2026-08-13 08:49:35   NON_WD PID:2892 NAME:svchost#29 CPU:0% MEM:1.2MB CMD:C:\Windows\system32\svchost.exe -k netsvcs -s CertPropSvc
2026-08-13 08:49:35   NON_WD PID:2960 NAME:svchost#30 CPU:0% MEM:1.5MB CMD:C:\Windows\System32\svchost.exe -k netsvcs -p -s SessionEnv
2026-08-13 08:49:35   NON_WD PID:3016 NAME:svchost#31 CPU:0% MEM:1.8MB CMD:C:\Windows\system32\svchost.exe -k netsvcs -p -s IKEEXT
2026-08-13 08:49:35   NON_WD PID:3256 NAME:svchost#34 CPU:0% MEM:3.4MB CMD:C:\Windows\system32\svchost.exe -k NetworkService -p -s CryptSvc
2026-08-13 08:49:35   NON_WD PID:3360 NAME:svchost#39 CPU:0% MEM:1.3MB CMD:C:\Windows\system32\svchost.exe -k LocalService -s W32Time
2026-08-13 08:49:35   NON_WD PID:3484 NAME:svchost#40 CPU:0% MEM:2.4MB CMD:C:\Windows\System32\svchost.exe -k NetworkService -p -s WinRM
2026-08-13 08:54:38 HEARTBEAT PROCS:152 TOP_MEM:PID:15136/128.7MB TOP_CPU:PID:3636/0% SYS_CPU:2%-WD:0% SYS_MEM:9.4/32GB(29.4%)-WD:9.3GB(29.1%) TRACKING:0 SPIKES:0 KILLS:0
2026-08-13 08:54:38   DIST CPU_IDLE(<1%):152 CPU_NORMAL(1-25%):0 CPU_HOT(>=25%):0
2026-08-13 08:59:42 HEARTBEAT PROCS:175 TOP_MEM:PID:15136/125.7MB TOP_CPU:PID:11272/3.4% SYS_CPU:4%-WD:3.4% SYS_MEM:10.1/32GB(31.6%)-WD:10.5GB(32.8%) TRACKING:0 SPIKES:23 KILLS:0
2026-08-13 08:59:42   DIST CPU_IDLE(<1%):174 CPU_NORMAL(1-25%):1 CPU_HOT(>=25%):0
2026-08-13 09:04:45 HEARTBEAT PROCS:150 TOP_MEM:PID:15136/128MB TOP_CPU:PID:16840/0.6% SYS_CPU:4%-WD:0.6% SYS_MEM:9.9/32GB(30.9%)-WD:9.8GB(30.6%) TRACKING:0 SPIKES:11 KILLS:0
2026-08-13 09:04:45   DIST CPU_IDLE(<1%):150 CPU_NORMAL(1-25%):0 CPU_HOT(>=25%):0
2026-08-13 09:09:50 HEARTBEAT PROCS:221 TOP_MEM:PID:9260/737MB TOP_CPU:PID:9260/12.5% SYS_CPU:2%-WD:12.5% SYS_MEM:12/32GB(37.5%)-WD:13.7GB(42.8%) TRACKING:0 SPIKES:12 KILLS:0
2026-08-13 09:09:50   DIST CPU_IDLE(<1%):220 CPU_NORMAL(1-25%):1 CPU_HOT(>=25%):0
2026-08-13 09:14:50 HEARTBEAT PROCS:195 TOP_MEM:PID:8976/134.2MB TOP_CPU:PID:5312/0% SYS_CPU:1%-WD:0% SYS_MEM:11.9/32GB(37.2%)-WD:12.7GB(39.7%) TRACKING:0 SPIKES:27 KILLS:0
2026-08-13 09:14:50   DIST CPU_IDLE(<1%):195 CPU_NORMAL(1-25%):0 CPU_HOT(>=25%):0
2026-08-13 09:19:51 HEARTBEAT PROCS:230 TOP_MEM:PID:8976/135.1MB TOP_CPU:PID:4892/0% SYS_CPU:5%-WD:0% SYS_MEM:12.8/32GB(40%)-WD:14.2GB(44.4%) TRACKING:0 SPIKES:12 KILLS:0
2026-08-13 09:19:51   DIST CPU_IDLE(<1%):230 CPU_NORMAL(1-25%):0 CPU_HOT(>=25%):0
2026-08-13 09:24:51 HEARTBEAT PROCS:220 TOP_MEM:PID:8976/133.4MB TOP_CPU:PID:16568/0.6% SYS_CPU:2%-WD:0.6% SYS_MEM:12.8/32GB(40%)-WD:14.1GB(44.1%) TRACKING:0 SPIKES:26 KILLS:0
2026-08-13 09:24:51   DIST CPU_IDLE(<1%):220 CPU_NORMAL(1-25%):0 CPU_HOT(>=25%):0
2026-08-13 09:29:53 HEARTBEAT PROCS:238 TOP_MEM:PID:4752/163.8MB TOP_CPU:PID:15444/0.6% SYS_CPU:1%-WD:0.6% SYS_MEM:13.9/32GB(43.4%)-WD:15.6GB(48.8%) TRACKING:0 SPIKES:8 KILLS:0
2026-08-13 09:29:53   DIST CPU_IDLE(<1%):238 CPU_NORMAL(1-25%):0 CPU_HOT(>=25%):0
2026-08-13 09:34:54 HEARTBEAT PROCS:250 TOP_MEM:PID:4752/163.8MB TOP_CPU:PID:4128/9.1% SYS_CPU:14%-WD:9.1% SYS_MEM:14.6/32GB(45.6%)-WD:16.5GB(51.6%) TRACKING:0 SPIKES:86 KILLS:0
2026-08-13 09:34:54   DIST CPU_IDLE(<1%):249 CPU_NORMAL(1-25%):1 CPU_HOT(>=25%):0
2026-08-13 09:39:55 HEARTBEAT PROCS:239 TOP_MEM:PID:4752/163.8MB TOP_CPU:PID:13368/4.6% SYS_CPU:13%-WD:5.8% SYS_MEM:14.4/32GB(45%)-WD:16.1GB(50.3%) TRACKING:0 SPIKES:6 KILLS:0
2026-08-13 09:39:55   DIST CPU_IDLE(<1%):238 CPU_NORMAL(1-25%):1 CPU_HOT(>=25%):0
2026-08-13 09:44:56 HEARTBEAT PROCS:216 TOP_MEM:PID:4752/163.8MB TOP_CPU:PID:9188/0% SYS_CPU:7%-WD:0% SYS_MEM:14.2/32GB(44.4%)-WD:15.5GB(48.4%) TRACKING:0 SPIKES:17 KILLS:0
2026-08-13 09:44:56   DIST CPU_IDLE(<1%):216 CPU_NORMAL(1-25%):0 CPU_HOT(>=25%):0
2026-08-13 09:49:56 HEARTBEAT PROCS:231 TOP_MEM:PID:18296/142.6MB TOP_CPU:PID:16840/2.6% SYS_CPU:4%-WD:2.6% SYS_MEM:14.3/32GB(44.7%)-WD:16GB(50%) TRACKING:0 SPIKES:5 KILLS:0
2026-08-13 09:49:56   DIST CPU_IDLE(<1%):230 CPU_NORMAL(1-25%):1 CPU_HOT(>=25%):0
2026-08-13 09:55:02 HEARTBEAT PROCS:206 TOP_MEM:PID:18296/151.6MB TOP_CPU:PID:14808/0% SYS_CPU:5%-WD:0% SYS_MEM:14/32GB(43.8%)-WD:15.1GB(47.2%) TRACKING:0 SPIKES:19 KILLS:0
2026-08-13 09:55:02   DIST CPU_IDLE(<1%):206 CPU_NORMAL(1-25%):0 CPU_HOT(>=25%):0
2026-08-13 09:56:38 KILLING PID:16532 MEM:16472.7MB CPU:0 REASON:MEMORY AGE:26m (IMMEDIATE)
2026-08-13 09:56:38   DETAIL PID:16532 SAMPLES:60 SPIKES:3 PEAK_CPU:% PEAK_MEM:MB
2026-08-13 09:56:38   SAMPLE PID:16532 TIME:09:51:12 CPU:0% MEM:77.9MB
2026-08-13 09:56:38   SAMPLE PID:16532 TIME:09:51:18 CPU:0% MEM:77.9MB
2026-08-13 09:56:38   SAMPLE PID:16532 TIME:09:51:23 CPU:0% MEM:77.9MB
2026-08-13 09:56:38   SAMPLE PID:16532 TIME:09:51:29 CPU:0% MEM:77.9MB
2026-08-13 09:56:38   SAMPLE PID:16532 TIME:09:51:34 CPU:0% MEM:77.9MB
2026-08-13 09:56:38   SAMPLE PID:16532 TIME:09:51:39 CPU:0% MEM:77.9MB
2026-08-13 09:56:38   SAMPLE PID:16532 TIME:09:51:45 CPU:0% MEM:77.9MB
2026-08-13 09:56:38   SAMPLE PID:16532 TIME:09:51:50 CPU:0% MEM:77.9MB
2026-08-13 09:56:38   SAMPLE PID:16532 TIME:09:51:56 CPU:0% MEM:77.9MB
2026-08-13 09:56:38   SAMPLE PID:16532 TIME:09:52:01 CPU:0% MEM:77.9MB
2026-08-13 09:56:38   SAMPLE PID:16532 TIME:09:52:07 CPU:0% MEM:77.9MB
2026-08-13 09:56:38   SAMPLE PID:16532 TIME:09:52:12 CPU:0% MEM:77.9MB
2026-08-13 09:56:38   SAMPLE PID:16532 TIME:09:52:18 CPU:0% MEM:77.9MB
2026-08-13 09:56:38   SAMPLE PID:16532 TIME:09:52:23 CPU:0% MEM:77.9MB
2026-08-13 09:56:38   SAMPLE PID:16532 TIME:09:52:28 CPU:0% MEM:77.9MB
2026-08-13 09:56:38   SAMPLE PID:16532 TIME:09:52:34 CPU:0% MEM:77.9MB
2026-08-13 09:56:38   SAMPLE PID:16532 TIME:09:52:39 CPU:0% MEM:77.9MB
2026-08-13 09:56:38   SAMPLE PID:16532 TIME:09:52:45 CPU:0% MEM:77.9MB
2026-08-13 09:56:38   SAMPLE PID:16532 TIME:09:52:50 CPU:0% MEM:77.9MB
2026-08-13 09:56:38   SAMPLE PID:16532 TIME:09:52:55 CPU:0% MEM:77.9MB
2026-08-13 09:56:38   SAMPLE PID:16532 TIME:09:53:01 CPU:0% MEM:77.9MB
2026-08-13 09:56:38   SAMPLE PID:16532 TIME:09:53:06 CPU:0% MEM:77.9MB
2026-08-13 09:56:38   SAMPLE PID:16532 TIME:09:53:12 CPU:0% MEM:77.9MB
2026-08-13 09:56:38   SAMPLE PID:16532 TIME:09:53:17 CPU:0% MEM:77.9MB
2026-08-13 09:56:38   SAMPLE PID:16532 TIME:09:53:23 CPU:0% MEM:77.9MB
2026-08-13 09:56:38   SAMPLE PID:16532 TIME:09:53:28 CPU:0% MEM:77.9MB
2026-08-13 09:56:38   SAMPLE PID:16532 TIME:09:53:33 CPU:0% MEM:77.9MB
2026-08-13 09:56:38   SAMPLE PID:16532 TIME:09:53:39 CPU:0% MEM:77.9MB
2026-08-13 09:56:38   SAMPLE PID:16532 TIME:09:53:44 CPU:0% MEM:77.9MB
2026-08-13 09:56:38   SAMPLE PID:16532 TIME:09:53:50 CPU:0% MEM:77.9MB
2026-08-13 09:56:38   SAMPLE PID:16532 TIME:09:53:55 CPU:0% MEM:77.9MB
2026-08-13 09:56:38   SAMPLE PID:16532 TIME:09:54:00 CPU:0% MEM:77.9MB
2026-08-13 09:56:38   SAMPLE PID:16532 TIME:09:54:06 CPU:0% MEM:77.9MB
2026-08-13 09:56:38   SAMPLE PID:16532 TIME:09:54:11 CPU:0% MEM:77.9MB
2026-08-13 09:56:38   SAMPLE PID:16532 TIME:09:54:17 CPU:0% MEM:77.9MB
2026-08-13 09:56:38   SAMPLE PID:16532 TIME:09:54:22 CPU:0% MEM:77.9MB
2026-08-13 09:56:38   SAMPLE PID:16532 TIME:09:54:28 CPU:0% MEM:77.9MB
2026-08-13 09:56:38   SAMPLE PID:16532 TIME:09:54:33 CPU:0% MEM:77.9MB
2026-08-13 09:56:38   SAMPLE PID:16532 TIME:09:54:38 CPU:0% MEM:77.9MB
2026-08-13 09:56:38   SAMPLE PID:16532 TIME:09:54:44 CPU:0% MEM:77.9MB
2026-08-13 09:56:38   SAMPLE PID:16532 TIME:09:54:49 CPU:0% MEM:77.9MB
2026-08-13 09:56:38   SAMPLE PID:16532 TIME:09:54:55 CPU:0% MEM:77.9MB
2026-08-13 09:56:38   SAMPLE PID:16532 TIME:09:55:00 CPU:0% MEM:77.9MB
2026-08-13 09:56:38   SAMPLE PID:16532 TIME:09:55:07 CPU:0% MEM:77.9MB
2026-08-13 09:56:38   SAMPLE PID:16532 TIME:09:55:13 CPU:0% MEM:77.9MB
2026-08-13 09:56:38   SAMPLE PID:16532 TIME:09:55:18 CPU:0% MEM:77.9MB
2026-08-13 09:56:38   SAMPLE PID:16532 TIME:09:55:23 CPU:0% MEM:77.9MB
2026-08-13 09:56:38   SAMPLE PID:16532 TIME:09:55:29 CPU:0% MEM:77.9MB
2026-08-13 09:56:38   SAMPLE PID:16532 TIME:09:55:34 CPU:0% MEM:79.5MB
2026-08-13 09:56:38   SAMPLE PID:16532 TIME:09:55:40 CPU:0% MEM:79.5MB
2026-08-13 09:56:38   SAMPLE PID:16532 TIME:09:55:45 CPU:0% MEM:79.5MB
2026-08-13 09:56:38   SAMPLE PID:16532 TIME:09:55:51 CPU:0% MEM:79.5MB
2026-08-13 09:56:38   SAMPLE PID:16532 TIME:09:55:56 CPU:1.2% MEM:84.8MB
2026-08-13 09:56:38   SAMPLE PID:16532 TIME:09:56:01 CPU:0% MEM:84.9MB
2026-08-13 09:56:38   SAMPLE PID:16532 TIME:09:56:07 CPU:0% MEM:84.9MB
2026-08-13 09:56:38   SAMPLE PID:16532 TIME:09:56:12 CPU:0% MEM:80.8MB
2026-08-13 09:56:38   SAMPLE PID:16532 TIME:09:56:18 CPU:0% MEM:80.8MB
2026-08-13 09:56:38   SAMPLE PID:16532 TIME:09:56:23 CPU:0% MEM:82.6MB
2026-08-13 09:56:38   SAMPLE PID:16532 TIME:09:56:29 CPU:0% MEM:82.6MB
2026-08-13 09:56:38   SAMPLE PID:16532 TIME:09:56:38 CPU:0% MEM:16472.7MB
2026-08-13 09:56:38 KILLED PID:16532
2026-08-13 10:00:07 HEARTBEAT PROCS:219 TOP_MEM:PID:18296/141MB TOP_CPU:PID:10048/0.6% SYS_CPU:8%-WD:1.2% SYS_MEM:14.1/32GB(44.1%)-WD:15.8GB(49.4%) TRACKING:0 SPIKES:4 KILLS:1
2026-08-13 10:00:07   DIST CPU_IDLE(<1%):219 CPU_NORMAL(1-25%):0 CPU_HOT(>=25%):0
2026-08-13 10:00:34 KILLING PID:11556 MEM:5130MB CPU:12.4 REASON:MEMORY AGE:3m (IMMEDIATE)
2026-08-13 10:00:34   DETAIL PID:11556 SAMPLES:43 SPIKES:3 PEAK_CPU:% PEAK_MEM:MB
2026-08-13 10:00:34   SAMPLE PID:11556 TIME:09:56:44 CPU:0% MEM:34.9MB
2026-08-13 10:00:34   SAMPLE PID:11556 TIME:09:56:49 CPU:0% MEM:47.5MB
2026-08-13 10:00:34   SAMPLE PID:11556 TIME:09:56:55 CPU:0% MEM:47.5MB
2026-08-13 10:00:34   SAMPLE PID:11556 TIME:09:57:00 CPU:0% MEM:67MB
2026-08-13 10:00:34   SAMPLE PID:11556 TIME:09:57:06 CPU:20.4% MEM:66.3MB
2026-08-13 10:00:34   SAMPLE PID:11556 TIME:09:57:11 CPU:0% MEM:67.1MB
2026-08-13 10:00:34   SAMPLE PID:11556 TIME:09:57:16 CPU:0% MEM:67.1MB
2026-08-13 10:00:34   SAMPLE PID:11556 TIME:09:57:22 CPU:0.6% MEM:69.6MB
2026-08-13 10:00:34   SAMPLE PID:11556 TIME:09:57:27 CPU:0% MEM:66.7MB
2026-08-13 10:00:34   SAMPLE PID:11556 TIME:09:57:33 CPU:0% MEM:66.7MB
2026-08-13 10:00:34   SAMPLE PID:11556 TIME:09:57:38 CPU:0% MEM:66.7MB
2026-08-13 10:00:34   SAMPLE PID:11556 TIME:09:57:44 CPU:0% MEM:66.7MB
2026-08-13 10:00:34   SAMPLE PID:11556 TIME:09:57:49 CPU:0% MEM:66.7MB
2026-08-13 10:00:34   SAMPLE PID:11556 TIME:09:57:54 CPU:0% MEM:66.7MB
2026-08-13 10:00:34   SAMPLE PID:11556 TIME:09:58:00 CPU:0% MEM:66.7MB
2026-08-13 10:00:34   SAMPLE PID:11556 TIME:09:58:05 CPU:0% MEM:66.7MB
2026-08-13 10:00:34   SAMPLE PID:11556 TIME:09:58:11 CPU:0% MEM:66.7MB
2026-08-13 10:00:34   SAMPLE PID:11556 TIME:09:58:16 CPU:0% MEM:66.7MB
2026-08-13 10:00:34   SAMPLE PID:11556 TIME:09:58:22 CPU:0% MEM:66.7MB
2026-08-13 10:00:34   SAMPLE PID:11556 TIME:09:58:27 CPU:0% MEM:66.7MB
2026-08-13 10:00:34   SAMPLE PID:11556 TIME:09:58:33 CPU:0% MEM:66.7MB
2026-08-13 10:00:34   SAMPLE PID:11556 TIME:09:58:38 CPU:0% MEM:66.7MB
2026-08-13 10:00:34   SAMPLE PID:11556 TIME:09:58:44 CPU:0% MEM:66.7MB
2026-08-13 10:00:34   SAMPLE PID:11556 TIME:09:58:49 CPU:0% MEM:66.7MB
2026-08-13 10:00:34   SAMPLE PID:11556 TIME:09:58:55 CPU:0% MEM:66.7MB
2026-08-13 10:00:34   SAMPLE PID:11556 TIME:09:59:00 CPU:0% MEM:66.7MB
2026-08-13 10:00:34   SAMPLE PID:11556 TIME:09:59:06 CPU:0% MEM:66.7MB
2026-08-13 10:00:34   SAMPLE PID:11556 TIME:09:59:11 CPU:0% MEM:66.7MB
2026-08-13 10:00:34   SAMPLE PID:11556 TIME:09:59:16 CPU:0% MEM:66.7MB
2026-08-13 10:00:34   SAMPLE PID:11556 TIME:09:59:22 CPU:0% MEM:66.7MB
2026-08-13 10:00:34   SAMPLE PID:11556 TIME:09:59:27 CPU:0% MEM:66.7MB
2026-08-13 10:00:34   SAMPLE PID:11556 TIME:09:59:33 CPU:0% MEM:66.7MB
2026-08-13 10:00:34   SAMPLE PID:11556 TIME:09:59:38 CPU:0% MEM:66.7MB
2026-08-13 10:00:34   SAMPLE PID:11556 TIME:09:59:44 CPU:0% MEM:77.9MB
2026-08-13 10:00:34   SAMPLE PID:11556 TIME:09:59:49 CPU:0% MEM:74.5MB
2026-08-13 10:00:34   SAMPLE PID:11556 TIME:09:59:54 CPU:0% MEM:73.6MB
2026-08-13 10:00:34   SAMPLE PID:11556 TIME:10:00:00 CPU:0% MEM:73.6MB
2026-08-13 10:00:34   SAMPLE PID:11556 TIME:10:00:05 CPU:0% MEM:73.6MB
2026-08-13 10:00:34   SAMPLE PID:11556 TIME:10:00:12 CPU:0% MEM:73.6MB
2026-08-13 10:00:34   SAMPLE PID:11556 TIME:10:00:18 CPU:0.6% MEM:75.2MB
2026-08-13 10:00:34   SAMPLE PID:11556 TIME:10:00:23 CPU:0% MEM:75.7MB
2026-08-13 10:00:34   SAMPLE PID:11556 TIME:10:00:29 CPU:0% MEM:75.9MB
2026-08-13 10:00:34   SAMPLE PID:11556 TIME:10:00:34 CPU:12.4% MEM:5130MB
2026-08-13 10:00:34 KILLED PID:11556
2026-08-13 10:05:08 HEARTBEAT PROCS:222 TOP_MEM:PID:18296/142.4MB TOP_CPU:PID:15444/1.9% SYS_CPU:5%-WD:3.7% SYS_MEM:14.3/32GB(44.7%)-WD:16.1GB(50.3%) TRACKING:0 SPIKES:4 KILLS:1
2026-08-13 10:05:08   DIST CPU_IDLE(<1%):220 CPU_NORMAL(1-25%):2 CPU_HOT(>=25%):0
2026-08-13 10:10:09 HEARTBEAT PROCS:216 TOP_MEM:PID:11368/145.5MB TOP_CPU:PID:18188/3.9% SYS_CPU:4%-WD:3.9% SYS_MEM:14.2/32GB(44.4%)-WD:16GB(50%) TRACKING:0 SPIKES:27 KILLS:0
2026-08-13 10:10:09   DIST CPU_IDLE(<1%):215 CPU_NORMAL(1-25%):1 CPU_HOT(>=25%):0
2026-08-13 10:15:09 HEARTBEAT PROCS:229 TOP_MEM:PID:11368/146.8MB TOP_CPU:PID:572/0% SYS_CPU:10%-WD:0% SYS_MEM:14.6/32GB(45.6%)-WD:16.6GB(51.9%) TRACKING:0 SPIKES:3 KILLS:0
2026-08-13 10:15:09   DIST CPU_IDLE(<1%):229 CPU_NORMAL(1-25%):0 CPU_HOT(>=25%):0
2026-08-13 10:20:11 HEARTBEAT PROCS:239 TOP_MEM:PID:7016/163.3MB TOP_CPU:PID:14808/0% SYS_CPU:8%-WD:0% SYS_MEM:15.2/32GB(47.5%)-WD:17.4GB(54.4%) TRACKING:0 SPIKES:37 KILLS:0
2026-08-13 10:20:11   DIST CPU_IDLE(<1%):239 CPU_NORMAL(1-25%):0 CPU_HOT(>=25%):0
2026-08-13 10:25:12 HEARTBEAT PROCS:273 TOP_MEM:PID:7016/163.4MB TOP_CPU:PID:11088/2.6% SYS_CPU:10%-WD:6.3% SYS_MEM:15.9/32GB(49.7%)-WD:18.7GB(58.4%) TRACKING:0 SPIKES:33 KILLS:0
2026-08-13 10:25:12   DIST CPU_IDLE(<1%):270 CPU_NORMAL(1-25%):3 CPU_HOT(>=25%):0
2026-08-13 10:30:02 KILLING PID:13460 MEM:10922.8MB CPU:12.4 REASON:MEMORY AGE:1h32m (IMMEDIATE)
2026-08-13 10:30:02   DETAIL PID:13460 SAMPLES:60 SPIKES:3 PEAK_CPU:% PEAK_MEM:MB
2026-08-13 10:30:02   SAMPLE PID:13460 TIME:10:24:38 CPU:0% MEM:106.4MB
2026-08-13 10:30:02   SAMPLE PID:13460 TIME:10:24:43 CPU:0% MEM:106.4MB
2026-08-13 10:30:02   SAMPLE PID:13460 TIME:10:24:49 CPU:0% MEM:106.4MB
2026-08-13 10:30:02   SAMPLE PID:13460 TIME:10:24:54 CPU:0% MEM:106.4MB
2026-08-13 10:30:02   SAMPLE PID:13460 TIME:10:25:00 CPU:0% MEM:106.4MB
2026-08-13 10:30:02   SAMPLE PID:13460 TIME:10:25:05 CPU:0% MEM:106.4MB
2026-08-13 10:30:02   SAMPLE PID:13460 TIME:10:25:11 CPU:0% MEM:106.4MB
2026-08-13 10:30:02   SAMPLE PID:13460 TIME:10:25:17 CPU:0% MEM:106.4MB
2026-08-13 10:30:02   SAMPLE PID:13460 TIME:10:25:23 CPU:0% MEM:106.4MB
2026-08-13 10:30:02   SAMPLE PID:13460 TIME:10:25:28 CPU:0% MEM:106.4MB
2026-08-13 10:30:02   SAMPLE PID:13460 TIME:10:25:34 CPU:0% MEM:106.4MB
2026-08-13 10:30:02   SAMPLE PID:13460 TIME:10:25:39 CPU:0% MEM:106.4MB
2026-08-13 10:30:02   SAMPLE PID:13460 TIME:10:25:45 CPU:0% MEM:106.4MB
2026-08-13 10:30:02   SAMPLE PID:13460 TIME:10:25:50 CPU:0% MEM:106.4MB
2026-08-13 10:30:02   SAMPLE PID:13460 TIME:10:25:56 CPU:0% MEM:106.4MB
2026-08-13 10:30:02   SAMPLE PID:13460 TIME:10:26:01 CPU:0% MEM:106.4MB
2026-08-13 10:30:02   SAMPLE PID:13460 TIME:10:26:07 CPU:0% MEM:106.4MB
2026-08-13 10:30:02   SAMPLE PID:13460 TIME:10:26:12 CPU:0% MEM:106.4MB
2026-08-13 10:30:02   SAMPLE PID:13460 TIME:10:26:18 CPU:0% MEM:106.4MB
2026-08-13 10:30:02   SAMPLE PID:13460 TIME:10:26:23 CPU:0% MEM:106.4MB
2026-08-13 10:30:02   SAMPLE PID:13460 TIME:10:26:29 CPU:0% MEM:106.4MB
2026-08-13 10:30:02   SAMPLE PID:13460 TIME:10:26:34 CPU:0% MEM:106.4MB
2026-08-13 10:30:02   SAMPLE PID:13460 TIME:10:26:39 CPU:0% MEM:106.4MB
2026-08-13 10:30:02   SAMPLE PID:13460 TIME:10:26:45 CPU:0% MEM:106.4MB
2026-08-13 10:30:02   SAMPLE PID:13460 TIME:10:26:50 CPU:0% MEM:106.4MB
2026-08-13 10:30:02   SAMPLE PID:13460 TIME:10:26:56 CPU:0% MEM:106.4MB
2026-08-13 10:30:02   SAMPLE PID:13460 TIME:10:27:01 CPU:0% MEM:106.4MB
2026-08-13 10:30:02   SAMPLE PID:13460 TIME:10:27:07 CPU:0% MEM:106.4MB
2026-08-13 10:30:02   SAMPLE PID:13460 TIME:10:27:12 CPU:0% MEM:106.4MB
2026-08-13 10:30:02   SAMPLE PID:13460 TIME:10:27:18 CPU:0% MEM:106.4MB
2026-08-13 10:30:02   SAMPLE PID:13460 TIME:10:27:23 CPU:0% MEM:106.4MB
2026-08-13 10:30:02   SAMPLE PID:13460 TIME:10:27:29 CPU:0% MEM:106.4MB
2026-08-13 10:30:02   SAMPLE PID:13460 TIME:10:27:34 CPU:0% MEM:106.4MB
2026-08-13 10:30:02   SAMPLE PID:13460 TIME:10:27:40 CPU:0% MEM:106.4MB
2026-08-13 10:30:02   SAMPLE PID:13460 TIME:10:27:45 CPU:0% MEM:106.4MB
2026-08-13 10:30:02   SAMPLE PID:13460 TIME:10:27:51 CPU:0% MEM:106.4MB
2026-08-13 10:30:02   SAMPLE PID:13460 TIME:10:27:56 CPU:0% MEM:106.4MB
2026-08-13 10:30:02   SAMPLE PID:13460 TIME:10:28:01 CPU:0% MEM:106.4MB
2026-08-13 10:30:02   SAMPLE PID:13460 TIME:10:28:07 CPU:0% MEM:106.4MB
2026-08-13 10:30:02   SAMPLE PID:13460 TIME:10:28:12 CPU:0.6% MEM:107.5MB
2026-08-13 10:30:02   SAMPLE PID:13460 TIME:10:28:18 CPU:0% MEM:112.5MB
2026-08-13 10:30:02   SAMPLE PID:13460 TIME:10:28:23 CPU:0% MEM:112.5MB
2026-08-13 10:30:02   SAMPLE PID:13460 TIME:10:28:29 CPU:0% MEM:117.2MB
2026-08-13 10:30:02   SAMPLE PID:13460 TIME:10:28:34 CPU:0% MEM:117.2MB
2026-08-13 10:30:02   SAMPLE PID:13460 TIME:10:28:40 CPU:0% MEM:117.5MB
2026-08-13 10:30:02   SAMPLE PID:13460 TIME:10:28:45 CPU:0% MEM:117.5MB
2026-08-13 10:30:02   SAMPLE PID:13460 TIME:10:28:51 CPU:0% MEM:117.5MB
2026-08-13 10:30:02   SAMPLE PID:13460 TIME:10:28:56 CPU:0.6% MEM:117.5MB
2026-08-13 10:30:02   SAMPLE PID:13460 TIME:10:29:02 CPU:0% MEM:117.5MB
2026-08-13 10:30:02   SAMPLE PID:13460 TIME:10:29:07 CPU:0% MEM:117.5MB
2026-08-13 10:30:02   SAMPLE PID:13460 TIME:10:29:12 CPU:0% MEM:117.7MB
2026-08-13 10:30:02   SAMPLE PID:13460 TIME:10:29:18 CPU:4% MEM:117.7MB
2026-08-13 10:30:02   SAMPLE PID:13460 TIME:10:29:23 CPU:0% MEM:117.9MB
2026-08-13 10:30:02   SAMPLE PID:13460 TIME:10:29:29 CPU:0% MEM:104MB
2026-08-13 10:30:02   SAMPLE PID:13460 TIME:10:29:34 CPU:0% MEM:104MB
2026-08-13 10:30:02   SAMPLE PID:13460 TIME:10:29:40 CPU:0% MEM:104.9MB
2026-08-13 10:30:02   SAMPLE PID:13460 TIME:10:29:45 CPU:0% MEM:107.4MB
2026-08-13 10:30:02   SAMPLE PID:13460 TIME:10:29:51 CPU:0% MEM:107.4MB
2026-08-13 10:30:02   SAMPLE PID:13460 TIME:10:29:56 CPU:0% MEM:107.4MB
2026-08-13 10:30:02   SAMPLE PID:13460 TIME:10:30:02 CPU:12.4% MEM:10922.8MB
2026-08-13 10:30:02 KILLED PID:13460
2026-08-13 10:30:14 HEARTBEAT PROCS:272 TOP_MEM:PID:7424/184.1MB TOP_CPU:PID:8676/2.6% SYS_CPU:13%-WD:2.6% SYS_MEM:16.4/32GB(51.2%)-WD:19.2GB(60%) TRACKING:0 SPIKES:19 KILLS:1
2026-08-13 10:30:14   DIST CPU_IDLE(<1%):271 CPU_NORMAL(1-25%):1 CPU_HOT(>=25%):0
2026-08-13 10:35:18 HEARTBEAT PROCS:275 TOP_MEM:PID:7424/185.8MB TOP_CPU:PID:3596/0% SYS_CPU:8%-WD:0% SYS_MEM:16.2/32GB(50.6%)-WD:19.1GB(59.7%) TRACKING:0 SPIKES:139 KILLS:0
2026-08-13 10:35:18   DIST CPU_IDLE(<1%):275 CPU_NORMAL(1-25%):0 CPU_HOT(>=25%):0
2026-08-13 10:40:21 HEARTBEAT PROCS:281 TOP_MEM:PID:14208/516.1MB TOP_CPU:PID:4984/0.5% SYS_CPU:20%-WD:1.5% SYS_MEM:17.1/32GB(53.4%)-WD:20.2GB(63.1%) TRACKING:0 SPIKES:5 KILLS:0
2026-08-13 10:40:21   DIST CPU_IDLE(<1%):281 CPU_NORMAL(1-25%):0 CPU_HOT(>=25%):0
2026-08-13 10:45:24 HEARTBEAT PROCS:256 TOP_MEM:PID:14208/516.1MB TOP_CPU:PID:1008/71% SYS_CPU:5%-WD:186.2% SYS_MEM:16.4/32GB(51.2%)-WD:19GB(59.4%) TRACKING:2 SPIKES:4 KILLS:0
2026-08-13 10:45:24   DIST CPU_IDLE(<1%):231 CPU_NORMAL(1-25%):23 CPU_HOT(>=25%):2
2026-08-13 10:50:27 HEARTBEAT PROCS:265 TOP_MEM:PID:14208/516.1MB TOP_CPU:PID:10048/2.6% SYS_CPU:4%-WD:3.8% SYS_MEM:16.6/32GB(51.9%)-WD:19.3GB(60.3%) TRACKING:0 SPIKES:2 KILLS:0
2026-08-13 10:50:27   DIST CPU_IDLE(<1%):263 CPU_NORMAL(1-25%):2 CPU_HOT(>=25%):0
2026-08-13 10:55:29 HEARTBEAT PROCS:271 TOP_MEM:PID:14208/516.1MB TOP_CPU:PID:9640/0% SYS_CPU:2%-WD:0% SYS_MEM:16.6/32GB(51.9%)-WD:19.5GB(60.9%) TRACKING:0 SPIKES:17 KILLS:0
2026-08-13 10:55:29   DIST CPU_IDLE(<1%):271 CPU_NORMAL(1-25%):0 CPU_HOT(>=25%):0
2026-08-13 10:55:52 KILLING PID:17248 MEM:5676.5MB CPU:12.4 REASON:MEMORY AGE:4m (IMMEDIATE)
2026-08-13 10:55:52   DETAIL PID:17248 SAMPLES:15 SPIKES:3 PEAK_CPU:% PEAK_MEM:MB
2026-08-13 10:55:52   SAMPLE PID:17248 TIME:10:54:34 CPU:0% MEM:81.2MB
2026-08-13 10:55:52   SAMPLE PID:17248 TIME:10:54:39 CPU:0% MEM:81.2MB
2026-08-13 10:55:52   SAMPLE PID:17248 TIME:10:54:44 CPU:0% MEM:81.2MB
2026-08-13 10:55:52   SAMPLE PID:17248 TIME:10:54:50 CPU:0% MEM:81.2MB
2026-08-13 10:55:52   SAMPLE PID:17248 TIME:10:54:55 CPU:0% MEM:81.2MB
2026-08-13 10:55:52   SAMPLE PID:17248 TIME:10:55:01 CPU:0% MEM:81.2MB
2026-08-13 10:55:52   SAMPLE PID:17248 TIME:10:55:06 CPU:0% MEM:81.2MB
2026-08-13 10:55:52   SAMPLE PID:17248 TIME:10:55:12 CPU:0% MEM:81.2MB
2026-08-13 10:55:52   SAMPLE PID:17248 TIME:10:55:17 CPU:0% MEM:81.2MB
2026-08-13 10:55:52   SAMPLE PID:17248 TIME:10:55:23 CPU:0% MEM:81.2MB
2026-08-13 10:55:52   SAMPLE PID:17248 TIME:10:55:28 CPU:0% MEM:88.8MB
2026-08-13 10:55:52   SAMPLE PID:17248 TIME:10:55:35 CPU:0% MEM:90.6MB
2026-08-13 10:55:52   SAMPLE PID:17248 TIME:10:55:40 CPU:0% MEM:90.8MB
2026-08-13 10:55:52   SAMPLE PID:17248 TIME:10:55:46 CPU:0% MEM:90.8MB
2026-08-13 10:55:52   SAMPLE PID:17248 TIME:10:55:52 CPU:12.4% MEM:5676.5MB
2026-08-13 10:55:52 KILLED PID:17248
2026-08-13 11:00:33 HEARTBEAT PROCS:289 TOP_MEM:PID:14208/516.1MB TOP_CPU:PID:16684/3.8% SYS_CPU:10%-WD:4.4% SYS_MEM:17.1/32GB(53.4%)-WD:20.3GB(63.4%) TRACKING:0 SPIKES:24 KILLS:1
2026-08-13 11:00:33   DIST CPU_IDLE(<1%):288 CPU_NORMAL(1-25%):1 CPU_HOT(>=25%):0
2026-08-13 11:05:36 HEARTBEAT PROCS:246 TOP_MEM:PID:10500/176.4MB TOP_CPU:PID:18220/2.6% SYS_CPU:2%-WD:2.6% SYS_MEM:15.9/32GB(49.7%)-WD:18.3GB(57.2%) TRACKING:0 SPIKES:21 KILLS:0
2026-08-13 11:05:36   DIST CPU_IDLE(<1%):245 CPU_NORMAL(1-25%):1 CPU_HOT(>=25%):0
2026-08-13 11:10:37 HEARTBEAT PROCS:235 TOP_MEM:PID:10500/176.4MB TOP_CPU:PID:14808/0% SYS_CPU:1%-WD:0% SYS_MEM:15.5/32GB(48.4%)-WD:17.6GB(55%) TRACKING:0 SPIKES:0 KILLS:0
2026-08-13 11:10:37   DIST CPU_IDLE(<1%):235 CPU_NORMAL(1-25%):0 CPU_HOT(>=25%):0
2026-08-13 11:15:38 HEARTBEAT PROCS:250 TOP_MEM:PID:13052/206.1MB TOP_CPU:PID:11508/1.9% SYS_CPU:5%-WD:1.9% SYS_MEM:15.9/32GB(49.7%)-WD:18.2GB(56.9%) TRACKING:0 SPIKES:12 KILLS:0
2026-08-13 11:15:38   DIST CPU_IDLE(<1%):249 CPU_NORMAL(1-25%):1 CPU_HOT(>=25%):0
2026-08-13 11:20:41 HEARTBEAT PROCS:285 TOP_MEM:PID:13052/206.1MB TOP_CPU:PID:7628/144.9% SYS_CPU:4%-WD:550.5% SYS_MEM:16.5/32GB(51.6%)-WD:19.5GB(60.9%) TRACKING:8 SPIKES:21 KILLS:0
2026-08-13 11:20:41   DIST CPU_IDLE(<1%):241 CPU_NORMAL(1-25%):36 CPU_HOT(>=25%):8
2026-08-13 11:25:43 HEARTBEAT PROCS:222 TOP_MEM:PID:13052/203.9MB TOP_CPU:PID:9576/1.2% SYS_CPU:1%-WD:1.2% SYS_MEM:15.2/32GB(47.5%)-WD:17.1GB(53.4%) TRACKING:0 SPIKES:14 KILLS:0
2026-08-13 11:25:43   DIST CPU_IDLE(<1%):221 CPU_NORMAL(1-25%):1 CPU_HOT(>=25%):0
2026-08-13 11:30:44 HEARTBEAT PROCS:258 TOP_MEM:PID:13052/211.8MB TOP_CPU:PID:2544/2.6% SYS_CPU:2%-WD:2.6% SYS_MEM:16.1/32GB(50.3%)-WD:18.6GB(58.1%) TRACKING:0 SPIKES:15 KILLS:0
2026-08-13 11:30:44   DIST CPU_IDLE(<1%):257 CPU_NORMAL(1-25%):1 CPU_HOT(>=25%):0
2026-08-13 11:35:46 HEARTBEAT PROCS:239 TOP_MEM:PID:11368/163.9MB TOP_CPU:PID:4380/59.1% SYS_CPU:4%-WD:401.2% SYS_MEM:15.6/32GB(48.8%)-WD:17.7GB(55.3%) TRACKING:7 SPIKES:12 KILLS:0
2026-08-13 11:35:46   DIST CPU_IDLE(<1%):209 CPU_NORMAL(1-25%):23 CPU_HOT(>=25%):7
2026-08-13 11:40:47 HEARTBEAT PROCS:259 TOP_MEM:PID:11368/163.9MB TOP_CPU:PID:2944/0% SYS_CPU:7%-WD:0% SYS_MEM:16.1/32GB(50.3%)-WD:18.6GB(58.1%) TRACKING:0 SPIKES:27 KILLS:0
2026-08-13 11:40:47   DIST CPU_IDLE(<1%):259 CPU_NORMAL(1-25%):0 CPU_HOT(>=25%):0
2026-08-13 11:44:32 KILLING PID:6924 MEM:14059.8MB CPU:12.2 REASON:MEMORY AGE:1h14m (IMMEDIATE)
2026-08-13 11:44:32   DETAIL PID:6924 SAMPLES:9 SPIKES:3 PEAK_CPU:% PEAK_MEM:MB
2026-08-13 11:44:32   SAMPLE PID:6924 TIME:11:43:37 CPU:0% MEM:108MB
2026-08-13 11:44:32   SAMPLE PID:6924 TIME:11:43:43 CPU:0% MEM:108MB
2026-08-13 11:44:32   SAMPLE PID:6924 TIME:11:43:48 CPU:0% MEM:108MB
2026-08-13 11:44:32   SAMPLE PID:6924 TIME:11:43:54 CPU:0% MEM:107.5MB
2026-08-13 11:44:32   SAMPLE PID:6924 TIME:11:43:59 CPU:0% MEM:107.5MB
2026-08-13 11:44:32   SAMPLE PID:6924 TIME:11:44:05 CPU:0% MEM:107.5MB
2026-08-13 11:44:32   SAMPLE PID:6924 TIME:11:44:10 CPU:0% MEM:107.5MB
2026-08-13 11:44:32   SAMPLE PID:6924 TIME:11:44:16 CPU:0% MEM:107.5MB
2026-08-13 11:44:32   SAMPLE PID:6924 TIME:11:44:32 CPU:12.2% MEM:14059.8MB
2026-08-13 11:44:32 KILLED PID:6924
2026-08-13 11:45:51 HEARTBEAT PROCS:264 TOP_MEM:PID:11368/161.1MB TOP_CPU:PID:16628/198% SYS_CPU:2%-WD:794.0% SYS_MEM:14.7/32GB(45.9%)-WD:17.7GB(55.3%) TRACKING:8 SPIKES:69 KILLS:1
2026-08-13 11:45:51   DIST CPU_IDLE(<1%):222 CPU_NORMAL(1-25%):34 CPU_HOT(>=25%):8
2026-08-13 11:50:52 HEARTBEAT PROCS:235 TOP_MEM:PID:11368/161.1MB TOP_CPU:PID:16964/0.6% SYS_CPU:2%-WD:0.6% SYS_MEM:14.2/32GB(44.4%)-WD:16.8GB(52.5%) TRACKING:0 SPIKES:6 KILLS:0
2026-08-13 11:50:52   DIST CPU_IDLE(<1%):235 CPU_NORMAL(1-25%):0 CPU_HOT(>=25%):0
2026-08-13 11:55:54 HEARTBEAT PROCS:251 TOP_MEM:PID:11876/136.7MB TOP_CPU:PID:3544/4% SYS_CPU:10%-WD:4% SYS_MEM:14.5/32GB(45.3%)-WD:17.3GB(54.1%) TRACKING:0 SPIKES:13 KILLS:0
2026-08-13 11:55:54   DIST CPU_IDLE(<1%):250 CPU_NORMAL(1-25%):1 CPU_HOT(>=25%):0
2026-08-13 12:00:55 HEARTBEAT PROCS:223 TOP_MEM:PID:5004/163.6MB TOP_CPU:PID:11816/3.2% SYS_CPU:14%-WD:3.8% SYS_MEM:14.1/32GB(44.1%)-WD:16.4GB(51.2%) TRACKING:0 SPIKES:10 KILLS:0
2026-08-13 12:00:55   DIST CPU_IDLE(<1%):222 CPU_NORMAL(1-25%):1 CPU_HOT(>=25%):0
2026-08-13 12:05:56 HEARTBEAT PROCS:254 TOP_MEM:PID:5004/163.6MB TOP_CPU:PID:11356/1.9% SYS_CPU:10%-WD:4.4% SYS_MEM:14.7/32GB(45.9%)-WD:17.6GB(55%) TRACKING:0 SPIKES:27 KILLS:0
2026-08-13 12:05:56   DIST CPU_IDLE(<1%):252 CPU_NORMAL(1-25%):2 CPU_HOT(>=25%):0
2026-08-13 12:10:58 HEARTBEAT PROCS:247 TOP_MEM:PID:5004/163.6MB TOP_CPU:PID:14092/3.9% SYS_CPU:5%-WD:5.8% SYS_MEM:15/32GB(46.9%)-WD:17.7GB(55.3%) TRACKING:0 SPIKES:0 KILLS:0
2026-08-13 12:10:58   DIST CPU_IDLE(<1%):245 CPU_NORMAL(1-25%):2 CPU_HOT(>=25%):0
2026-08-13 12:16:00 HEARTBEAT PROCS:245 TOP_MEM:PID:8048/153MB TOP_CPU:PID:4772/2.8% SYS_CPU:4%-WD:3.4% SYS_MEM:15/32GB(46.9%)-WD:17.7GB(55.3%) TRACKING:0 SPIKES:11 KILLS:0
2026-08-13 12:16:00   DIST CPU_IDLE(<1%):244 CPU_NORMAL(1-25%):1 CPU_HOT(>=25%):0
2026-08-13 12:21:01 HEARTBEAT PROCS:266 TOP_MEM:PID:8048/153MB TOP_CPU:PID:3600/0% SYS_CPU:7%-WD:0% SYS_MEM:15.3/32GB(47.8%)-WD:18.3GB(57.2%) TRACKING:0 SPIKES:13 KILLS:0
2026-08-13 12:21:01   DIST CPU_IDLE(<1%):266 CPU_NORMAL(1-25%):0 CPU_HOT(>=25%):0
2026-08-13 12:26:04 HEARTBEAT PROCS:290 TOP_MEM:PID:8048/153MB TOP_CPU:PID:4908/6.1% SYS_CPU:1%-WD:9.1% SYS_MEM:15.8/32GB(49.4%)-WD:19.2GB(60%) TRACKING:0 SPIKES:12 KILLS:0
2026-08-13 12:26:04   DIST CPU_IDLE(<1%):288 CPU_NORMAL(1-25%):2 CPU_HOT(>=25%):0
2026-08-13 12:31:08 HEARTBEAT PROCS:272 TOP_MEM:PID:8048/153MB TOP_CPU:PID:16176/3.9% SYS_CPU:10%-WD:6.5% SYS_MEM:15.9/32GB(49.7%)-WD:19.1GB(59.7%) TRACKING:0 SPIKES:39 KILLS:0
2026-08-13 12:31:08   DIST CPU_IDLE(<1%):270 CPU_NORMAL(1-25%):2 CPU_HOT(>=25%):0
2026-08-13 12:36:10 HEARTBEAT PROCS:241 TOP_MEM:PID:11876/159.9MB TOP_CPU:PID:6168/0% SYS_CPU:0%-WD:0% SYS_MEM:14.8/32GB(46.2%)-WD:17.5GB(54.7%) TRACKING:0 SPIKES:47 KILLS:0
2026-08-13 12:36:10   DIST CPU_IDLE(<1%):241 CPU_NORMAL(1-25%):0 CPU_HOT(>=25%):0
2026-08-13 12:41:11 HEARTBEAT PROCS:221 TOP_MEM:PID:3544/148MB TOP_CPU:PID:15000/0.6% SYS_CPU:4%-WD:0.6% SYS_MEM:14.1/32GB(44.1%)-WD:16.5GB(51.6%) TRACKING:0 SPIKES:105 KILLS:0
2026-08-13 12:41:11   DIST CPU_IDLE(<1%):221 CPU_NORMAL(1-25%):0 CPU_HOT(>=25%):0
2026-08-13 12:46:11 HEARTBEAT PROCS:234 TOP_MEM:PID:3544/148MB TOP_CPU:PID:14616/9.1% SYS_CPU:2%-WD:25.4% SYS_MEM:14.5/32GB(45.3%)-WD:17GB(53.1%) TRACKING:0 SPIKES:0 KILLS:0
2026-08-13 12:46:11   DIST CPU_IDLE(<1%):231 CPU_NORMAL(1-25%):3 CPU_HOT(>=25%):0
2026-08-13 12:51:12 HEARTBEAT PROCS:255 TOP_MEM:PID:3544/148MB TOP_CPU:PID:5832/3.2% SYS_CPU:5%-WD:6.3% SYS_MEM:15.2/32GB(47.5%)-WD:17.8GB(55.6%) TRACKING:0 SPIKES:11 KILLS:0
2026-08-13 12:51:12   DIST CPU_IDLE(<1%):252 CPU_NORMAL(1-25%):3 CPU_HOT(>=25%):0
2026-08-13 12:56:14 HEARTBEAT PROCS:231 TOP_MEM:PID:11876/160MB TOP_CPU:PID:14796/0.6% SYS_CPU:10%-WD:0.6% SYS_MEM:14.6/32GB(45.6%)-WD:17GB(53.1%) TRACKING:0 SPIKES:60 KILLS:0
2026-08-13 12:56:14   DIST CPU_IDLE(<1%):231 CPU_NORMAL(1-25%):0 CPU_HOT(>=25%):0
2026-08-13 13:01:16 HEARTBEAT PROCS:237 TOP_MEM:PID:11876/160MB TOP_CPU:PID:1660/0.6% SYS_CPU:2%-WD:0.6% SYS_MEM:14.5/32GB(45.3%)-WD:17.2GB(53.8%) TRACKING:0 SPIKES:37 KILLS:0
2026-08-13 13:01:16   DIST CPU_IDLE(<1%):237 CPU_NORMAL(1-25%):0 CPU_HOT(>=25%):0
2026-08-13 13:06:17 HEARTBEAT PROCS:259 TOP_MEM:PID:11876/160MB TOP_CPU:PID:3600/0% SYS_CPU:5%-WD:0% SYS_MEM:14.7/32GB(45.9%)-WD:17.8GB(55.6%) TRACKING:0 SPIKES:7 KILLS:0
2026-08-13 13:06:17   DIST CPU_IDLE(<1%):259 CPU_NORMAL(1-25%):0 CPU_HOT(>=25%):0
2026-08-13 13:11:18 HEARTBEAT PROCS:222 TOP_MEM:PID:11876/160MB TOP_CPU:PID:1660/1.9% SYS_CPU:2%-WD:1.9% SYS_MEM:13.9/32GB(43.4%)-WD:16.3GB(50.9%) TRACKING:0 SPIKES:11 KILLS:0
2026-08-13 13:11:18   DIST CPU_IDLE(<1%):221 CPU_NORMAL(1-25%):1 CPU_HOT(>=25%):0
2026-08-13 13:16:20 HEARTBEAT PROCS:238 TOP_MEM:PID:11876/160MB TOP_CPU:PID:17664/3.9% SYS_CPU:5%-WD:3.9% SYS_MEM:14.3/32GB(44.7%)-WD:16.9GB(52.8%) TRACKING:0 SPIKES:65 KILLS:0
2026-08-13 13:16:20   DIST CPU_IDLE(<1%):237 CPU_NORMAL(1-25%):1 CPU_HOT(>=25%):0
2026-08-13 13:21:20 HEARTBEAT PROCS:223 TOP_MEM:PID:11876/160MB TOP_CPU:PID:1660/1.2% SYS_CPU:5%-WD:1.2% SYS_MEM:13.7/32GB(42.8%)-WD:16.1GB(50.3%) TRACKING:0 SPIKES:15 KILLS:0
2026-08-13 13:21:20   DIST CPU_IDLE(<1%):222 CPU_NORMAL(1-25%):1 CPU_HOT(>=25%):0
2026-08-13 13:26:22 HEARTBEAT PROCS:239 TOP_MEM:PID:11872/163.6MB TOP_CPU:PID:2244/1.9% SYS_CPU:2%-WD:2.5% SYS_MEM:14.5/32GB(45.3%)-WD:17.1GB(53.4%) TRACKING:0 SPIKES:20 KILLS:0
2026-08-13 13:26:22   DIST CPU_IDLE(<1%):238 CPU_NORMAL(1-25%):1 CPU_HOT(>=25%):0
2026-08-13 13:31:25 HEARTBEAT PROCS:268 TOP_MEM:PID:11872/163.7MB TOP_CPU:PID:10464/3.2% SYS_CPU:2%-WD:3.2% SYS_MEM:15.3/32GB(47.8%)-WD:18.5GB(57.8%) TRACKING:0 SPIKES:50 KILLS:0
2026-08-13 13:31:25   DIST CPU_IDLE(<1%):267 CPU_NORMAL(1-25%):1 CPU_HOT(>=25%):0
2026-08-13 13:36:27 HEARTBEAT PROCS:265 TOP_MEM:PID:11876/160MB TOP_CPU:PID:10388/2.6% SYS_CPU:7%-WD:4.5% SYS_MEM:14.8/32GB(46.2%)-WD:17.9GB(55.9%) TRACKING:0 SPIKES:72 KILLS:0
2026-08-13 13:36:27   DIST CPU_IDLE(<1%):263 CPU_NORMAL(1-25%):2 CPU_HOT(>=25%):0
2026-08-13 13:41:28 HEARTBEAT PROCS:230 TOP_MEM:PID:11876/160MB TOP_CPU:PID:2244/0.6% SYS_CPU:4%-WD:0.6% SYS_MEM:13.8/32GB(43.1%)-WD:16.3GB(50.9%) TRACKING:0 SPIKES:9 KILLS:0
2026-08-13 13:41:28   DIST CPU_IDLE(<1%):230 CPU_NORMAL(1-25%):0 CPU_HOT(>=25%):0
2026-08-13 13:46:30 HEARTBEAT PROCS:271 TOP_MEM:PID:11876/160MB TOP_CPU:PID:17244/0% SYS_CPU:0%-WD:0% SYS_MEM:14.6/32GB(45.6%)-WD:17.7GB(55.3%) TRACKING:0 SPIKES:17 KILLS:0
2026-08-13 13:46:30   DIST CPU_IDLE(<1%):271 CPU_NORMAL(1-25%):0 CPU_HOT(>=25%):0
2026-08-13 13:51:34 HEARTBEAT PROCS:274 TOP_MEM:PID:11876/160MB TOP_CPU:PID:12548/12.4% SYS_CPU:11%-WD:16.2% SYS_MEM:15/32GB(46.9%)-WD:18.2GB(56.9%) TRACKING:0 SPIKES:14 KILLS:0
2026-08-13 13:51:34   DIST CPU_IDLE(<1%):272 CPU_NORMAL(1-25%):2 CPU_HOT(>=25%):0
2026-08-13 13:56:36 HEARTBEAT PROCS:258 TOP_MEM:PID:11876/160MB TOP_CPU:PID:5288/0% SYS_CPU:28%-WD:0% SYS_MEM:14.9/32GB(46.6%)-WD:17.5GB(54.7%) TRACKING:0 SPIKES:90 KILLS:0
2026-08-13 13:56:36   DIST CPU_IDLE(<1%):258 CPU_NORMAL(1-25%):0 CPU_HOT(>=25%):0
2026-08-13 13:56:36   NON_WD_SPIKE SYS_CPU:28% WD_CPU:0% GAP:28%
2026-08-13 13:56:37   NON_WD PID:18320 NAME:chrome#11 CPU:5.5% MEM:51.1MB CMD:"C:\Program Files\Google\Chrome\Application\chrome.exe" --type=renderer --top-chrome-webui --noerrdialogs --user-data-di...
2026-08-13 13:56:37   NON_WD PID:8408 NAME:chrome#9 CPU:4.8% MEM:18.1MB CMD:"C:\Program Files\Google\Chrome\Application\chrome.exe" --type=renderer --noerrdialogs --user-data-dir="C:\Windows\TEMP\...
2026-08-13 13:56:37   NON_WD PID:8032 NAME:wd280admin#1 CPU:2% MEM:15.6MB CMD:"C:\WEBDEV 28\wd280admin.exe" /INTERFONLY
2026-08-13 13:56:37   NON_WD PID:5228 NAME:WmiPrvSE CPU:1.4% MEM:6.2MB CMD:C:\Windows\system32\wbem\wmiprvse.exe
2026-08-13 13:56:37   NON_WD PID:3580 NAME:MsMpEng CPU:1.4% MEM:152.2MB CMD:
2026-08-13 13:56:37   NON_WD PID:2848 NAME:svchost#28 CPU:0% MEM:1MB CMD:C:\Windows\system32\svchost.exe -k netsvcs -p -s UserManager
2026-08-13 13:56:37   NON_WD PID:2892 NAME:svchost#29 CPU:0% MEM:0.6MB CMD:C:\Windows\system32\svchost.exe -k netsvcs -s CertPropSvc
2026-08-13 13:56:37   NON_WD PID:2960 NAME:svchost#30 CPU:0% MEM:0.7MB CMD:C:\Windows\System32\svchost.exe -k netsvcs -p -s SessionEnv
2026-08-13 13:56:37   NON_WD PID:2608 NAME:svchost#27 CPU:0% MEM:0.7MB CMD:C:\Windows\System32\svchost.exe -k LocalSystemNetworkRestricted -p -s UmRdpService
2026-08-13 13:56:37   NON_WD PID:2356 NAME:svchost#24 CPU:0% MEM:0.5MB CMD:C:\Windows\system32\svchost.exe -k LocalService -p -s DispBrokerDesktopSvc
2026-08-13 14:01:39 HEARTBEAT PROCS:252 TOP_MEM:PID:11876/160MB TOP_CPU:PID:7064/0.6% SYS_CPU:7%-WD:1.2% SYS_MEM:14.5/32GB(45.3%)-WD:17.3GB(54.1%) TRACKING:0 SPIKES:7 KILLS:0
2026-08-13 14:01:39   DIST CPU_IDLE(<1%):252 CPU_NORMAL(1-25%):0 CPU_HOT(>=25%):0
2026-08-13 14:06:41 HEARTBEAT PROCS:245 TOP_MEM:PID:16176/160.9MB TOP_CPU:PID:7248/0.6% SYS_CPU:1%-WD:1.2% SYS_MEM:14.6/32GB(45.6%)-WD:17.4GB(54.4%) TRACKING:0 SPIKES:16 KILLS:0
2026-08-13 14:06:41   DIST CPU_IDLE(<1%):245 CPU_NORMAL(1-25%):0 CPU_HOT(>=25%):0
2026-08-13 14:11:42 HEARTBEAT PROCS:236 TOP_MEM:PID:11972/162.4MB TOP_CPU:PID:11020/0.6% SYS_CPU:7%-WD:0.6% SYS_MEM:14.6/32GB(45.6%)-WD:17.3GB(54.1%) TRACKING:0 SPIKES:0 KILLS:0
2026-08-13 14:11:42   DIST CPU_IDLE(<1%):236 CPU_NORMAL(1-25%):0 CPU_HOT(>=25%):0
2026-08-13 14:16:42 HEARTBEAT PROCS:221 TOP_MEM:PID:11972/162.4MB TOP_CPU:PID:5896/5.9% SYS_CPU:2%-WD:5.9% SYS_MEM:14/32GB(43.8%)-WD:16.5GB(51.6%) TRACKING:0 SPIKES:10 KILLS:0
2026-08-13 14:16:42   DIST CPU_IDLE(<1%):220 CPU_NORMAL(1-25%):1 CPU_HOT(>=25%):0
2026-08-13 14:21:43 HEARTBEAT PROCS:215 TOP_MEM:PID:16176/160.9MB TOP_CPU:PID:17596/1.4% SYS_CPU:2%-WD:2.8% SYS_MEM:14/32GB(43.8%)-WD:16.3GB(50.9%) TRACKING:0 SPIKES:8 KILLS:0
2026-08-13 14:21:43   DIST CPU_IDLE(<1%):213 CPU_NORMAL(1-25%):2 CPU_HOT(>=25%):0
2026-08-13 14:26:43 HEARTBEAT PROCS:245 TOP_MEM:PID:16176/160.9MB TOP_CPU:PID:2940/2.6% SYS_CPU:5%-WD:2.6% SYS_MEM:14.8/32GB(46.2%)-WD:17.6GB(55%) TRACKING:0 SPIKES:0 KILLS:0
2026-08-13 14:26:43   DIST CPU_IDLE(<1%):244 CPU_NORMAL(1-25%):1 CPU_HOT(>=25%):0
2026-08-13 14:31:45 HEARTBEAT PROCS:264 TOP_MEM:PID:16176/160.9MB TOP_CPU:PID:8068/1.2% SYS_CPU:2%-WD:1.8% SYS_MEM:15.2/32GB(47.5%)-WD:18.4GB(57.5%) TRACKING:0 SPIKES:65 KILLS:0
2026-08-13 14:31:45   DIST CPU_IDLE(<1%):263 CPU_NORMAL(1-25%):1 CPU_HOT(>=25%):0
2026-08-13 14:36:48 HEARTBEAT PROCS:221 TOP_MEM:PID:12412/145.8MB TOP_CPU:PID:7112/0.6% SYS_CPU:1%-WD:0.6% SYS_MEM:14.5/32GB(45.3%)-WD:17GB(53.1%) TRACKING:0 SPIKES:22 KILLS:0
2026-08-13 14:36:48   DIST CPU_IDLE(<1%):221 CPU_NORMAL(1-25%):0 CPU_HOT(>=25%):0
2026-08-13 14:41:48 HEARTBEAT PROCS:224 TOP_MEM:PID:9492/145.5MB TOP_CPU:PID:8356/0% SYS_CPU:4%-WD:0% SYS_MEM:14.4/32GB(45%)-WD:16.9GB(52.8%) TRACKING:0 SPIKES:2 KILLS:0
2026-08-13 14:41:48   DIST CPU_IDLE(<1%):224 CPU_NORMAL(1-25%):0 CPU_HOT(>=25%):0
2026-08-13 14:46:49 HEARTBEAT PROCS:250 TOP_MEM:PID:14092/148.2MB TOP_CPU:PID:17264/0.6% SYS_CPU:1%-WD:0.6% SYS_MEM:15/32GB(46.9%)-WD:17.8GB(55.6%) TRACKING:0 SPIKES:5 KILLS:0
2026-08-13 14:46:49   DIST CPU_IDLE(<1%):250 CPU_NORMAL(1-25%):0 CPU_HOT(>=25%):0
2026-08-13 14:51:52 HEARTBEAT PROCS:297 TOP_MEM:PID:14092/148.5MB TOP_CPU:PID:5288/0% SYS_CPU:0%-WD:0% SYS_MEM:16/32GB(50%)-WD:19.7GB(61.6%) TRACKING:0 SPIKES:70 KILLS:0
2026-08-13 14:51:52   DIST CPU_IDLE(<1%):297 CPU_NORMAL(1-25%):0 CPU_HOT(>=25%):0
2026-08-13 14:56:54 HEARTBEAT PROCS:227 TOP_MEM:PID:12412/167.4MB TOP_CPU:PID:18256/0% SYS_CPU:1%-WD:0% SYS_MEM:14.7/32GB(45.9%)-WD:17.2GB(53.8%) TRACKING:0 SPIKES:15 KILLS:0
2026-08-13 14:56:54   DIST CPU_IDLE(<1%):227 CPU_NORMAL(1-25%):0 CPU_HOT(>=25%):0
2026-08-13 15:01:55 HEARTBEAT PROCS:245 TOP_MEM:PID:14092/150.1MB TOP_CPU:PID:13492/0% SYS_CPU:4%-WD:0% SYS_MEM:15/32GB(46.9%)-WD:17.8GB(55.6%) TRACKING:0 SPIKES:95 KILLS:0
2026-08-13 15:01:55   DIST CPU_IDLE(<1%):245 CPU_NORMAL(1-25%):0 CPU_HOT(>=25%):0
2026-08-13 15:06:57 HEARTBEAT PROCS:259 TOP_MEM:PID:14092/151.3MB TOP_CPU:PID:4692/2.8% SYS_CPU:5%-WD:5.6% SYS_MEM:15.2/32GB(47.5%)-WD:18.2GB(56.9%) TRACKING:0 SPIKES:0 KILLS:0
2026-08-13 15:06:57   DIST CPU_IDLE(<1%):257 CPU_NORMAL(1-25%):2 CPU_HOT(>=25%):0
2026-08-13 15:09:25 KILLING PID:3904 MEM:53.9MB DUR:11s CPU:25.6 REASON:CPU AGE:3m
2026-08-13 15:09:25   DETAIL PID:3904 SAMPLES:12 SPIKES:3 PEAK_CPU:% PEAK_MEM:MB
2026-08-13 15:09:25   SAMPLE PID:3904 TIME:15:08:24 CPU:0% MEM:53.9MB
2026-08-13 15:09:25   SAMPLE PID:3904 TIME:15:08:30 CPU:0% MEM:53.9MB
2026-08-13 15:09:25   SAMPLE PID:3904 TIME:15:08:35 CPU:0% MEM:53.9MB
2026-08-13 15:09:25   SAMPLE PID:3904 TIME:15:08:41 CPU:0% MEM:53.9MB
2026-08-13 15:09:25   SAMPLE PID:3904 TIME:15:08:46 CPU:0% MEM:53.9MB
2026-08-13 15:09:25   SAMPLE PID:3904 TIME:15:08:52 CPU:0% MEM:53.9MB
2026-08-13 15:09:25   SAMPLE PID:3904 TIME:15:08:57 CPU:0% MEM:53.9MB
2026-08-13 15:09:25   SAMPLE PID:3904 TIME:15:09:03 CPU:0% MEM:53.9MB
2026-08-13 15:09:25   SAMPLE PID:3904 TIME:15:09:08 CPU:0% MEM:53.9MB
2026-08-13 15:09:25   SAMPLE PID:3904 TIME:15:09:14 CPU:25.6% MEM:53.9MB
2026-08-13 15:09:25   SAMPLE PID:3904 TIME:15:09:19 CPU:25.6% MEM:53.9MB
2026-08-13 15:09:25   SAMPLE PID:3904 TIME:15:09:25 CPU:25.6% MEM:53.9MB
2026-08-13 15:09:25 KILLED PID:3904
2026-08-13 15:09:25 KILLING PID:9068 MEM:87.8MB DUR:11s CPU:154.5 REASON:CPU AGE:4m
2026-08-13 15:09:25   DETAIL PID:9068 SAMPLES:12 SPIKES:3 PEAK_CPU:% PEAK_MEM:MB
2026-08-13 15:09:25   SAMPLE PID:9068 TIME:15:08:24 CPU:0% MEM:77.7MB
2026-08-13 15:09:25   SAMPLE PID:9068 TIME:15:08:30 CPU:0% MEM:77.7MB
2026-08-13 15:09:25   SAMPLE PID:9068 TIME:15:08:35 CPU:2% MEM:83.8MB
2026-08-13 15:09:25   SAMPLE PID:9068 TIME:15:08:41 CPU:0% MEM:88MB
2026-08-13 15:09:25   SAMPLE PID:9068 TIME:15:08:46 CPU:0% MEM:84.7MB
2026-08-13 15:09:25   SAMPLE PID:9068 TIME:15:08:52 CPU:0% MEM:76.9MB
2026-08-13 15:09:25   SAMPLE PID:9068 TIME:15:08:57 CPU:0% MEM:76.9MB
2026-08-13 15:09:25   SAMPLE PID:9068 TIME:15:09:03 CPU:0% MEM:76.9MB
2026-08-13 15:09:25   SAMPLE PID:9068 TIME:15:09:08 CPU:0% MEM:76.9MB
2026-08-13 15:09:25   SAMPLE PID:9068 TIME:15:09:14 CPU:142.8% MEM:76.9MB
2026-08-13 15:09:25   SAMPLE PID:9068 TIME:15:09:19 CPU:142.6% MEM:76.9MB
2026-08-13 15:09:25   SAMPLE PID:9068 TIME:15:09:25 CPU:154.5% MEM:87.8MB
2026-08-13 15:09:25 KILLED PID:9068
2026-08-13 15:09:25 KILLING PID:12780 MEM:69.6MB DUR:11s CPU:46.6 REASON:CPU AGE:5m
2026-08-13 15:09:25   DETAIL PID:12780 SAMPLES:12 SPIKES:3 PEAK_CPU:% PEAK_MEM:MB
2026-08-13 15:09:25   SAMPLE PID:12780 TIME:15:08:24 CPU:0% MEM:69.5MB
2026-08-13 15:09:25   SAMPLE PID:12780 TIME:15:08:30 CPU:0% MEM:69.5MB
2026-08-13 15:09:25   SAMPLE PID:12780 TIME:15:08:35 CPU:0% MEM:69.5MB
2026-08-13 15:09:25   SAMPLE PID:12780 TIME:15:08:41 CPU:0% MEM:69.5MB
2026-08-13 15:09:25   SAMPLE PID:12780 TIME:15:08:46 CPU:0% MEM:69.5MB
2026-08-13 15:09:25   SAMPLE PID:12780 TIME:15:08:52 CPU:0% MEM:69.5MB
2026-08-13 15:09:25   SAMPLE PID:12780 TIME:15:08:57 CPU:0% MEM:69.6MB
2026-08-13 15:09:25   SAMPLE PID:12780 TIME:15:09:03 CPU:0% MEM:69.6MB
2026-08-13 15:09:25   SAMPLE PID:12780 TIME:15:09:08 CPU:0% MEM:69.6MB
2026-08-13 15:09:25   SAMPLE PID:12780 TIME:15:09:14 CPU:46.6% MEM:69.6MB
2026-08-13 15:09:25   SAMPLE PID:12780 TIME:15:09:19 CPU:46.6% MEM:69.6MB
2026-08-13 15:09:25   SAMPLE PID:12780 TIME:15:09:25 CPU:46.6% MEM:69.6MB
2026-08-13 15:09:25 KILLED PID:12780
2026-08-13 15:09:25 KILLING PID:12808 MEM:74.4MB DUR:11s CPU:37.4 REASON:CPU AGE:2m
2026-08-13 15:09:25   DETAIL PID:12808 SAMPLES:12 SPIKES:3 PEAK_CPU:% PEAK_MEM:MB
2026-08-13 15:09:25   SAMPLE PID:12808 TIME:15:08:24 CPU:0% MEM:74.4MB
2026-08-13 15:09:25   SAMPLE PID:12808 TIME:15:08:30 CPU:0% MEM:74.4MB
2026-08-13 15:09:25   SAMPLE PID:12808 TIME:15:08:35 CPU:0% MEM:74.4MB
2026-08-13 15:09:25   SAMPLE PID:12808 TIME:15:08:41 CPU:0% MEM:74.4MB
2026-08-13 15:09:25   SAMPLE PID:12808 TIME:15:08:46 CPU:0% MEM:74.4MB
2026-08-13 15:09:25   SAMPLE PID:12808 TIME:15:08:52 CPU:0% MEM:74.4MB
2026-08-13 15:09:25   SAMPLE PID:12808 TIME:15:08:57 CPU:0% MEM:74.4MB
2026-08-13 15:09:25   SAMPLE PID:12808 TIME:15:09:03 CPU:0% MEM:74.4MB
2026-08-13 15:09:25   SAMPLE PID:12808 TIME:15:09:08 CPU:0% MEM:74.4MB
2026-08-13 15:09:25   SAMPLE PID:12808 TIME:15:09:14 CPU:37.4% MEM:74.4MB
2026-08-13 15:09:25   SAMPLE PID:12808 TIME:15:09:19 CPU:37.4% MEM:74.4MB
2026-08-13 15:09:25   SAMPLE PID:12808 TIME:15:09:25 CPU:37.4% MEM:74.4MB
2026-08-13 15:09:25 KILLED PID:12808
2026-08-13 15:09:25 KILLING PID:17216 MEM:66.9MB DUR:11s CPU:32.1 REASON:CPU AGE:3m
2026-08-13 15:09:25   DETAIL PID:17216 SAMPLES:12 SPIKES:3 PEAK_CPU:% PEAK_MEM:MB
2026-08-13 15:09:25   SAMPLE PID:17216 TIME:15:08:24 CPU:0% MEM:66.9MB
2026-08-13 15:09:25   SAMPLE PID:17216 TIME:15:08:30 CPU:0% MEM:66.9MB
2026-08-13 15:09:25   SAMPLE PID:17216 TIME:15:08:35 CPU:0% MEM:66.9MB
2026-08-13 15:09:25   SAMPLE PID:17216 TIME:15:08:41 CPU:0% MEM:66.9MB
2026-08-13 15:09:25   SAMPLE PID:17216 TIME:15:08:46 CPU:0% MEM:66.9MB
2026-08-13 15:09:25   SAMPLE PID:17216 TIME:15:08:52 CPU:0% MEM:66.9MB
2026-08-13 15:09:25   SAMPLE PID:17216 TIME:15:08:57 CPU:0% MEM:66.9MB
2026-08-13 15:09:25   SAMPLE PID:17216 TIME:15:09:03 CPU:0% MEM:66.9MB
2026-08-13 15:09:25   SAMPLE PID:17216 TIME:15:09:08 CPU:0% MEM:66.9MB
2026-08-13 15:09:25   SAMPLE PID:17216 TIME:15:09:14 CPU:31.5% MEM:66.9MB
2026-08-13 15:09:25   SAMPLE PID:17216 TIME:15:09:19 CPU:31.5% MEM:66.9MB
2026-08-13 15:09:25   SAMPLE PID:17216 TIME:15:09:25 CPU:32.1% MEM:66.9MB
2026-08-13 15:09:25 KILLED PID:17216
2026-08-13 15:11:59 HEARTBEAT PROCS:271 TOP_MEM:PID:14092/151.3MB TOP_CPU:PID:7376/1.9% SYS_CPU:1%-WD:3.7% SYS_MEM:15.2/32GB(47.5%)-WD:18.4GB(57.5%) TRACKING:0 SPIKES:56 KILLS:5
2026-08-13 15:11:59   DIST CPU_IDLE(<1%):270 CPU_NORMAL(1-25%):1 CPU_HOT(>=25%):0
2026-08-13 15:17:00 HEARTBEAT PROCS:208 TOP_MEM:PID:3600/172.7MB TOP_CPU:PID:16092/0% SYS_CPU:1%-WD:0% SYS_MEM:14/32GB(43.8%)-WD:16.2GB(50.6%) TRACKING:0 SPIKES:18 KILLS:0
2026-08-13 15:17:00   DIST CPU_IDLE(<1%):208 CPU_NORMAL(1-25%):0 CPU_HOT(>=25%):0
2026-08-13 15:22:02 HEARTBEAT PROCS:257 TOP_MEM:PID:3600/180.9MB TOP_CPU:PID:12492/0.6% SYS_CPU:7%-WD:1.2% SYS_MEM:15.2/32GB(47.5%)-WD:18.2GB(56.9%) TRACKING:0 SPIKES:0 KILLS:0
2026-08-13 15:22:02   DIST CPU_IDLE(<1%):257 CPU_NORMAL(1-25%):0 CPU_HOT(>=25%):0
2026-08-13 15:27:04 HEARTBEAT PROCS:227 TOP_MEM:PID:3600/171.5MB TOP_CPU:PID:8516/0.6% SYS_CPU:0%-WD:0.6% SYS_MEM:14.5/32GB(45.3%)-WD:17GB(53.1%) TRACKING:0 SPIKES:24 KILLS:0
2026-08-13 15:27:04   DIST CPU_IDLE(<1%):227 CPU_NORMAL(1-25%):0 CPU_HOT(>=25%):0
2026-08-13 15:32:04 HEARTBEAT PROCS:239 TOP_MEM:PID:3600/171.6MB TOP_CPU:PID:12412/2.6% SYS_CPU:4%-WD:3.2% SYS_MEM:14.8/32GB(46.2%)-WD:17.4GB(54.4%) TRACKING:0 SPIKES:11 KILLS:0
2026-08-13 15:32:04   DIST CPU_IDLE(<1%):238 CPU_NORMAL(1-25%):1 CPU_HOT(>=25%):0
2026-08-13 15:37:06 HEARTBEAT PROCS:247 TOP_MEM:PID:3600/171.6MB TOP_CPU:PID:9792/0.6% SYS_CPU:4%-WD:0.6% SYS_MEM:15.3/32GB(47.8%)-WD:17.9GB(55.9%) TRACKING:0 SPIKES:7 KILLS:0
2026-08-13 15:37:06   DIST CPU_IDLE(<1%):247 CPU_NORMAL(1-25%):0 CPU_HOT(>=25%):0
2026-08-13 15:42:08 HEARTBEAT PROCS:250 TOP_MEM:PID:3600/171.4MB TOP_CPU:PID:7044/3.9% SYS_CPU:1%-WD:5.1% SYS_MEM:15.2/32GB(47.5%)-WD:18GB(56.2%) TRACKING:0 SPIKES:23 KILLS:0
2026-08-13 15:42:08   DIST CPU_IDLE(<1%):248 CPU_NORMAL(1-25%):2 CPU_HOT(>=25%):0
2026-08-13 15:47:09 HEARTBEAT PROCS:246 TOP_MEM:PID:3600/172.7MB TOP_CPU:PID:17868/0.6% SYS_CPU:8%-WD:0.6% SYS_MEM:15.1/32GB(47.2%)-WD:17.8GB(55.6%) TRACKING:0 SPIKES:81 KILLS:0
2026-08-13 15:47:09   DIST CPU_IDLE(<1%):246 CPU_NORMAL(1-25%):0 CPU_HOT(>=25%):0
2026-08-13 15:52:10 HEARTBEAT PROCS:246 TOP_MEM:PID:3600/172.8MB TOP_CPU:PID:14836/67% SYS_CPU:2%-WD:384.4% SYS_MEM:15.2/32GB(47.5%)-WD:17.9GB(55.9%) TRACKING:5 SPIKES:21 KILLS:0
2026-08-13 15:52:10   DIST CPU_IDLE(<1%):214 CPU_NORMAL(1-25%):27 CPU_HOT(>=25%):5
2026-08-13 15:57:13 HEARTBEAT PROCS:287 TOP_MEM:PID:3600/182.1MB TOP_CPU:PID:13604/111.8% SYS_CPU:1%-WD:412.1% SYS_MEM:15.9/32GB(49.7%)-WD:19.5GB(60.9%) TRACKING:4 SPIKES:31 KILLS:0
2026-08-13 15:57:13   DIST CPU_IDLE(<1%):237 CPU_NORMAL(1-25%):46 CPU_HOT(>=25%):4
2026-08-13 16:02:16 HEARTBEAT PROCS:265 TOP_MEM:PID:3600/183.3MB TOP_CPU:PID:14372/0% SYS_CPU:2%-WD:0% SYS_MEM:15.3/32GB(47.8%)-WD:18.4GB(57.5%) TRACKING:0 SPIKES:74 KILLS:0
2026-08-13 16:02:16   DIST CPU_IDLE(<1%):265 CPU_NORMAL(1-25%):0 CPU_HOT(>=25%):0
2026-08-13 16:07:17 HEARTBEAT PROCS:209 TOP_MEM:PID:14092/169.4MB TOP_CPU:PID:16508/0% SYS_CPU:2%-WD:0% SYS_MEM:13.8/32GB(43.1%)-WD:15.9GB(49.7%) TRACKING:0 SPIKES:9 KILLS:0
2026-08-13 16:07:17   DIST CPU_IDLE(<1%):209 CPU_NORMAL(1-25%):0 CPU_HOT(>=25%):0
2026-08-13 16:12:21 HEARTBEAT PROCS:188 TOP_MEM:PID:14092/169.4MB TOP_CPU:PID:16900/4.8% SYS_CPU:8%-WD:5.4% SYS_MEM:13/32GB(40.6%)-WD:14.6GB(45.6%) TRACKING:0 SPIKES:5 KILLS:0
2026-08-13 16:12:21   DIST CPU_IDLE(<1%):187 CPU_NORMAL(1-25%):1 CPU_HOT(>=25%):0
2026-08-13 16:17:25 HEARTBEAT PROCS:200 TOP_MEM:PID:12412/182.7MB TOP_CPU:PID:10372/0% SYS_CPU:1%-WD:0% SYS_MEM:13.4/32GB(41.9%)-WD:15.2GB(47.5%) TRACKING:0 SPIKES:2 KILLS:0
2026-08-13 16:17:25   DIST CPU_IDLE(<1%):200 CPU_NORMAL(1-25%):0 CPU_HOT(>=25%):0
2026-08-13 16:22:30 HEARTBEAT PROCS:189 TOP_MEM:PID:14092/169.4MB TOP_CPU:PID:7008/0% SYS_CPU:1%-WD:0% SYS_MEM:12.7/32GB(39.7%)-WD:14.4GB(45%) TRACKING:0 SPIKES:5 KILLS:0
2026-08-13 16:22:30   DIST CPU_IDLE(<1%):189 CPU_NORMAL(1-25%):0 CPU_HOT(>=25%):0
2026-08-13 16:27:35 HEARTBEAT PROCS:211 TOP_MEM:PID:3600/174.5MB TOP_CPU:PID:9792/3.5% SYS_CPU:7%-WD:4.1% SYS_MEM:13.3/32GB(41.6%)-WD:15.5GB(48.4%) TRACKING:0 SPIKES:17 KILLS:0
2026-08-13 16:27:35   DIST CPU_IDLE(<1%):210 CPU_NORMAL(1-25%):1 CPU_HOT(>=25%):0
2026-08-13 16:32:40 HEARTBEAT PROCS:211 TOP_MEM:PID:3600/174.5MB TOP_CPU:PID:4808/2.8% SYS_CPU:4%-WD:3.4% SYS_MEM:13.2/32GB(41.2%)-WD:15.2GB(47.5%) TRACKING:0 SPIKES:9 KILLS:0
2026-08-13 16:32:40   DIST CPU_IDLE(<1%):210 CPU_NORMAL(1-25%):1 CPU_HOT(>=25%):0
2026-08-13 16:37:45 HEARTBEAT PROCS:185 TOP_MEM:PID:3600/175MB TOP_CPU:PID:18016/4.2% SYS_CPU:5%-WD:6.2% SYS_MEM:12.8/32GB(40%)-WD:14.3GB(44.7%) TRACKING:0 SPIKES:4 KILLS:0
2026-08-13 16:37:45   DIST CPU_IDLE(<1%):183 CPU_NORMAL(1-25%):2 CPU_HOT(>=25%):0
2026-08-13 16:42:50 HEARTBEAT PROCS:200 TOP_MEM:PID:3600/175.2MB TOP_CPU:PID:7956/1.2% SYS_CPU:4%-WD:1.8% SYS_MEM:13.2/32GB(41.2%)-WD:14.9GB(46.6%) TRACKING:0 SPIKES:11 KILLS:0
2026-08-13 16:42:50   DIST CPU_IDLE(<1%):199 CPU_NORMAL(1-25%):1 CPU_HOT(>=25%):0
2026-08-13 16:47:54 HEARTBEAT PROCS:197 TOP_MEM:PID:3600/176.5MB TOP_CPU:PID:11356/0% SYS_CPU:0%-WD:0% SYS_MEM:12.9/32GB(40.3%)-WD:14.6GB(45.6%) TRACKING:0 SPIKES:42 KILLS:0
2026-08-13 16:47:54   DIST CPU_IDLE(<1%):197 CPU_NORMAL(1-25%):0 CPU_HOT(>=25%):0
2026-08-13 16:52:59 HEARTBEAT PROCS:209 TOP_MEM:PID:3600/176.6MB TOP_CPU:PID:6340/2.8% SYS_CPU:2%-WD:2.8% SYS_MEM:12.8/32GB(40%)-WD:14.8GB(46.2%) TRACKING:0 SPIKES:14 KILLS:0
2026-08-13 16:52:59   DIST CPU_IDLE(<1%):208 CPU_NORMAL(1-25%):1 CPU_HOT(>=25%):0
2026-08-13 16:58:04 HEARTBEAT PROCS:193 TOP_MEM:PID:12412/170.7MB TOP_CPU:PID:5088/0.6% SYS_CPU:2%-WD:0.6% SYS_MEM:12.4/32GB(38.8%)-WD:14.1GB(44.1%) TRACKING:0 SPIKES:26 KILLS:0
2026-08-13 16:58:04   DIST CPU_IDLE(<1%):193 CPU_NORMAL(1-25%):0 CPU_HOT(>=25%):0
2026-08-13 17:03:09 HEARTBEAT PROCS:215 TOP_MEM:PID:12568/159.2MB TOP_CPU:PID:14372/0% SYS_CPU:4%-WD:0% SYS_MEM:12.6/32GB(39.4%)-WD:14.7GB(45.9%) TRACKING:0 SPIKES:54 KILLS:0
2026-08-13 17:03:09   DIST CPU_IDLE(<1%):215 CPU_NORMAL(1-25%):0 CPU_HOT(>=25%):0
2026-08-13 17:08:09 HEARTBEAT PROCS:181 TOP_MEM:PID:12568/159.2MB TOP_CPU:PID:9432/0% SYS_CPU:1%-WD:0% SYS_MEM:11.5/32GB(35.9%)-WD:12.9GB(40.3%) TRACKING:0 SPIKES:36 KILLS:0
2026-08-13 17:08:09   DIST CPU_IDLE(<1%):181 CPU_NORMAL(1-25%):0 CPU_HOT(>=25%):0
2026-08-13 17:13:12 HEARTBEAT PROCS:166 TOP_MEM:PID:9508/151.2MB TOP_CPU:PID:10060/4.1% SYS_CPU:7%-WD:14.5% SYS_MEM:10.8/32GB(33.8%)-WD:11.7GB(36.6%) TRACKING:0 SPIKES:11 KILLS:0
2026-08-13 17:13:12   DIST CPU_IDLE(<1%):161 CPU_NORMAL(1-25%):5 CPU_HOT(>=25%):0
2026-08-13 17:18:17 HEARTBEAT PROCS:155 TOP_MEM:PID:9492/150.1MB TOP_CPU:PID:10060/0% SYS_CPU:0%-WD:0% SYS_MEM:9.9/32GB(30.9%)-WD:10.7GB(33.4%) TRACKING:0 SPIKES:19 KILLS:0
2026-08-13 17:18:17   DIST CPU_IDLE(<1%):155 CPU_NORMAL(1-25%):0 CPU_HOT(>=25%):0
2026-08-13 17:23:19 HEARTBEAT PROCS:138 TOP_MEM:PID:9492/153.3MB TOP_CPU:PID:13464/0% SYS_CPU:8%-WD:0% SYS_MEM:9.4/32GB(29.4%)-WD:9.9GB(30.9%) TRACKING:0 SPIKES:0 KILLS:0
2026-08-13 17:23:19   DIST CPU_IDLE(<1%):138 CPU_NORMAL(1-25%):0 CPU_HOT(>=25%):0
2026-08-13 17:28:22 HEARTBEAT PROCS:163 TOP_MEM:PID:9492/170.3MB TOP_CPU:PID:1856/0% SYS_CPU:2%-WD:0% SYS_MEM:9.7/32GB(30.3%)-WD:10.7GB(33.4%) TRACKING:0 SPIKES:0 KILLS:0
2026-08-13 17:28:22   DIST CPU_IDLE(<1%):163 CPU_NORMAL(1-25%):0 CPU_HOT(>=25%):0
2026-08-13 17:33:26 HEARTBEAT PROCS:194 TOP_MEM:PID:9492/171.6MB TOP_CPU:PID:8128/2% SYS_CPU:2%-WD:2.6% SYS_MEM:10/32GB(31.2%)-WD:11.5GB(35.9%) TRACKING:0 SPIKES:30 KILLS:0
2026-08-13 17:33:26   DIST CPU_IDLE(<1%):193 CPU_NORMAL(1-25%):1 CPU_HOT(>=25%):0
2026-08-13 17:38:30 HEARTBEAT PROCS:173 TOP_MEM:PID:9492/172.4MB TOP_CPU:PID:12644/0% SYS_CPU:2%-WD:0% SYS_MEM:9.5/32GB(29.7%)-WD:10.6GB(33.1%) TRACKING:0 SPIKES:1 KILLS:0
2026-08-13 17:38:30   DIST CPU_IDLE(<1%):173 CPU_NORMAL(1-25%):0 CPU_HOT(>=25%):0
2026-08-13 17:43:33 HEARTBEAT PROCS:154 TOP_MEM:PID:9492/172.5MB TOP_CPU:PID:1008/0% SYS_CPU:2%-WD:0% SYS_MEM:8.9/32GB(27.8%)-WD:9.7GB(30.3%) TRACKING:0 SPIKES:3 KILLS:0
2026-08-13 17:43:33   DIST CPU_IDLE(<1%):154 CPU_NORMAL(1-25%):0 CPU_HOT(>=25%):0
2026-08-13 17:48:37 HEARTBEAT PROCS:163 TOP_MEM:PID:9492/164.7MB TOP_CPU:PID:5740/0% SYS_CPU:4%-WD:0% SYS_MEM:9.1/32GB(28.4%)-WD:9.9GB(30.9%) TRACKING:0 SPIKES:25 KILLS:0
2026-08-13 17:48:37   DIST CPU_IDLE(<1%):163 CPU_NORMAL(1-25%):0 CPU_HOT(>=25%):0
2026-08-13 17:53:40 HEARTBEAT PROCS:136 TOP_MEM:PID:9492/167.9MB TOP_CPU:PID:13900/0% SYS_CPU:1%-WD:0% SYS_MEM:8.3/32GB(25.9%)-WD:8.7GB(27.2%) TRACKING:0 SPIKES:3 KILLS:0
2026-08-13 17:53:40   DIST CPU_IDLE(<1%):136 CPU_NORMAL(1-25%):0 CPU_HOT(>=25%):0
2026-08-13 17:58:42 HEARTBEAT PROCS:112 TOP_MEM:PID:9492/167.9MB TOP_CPU:PID:11688/0% SYS_CPU:4%-WD:0% SYS_MEM:7.7/32GB(24.1%)-WD:7.6GB(23.8%) TRACKING:0 SPIKES:10 KILLS:0
2026-08-13 17:58:42   DIST CPU_IDLE(<1%):112 CPU_NORMAL(1-25%):0 CPU_HOT(>=25%):0
2026-08-13 18:03:44 HEARTBEAT PROCS:106 TOP_MEM:PID:9492/167.9MB TOP_CPU:PID:15892/0.6% SYS_CPU:4%-WD:0.6% SYS_MEM:7.4/32GB(23.1%)-WD:7.1GB(22.2%) TRACKING:0 SPIKES:30 KILLS:0
2026-08-13 18:03:44   DIST CPU_IDLE(<1%):106 CPU_NORMAL(1-25%):0 CPU_HOT(>=25%):0
2026-08-13 18:08:46 HEARTBEAT PROCS:128 TOP_MEM:PID:9492/167.9MB TOP_CPU:PID:13264/0% SYS_CPU:4%-WD:0% SYS_MEM:7.8/32GB(24.4%)-WD:7.9GB(24.7%) TRACKING:0 SPIKES:8 KILLS:0
2026-08-13 18:08:46   DIST CPU_IDLE(<1%):128 CPU_NORMAL(1-25%):0 CPU_HOT(>=25%):0
2026-08-13 18:13:47 HEARTBEAT PROCS:109 TOP_MEM:PID:9492/167.9MB TOP_CPU:PID:5060/3.6% SYS_CPU:4%-WD:3.6% SYS_MEM:7.4/32GB(23.1%)-WD:7.3GB(22.8%) TRACKING:0 SPIKES:3 KILLS:0
2026-08-13 18:13:47   DIST CPU_IDLE(<1%):108 CPU_NORMAL(1-25%):1 CPU_HOT(>=25%):0
2026-08-13 18:18:50 HEARTBEAT PROCS:143 TOP_MEM:PID:9492/167.9MB TOP_CPU:PID:284/1.4% SYS_CPU:4%-WD:1.4% SYS_MEM:8.1/32GB(25.3%)-WD:8.6GB(26.9%) TRACKING:0 SPIKES:5 KILLS:0
2026-08-13 18:18:50   DIST CPU_IDLE(<1%):142 CPU_NORMAL(1-25%):1 CPU_HOT(>=25%):0
2026-08-13 18:23:52 HEARTBEAT PROCS:131 TOP_MEM:PID:9492/167.9MB TOP_CPU:PID:5560/2.8% SYS_CPU:0%-WD:3.4% SYS_MEM:7.8/32GB(24.4%)-WD:8.1GB(25.3%) TRACKING:0 SPIKES:2 KILLS:0
2026-08-13 18:23:52   DIST CPU_IDLE(<1%):130 CPU_NORMAL(1-25%):1 CPU_HOT(>=25%):0
2026-08-13 18:28:53 HEARTBEAT PROCS:111 TOP_MEM:PID:9492/167.9MB TOP_CPU:PID:10932/1.4% SYS_CPU:5%-WD:1.4% SYS_MEM:7.2/32GB(22.5%)-WD:7.1GB(22.2%) TRACKING:0 SPIKES:13 KILLS:0
2026-08-13 18:28:53   DIST CPU_IDLE(<1%):110 CPU_NORMAL(1-25%):1 CPU_HOT(>=25%):0
2026-08-13 18:33:55 HEARTBEAT PROCS:94 TOP_MEM:PID:9492/167.9MB TOP_CPU:PID:11104/0% SYS_CPU:2%-WD:0% SYS_MEM:6.8/32GB(21.2%)-WD:6.3GB(19.7%) TRACKING:0 SPIKES:4 KILLS:0
2026-08-13 18:33:55   DIST CPU_IDLE(<1%):94 CPU_NORMAL(1-25%):0 CPU_HOT(>=25%):0
2026-08-13 18:38:56 HEARTBEAT PROCS:88 TOP_MEM:PID:9492/167.9MB TOP_CPU:PID:4548/0% SYS_CPU:1%-WD:0% SYS_MEM:6.7/32GB(20.9%)-WD:6.2GB(19.4%) TRACKING:0 SPIKES:0 KILLS:0
2026-08-13 18:38:56   DIST CPU_IDLE(<1%):88 CPU_NORMAL(1-25%):0 CPU_HOT(>=25%):0
2026-08-13 18:43:56 HEARTBEAT PROCS:86 TOP_MEM:PID:9492/167.9MB TOP_CPU:PID:11104/0% SYS_CPU:1%-WD:0% SYS_MEM:6.7/32GB(20.9%)-WD:6.2GB(19.4%) TRACKING:0 SPIKES:4 KILLS:0
2026-08-13 18:43:56   DIST CPU_IDLE(<1%):86 CPU_NORMAL(1-25%):0 CPU_HOT(>=25%):0
2026-08-13 18:48:56 HEARTBEAT PROCS:112 TOP_MEM:PID:9492/167.9MB TOP_CPU:PID:10612/0% SYS_CPU:5%-WD:0% SYS_MEM:7.2/32GB(22.5%)-WD:7GB(21.9%) TRACKING:0 SPIKES:0 KILLS:0
2026-08-13 18:48:56   DIST CPU_IDLE(<1%):112 CPU_NORMAL(1-25%):0 CPU_HOT(>=25%):0
2026-08-13 18:53:59 HEARTBEAT PROCS:116 TOP_MEM:PID:9492/167.9MB TOP_CPU:PID:13264/0% SYS_CPU:1%-WD:0% SYS_MEM:7.4/32GB(23.1%)-WD:7.4GB(23.1%) TRACKING:0 SPIKES:1 KILLS:0
2026-08-13 18:53:59   DIST CPU_IDLE(<1%):116 CPU_NORMAL(1-25%):0 CPU_HOT(>=25%):0
2026-08-13 18:59:00 HEARTBEAT PROCS:100 TOP_MEM:PID:9492/167.9MB TOP_CPU:PID:16028/0% SYS_CPU:7%-WD:0% SYS_MEM:7/32GB(21.9%)-WD:6.6GB(20.6%) TRACKING:0 SPIKES:20 KILLS:0
2026-08-13 18:59:00   DIST CPU_IDLE(<1%):100 CPU_NORMAL(1-25%):0 CPU_HOT(>=25%):0
2026-08-13 19:04:01 HEARTBEAT PROCS:114 TOP_MEM:PID:9492/167.9MB TOP_CPU:PID:13072/0% SYS_CPU:0%-WD:0% SYS_MEM:7.2/32GB(22.5%)-WD:7GB(21.9%) TRACKING:0 SPIKES:18 KILLS:0
2026-08-13 19:04:01   DIST CPU_IDLE(<1%):114 CPU_NORMAL(1-25%):0 CPU_HOT(>=25%):0
2026-08-13 19:09:02 HEARTBEAT PROCS:90 TOP_MEM:PID:9492/167.9MB TOP_CPU:PID:12668/0% SYS_CPU:1%-WD:0% SYS_MEM:6.6/32GB(20.6%)-WD:6GB(18.8%) TRACKING:0 SPIKES:11 KILLS:0
2026-08-13 19:09:02   DIST CPU_IDLE(<1%):90 CPU_NORMAL(1-25%):0 CPU_HOT(>=25%):0
2026-08-13 19:14:03 HEARTBEAT PROCS:102 TOP_MEM:PID:9492/167.9MB TOP_CPU:PID:11104/0% SYS_CPU:1%-WD:0% SYS_MEM:6.7/32GB(20.9%)-WD:6.4GB(20%) TRACKING:0 SPIKES:0 KILLS:0
2026-08-13 19:14:03   DIST CPU_IDLE(<1%):102 CPU_NORMAL(1-25%):0 CPU_HOT(>=25%):0
2026-08-13 19:19:03 HEARTBEAT PROCS:99 TOP_MEM:PID:9492/167.9MB TOP_CPU:PID:13264/0% SYS_CPU:1%-WD:0% SYS_MEM:6.7/32GB(20.9%)-WD:6.2GB(19.4%) TRACKING:0 SPIKES:2 KILLS:0
2026-08-13 19:19:03   DIST CPU_IDLE(<1%):99 CPU_NORMAL(1-25%):0 CPU_HOT(>=25%):0
2026-08-13 19:24:04 HEARTBEAT PROCS:83 TOP_MEM:PID:9492/167.9MB TOP_CPU:PID:13264/1.4% SYS_CPU:0%-WD:1.4% SYS_MEM:6.4/32GB(20%)-WD:5.7GB(17.8%) TRACKING:0 SPIKES:3 KILLS:0
2026-08-13 19:24:04   DIST CPU_IDLE(<1%):82 CPU_NORMAL(1-25%):1 CPU_HOT(>=25%):0
2026-08-13 19:29:09 HEARTBEAT PROCS:82 TOP_MEM:PID:9492/167.9MB TOP_CPU:PID:15428/0% SYS_CPU:1%-WD:0% SYS_MEM:6.2/32GB(19.4%)-WD:5.4GB(16.9%) TRACKING:0 SPIKES:5 KILLS:0
2026-08-13 19:29:09   DIST CPU_IDLE(<1%):82 CPU_NORMAL(1-25%):0 CPU_HOT(>=25%):0
2026-08-13 19:34:09 HEARTBEAT PROCS:93 TOP_MEM:PID:9492/167.9MB TOP_CPU:PID:15044/0% SYS_CPU:2%-WD:0% SYS_MEM:6.3/32GB(19.7%)-WD:5.8GB(18.1%) TRACKING:0 SPIKES:1 KILLS:0
2026-08-13 19:34:09   DIST CPU_IDLE(<1%):93 CPU_NORMAL(1-25%):0 CPU_HOT(>=25%):0
2026-08-13 19:39:10 HEARTBEAT PROCS:90 TOP_MEM:PID:9492/167.9MB TOP_CPU:PID:15044/0% SYS_CPU:5%-WD:0% SYS_MEM:6.1/32GB(19.1%)-WD:5.5GB(17.2%) TRACKING:0 SPIKES:2 KILLS:0
2026-08-13 19:39:10   DIST CPU_IDLE(<1%):90 CPU_NORMAL(1-25%):0 CPU_HOT(>=25%):0
2026-08-13 19:44:11 HEARTBEAT PROCS:59 TOP_MEM:PID:9492/167.9MB TOP_CPU:PID:11600/0% SYS_CPU:0%-WD:0% SYS_MEM:5.2/32GB(16.2%)-WD:4GB(12.5%) TRACKING:0 SPIKES:1 KILLS:0
2026-08-13 19:44:11   DIST CPU_IDLE(<1%):59 CPU_NORMAL(1-25%):0 CPU_HOT(>=25%):0
2026-08-13 19:49:15 HEARTBEAT PROCS:69 TOP_MEM:PID:9492/167.9MB TOP_CPU:PID:8328/0% SYS_CPU:1%-WD:0% SYS_MEM:5.5/32GB(17.2%)-WD:4.5GB(14.1%) TRACKING:0 SPIKES:0 KILLS:0
2026-08-13 19:49:15   DIST CPU_IDLE(<1%):69 CPU_NORMAL(1-25%):0 CPU_HOT(>=25%):0
2026-08-13 19:54:20 HEARTBEAT PROCS:74 TOP_MEM:PID:9492/167.9MB TOP_CPU:PID:4808/0% SYS_CPU:4%-WD:0% SYS_MEM:5.6/32GB(17.5%)-WD:4.7GB(14.7%) TRACKING:0 SPIKES:1 KILLS:0
2026-08-13 19:54:20   DIST CPU_IDLE(<1%):74 CPU_NORMAL(1-25%):0 CPU_HOT(>=25%):0
2026-08-13 19:59:21 HEARTBEAT PROCS:68 TOP_MEM:PID:9492/167.9MB TOP_CPU:PID:16028/0% SYS_CPU:1%-WD:0% SYS_MEM:5.2/32GB(16.2%)-WD:4.2GB(13.1%) TRACKING:0 SPIKES:0 KILLS:0
2026-08-13 19:59:21   DIST CPU_IDLE(<1%):68 CPU_NORMAL(1-25%):0 CPU_HOT(>=25%):0
2026-08-13 20:04:26 HEARTBEAT PROCS:79 TOP_MEM:PID:9492/167.9MB TOP_CPU:PID:12864/0.6% SYS_CPU:2%-WD:0.6% SYS_MEM:5.4/32GB(16.9%)-WD:4.5GB(14.1%) TRACKING:0 SPIKES:2 KILLS:0
2026-08-13 20:04:26   DIST CPU_IDLE(<1%):79 CPU_NORMAL(1-25%):0 CPU_HOT(>=25%):0
2026-08-13 20:09:30 HEARTBEAT PROCS:54 TOP_MEM:PID:9492/167.9MB TOP_CPU:PID:16792/0% SYS_CPU:19%-WD:0% SYS_MEM:4.7/32GB(14.7%)-WD:3.3GB(10.3%) TRACKING:0 SPIKES:2 KILLS:0
2026-08-13 20:09:30   DIST CPU_IDLE(<1%):54 CPU_NORMAL(1-25%):0 CPU_HOT(>=25%):0
2026-08-13 20:14:35 HEARTBEAT PROCS:50 TOP_MEM:PID:9492/167.9MB TOP_CPU:PID:14588/1.4% SYS_CPU:1%-WD:1.4% SYS_MEM:4.5/32GB(14.1%)-WD:3.2GB(10%) TRACKING:0 SPIKES:5 KILLS:0
2026-08-13 20:14:35   DIST CPU_IDLE(<1%):49 CPU_NORMAL(1-25%):1 CPU_HOT(>=25%):0
2026-08-13 20:19:40 HEARTBEAT PROCS:48 TOP_MEM:PID:9492/167.9MB TOP_CPU:PID:8720/0% SYS_CPU:1%-WD:0% SYS_MEM:4.4/32GB(13.8%)-WD:3GB(9.4%) TRACKING:0 SPIKES:0 KILLS:0
2026-08-13 20:19:40   DIST CPU_IDLE(<1%):48 CPU_NORMAL(1-25%):0 CPU_HOT(>=25%):0
2026-08-13 20:24:45 HEARTBEAT PROCS:62 TOP_MEM:PID:9492/167.9MB TOP_CPU:PID:10532/0% SYS_CPU:1%-WD:0% SYS_MEM:4.7/32GB(14.7%)-WD:3.5GB(10.9%) TRACKING:0 SPIKES:0 KILLS:0
2026-08-13 20:24:45   DIST CPU_IDLE(<1%):62 CPU_NORMAL(1-25%):0 CPU_HOT(>=25%):0
2026-08-13 20:29:45 HEARTBEAT PROCS:64 TOP_MEM:PID:9492/167.9MB TOP_CPU:PID:4720/0% SYS_CPU:1%-WD:0% SYS_MEM:4.8/32GB(15%)-WD:3.6GB(11.2%) TRACKING:0 SPIKES:2 KILLS:0
2026-08-13 20:29:45   DIST CPU_IDLE(<1%):64 CPU_NORMAL(1-25%):0 CPU_HOT(>=25%):0
2026-08-13 20:34:50 HEARTBEAT PROCS:61 TOP_MEM:PID:9492/167.9MB TOP_CPU:PID:14712/0% SYS_CPU:0%-WD:0% SYS_MEM:4.7/32GB(14.7%)-WD:3.5GB(10.9%) TRACKING:0 SPIKES:4 KILLS:0
2026-08-13 20:34:50   DIST CPU_IDLE(<1%):61 CPU_NORMAL(1-25%):0 CPU_HOT(>=25%):0
2026-08-13 20:39:55 HEARTBEAT PROCS:80 TOP_MEM:PID:9492/167.9MB TOP_CPU:PID:3288/0% SYS_CPU:1%-WD:0% SYS_MEM:4.9/32GB(15.3%)-WD:4GB(12.5%) TRACKING:0 SPIKES:0 KILLS:0
2026-08-13 20:39:55   DIST CPU_IDLE(<1%):80 CPU_NORMAL(1-25%):0 CPU_HOT(>=25%):0
2026-08-13 20:44:55 HEARTBEAT PROCS:61 TOP_MEM:PID:9492/167.9MB TOP_CPU:PID:5012/0% SYS_CPU:7%-WD:0% SYS_MEM:4.6/32GB(14.4%)-WD:3.4GB(10.6%) TRACKING:0 SPIKES:0 KILLS:0
2026-08-13 20:44:55   DIST CPU_IDLE(<1%):61 CPU_NORMAL(1-25%):0 CPU_HOT(>=25%):0
2026-08-13 20:50:00 HEARTBEAT PROCS:46 TOP_MEM:PID:13836/232.7MB TOP_CPU:PID:16932/0% SYS_CPU:1%-WD:0% SYS_MEM:4.5/32GB(14.1%)-WD:3GB(9.4%) TRACKING:0 SPIKES:0 KILLS:0
2026-08-13 20:50:00   DIST CPU_IDLE(<1%):46 CPU_NORMAL(1-25%):0 CPU_HOT(>=25%):0
2026-08-13 20:55:04 HEARTBEAT PROCS:43 TOP_MEM:PID:13836/232.8MB TOP_CPU:PID:15716/0% SYS_CPU:2%-WD:0% SYS_MEM:4.4/32GB(13.8%)-WD:2.8GB(8.8%) TRACKING:0 SPIKES:6 KILLS:0
2026-08-13 20:55:04   DIST CPU_IDLE(<1%):43 CPU_NORMAL(1-25%):0 CPU_HOT(>=25%):0
2026-08-13 21:00:09 HEARTBEAT PROCS:58 TOP_MEM:PID:13836/232.8MB TOP_CPU:PID:16492/0% SYS_CPU:1%-WD:0% SYS_MEM:4.7/32GB(14.7%)-WD:3.4GB(10.6%) TRACKING:0 SPIKES:1 KILLS:0
2026-08-13 21:00:09   DIST CPU_IDLE(<1%):58 CPU_NORMAL(1-25%):0 CPU_HOT(>=25%):0
2026-08-13 21:05:14 HEARTBEAT PROCS:37 TOP_MEM:PID:13836/232.8MB TOP_CPU:PID:17756/0.6% SYS_CPU:1%-WD:0.6% SYS_MEM:4.2/32GB(13.1%)-WD:2.5GB(7.8%) TRACKING:0 SPIKES:0 KILLS:0
2026-08-13 21:05:14   DIST CPU_IDLE(<1%):37 CPU_NORMAL(1-25%):0 CPU_HOT(>=25%):0
2026-08-13 21:10:18 HEARTBEAT PROCS:62 TOP_MEM:PID:9492/167.9MB TOP_CPU:PID:8252/0.6% SYS_CPU:1%-WD:0.6% SYS_MEM:4.4/32GB(13.8%)-WD:3.2GB(10%) TRACKING:0 SPIKES:0 KILLS:0
2026-08-13 21:10:18   DIST CPU_IDLE(<1%):62 CPU_NORMAL(1-25%):0 CPU_HOT(>=25%):0
2026-08-13 21:15:19 HEARTBEAT PROCS:69 TOP_MEM:PID:9492/167.9MB TOP_CPU:PID:16260/0.6% SYS_CPU:4%-WD:0.6% SYS_MEM:4.6/32GB(14.4%)-WD:3.6GB(11.2%) TRACKING:0 SPIKES:1 KILLS:0
2026-08-13 21:15:19   DIST CPU_IDLE(<1%):69 CPU_NORMAL(1-25%):0 CPU_HOT(>=25%):0
2026-08-13 21:20:23 HEARTBEAT PROCS:42 TOP_MEM:PID:9492/167.9MB TOP_CPU:PID:3984/0% SYS_CPU:1%-WD:0% SYS_MEM:4.1/32GB(12.8%)-WD:2.6GB(8.1%) TRACKING:0 SPIKES:0 KILLS:0
2026-08-13 21:20:23   DIST CPU_IDLE(<1%):42 CPU_NORMAL(1-25%):0 CPU_HOT(>=25%):0
2026-08-13 21:25:28 HEARTBEAT PROCS:52 TOP_MEM:PID:14588/113.2MB TOP_CPU:PID:11620/0% SYS_CPU:0%-WD:0% SYS_MEM:4.1/32GB(12.8%)-WD:2.8GB(8.8%) TRACKING:0 SPIKES:0 KILLS:0
2026-08-13 21:25:28   DIST CPU_IDLE(<1%):52 CPU_NORMAL(1-25%):0 CPU_HOT(>=25%):0
2026-08-13 21:30:32 HEARTBEAT PROCS:30 TOP_MEM:PID:14588/113.2MB TOP_CPU:PID:10724/0% SYS_CPU:1%-WD:0% SYS_MEM:3.6/32GB(11.2%)-WD:1.8GB(5.6%) TRACKING:0 SPIKES:6 KILLS:0
2026-08-13 21:30:32   DIST CPU_IDLE(<1%):30 CPU_NORMAL(1-25%):0 CPU_HOT(>=25%):0
2026-08-13 21:35:36 HEARTBEAT PROCS:29 TOP_MEM:PID:11104/108.5MB TOP_CPU:PID:3432/0% SYS_CPU:1%-WD:0% SYS_MEM:3.4/32GB(10.6%)-WD:1.7GB(5.3%) TRACKING:0 SPIKES:0 KILLS:0
2026-08-13 21:35:36   DIST CPU_IDLE(<1%):29 CPU_NORMAL(1-25%):0 CPU_HOT(>=25%):0
2026-08-13 21:40:40 HEARTBEAT PROCS:41 TOP_MEM:PID:16260/110.3MB TOP_CPU:PID:13872/4.4% SYS_CPU:2%-WD:4.4% SYS_MEM:3.7/32GB(11.6%)-WD:2.1GB(6.6%) TRACKING:0 SPIKES:0 KILLS:0
2026-08-13 21:40:40   DIST CPU_IDLE(<1%):40 CPU_NORMAL(1-25%):1 CPU_HOT(>=25%):0
2026-08-13 21:45:45 HEARTBEAT PROCS:41 TOP_MEM:PID:16260/110.3MB TOP_CPU:PID:3052/0% SYS_CPU:1%-WD:0% SYS_MEM:3.8/32GB(11.9%)-WD:2.2GB(6.9%) TRACKING:0 SPIKES:0 KILLS:0
2026-08-13 21:45:45   DIST CPU_IDLE(<1%):41 CPU_NORMAL(1-25%):0 CPU_HOT(>=25%):0
2026-08-13 21:50:50 HEARTBEAT PROCS:41 TOP_MEM:PID:11104/108.5MB TOP_CPU:PID:15512/0% SYS_CPU:0%-WD:0% SYS_MEM:3.8/32GB(11.9%)-WD:2.3GB(7.2%) TRACKING:0 SPIKES:0 KILLS:0
2026-08-13 21:50:50   DIST CPU_IDLE(<1%):41 CPU_NORMAL(1-25%):0 CPU_HOT(>=25%):0
2026-08-13 21:55:54 HEARTBEAT PROCS:31 TOP_MEM:PID:11104/108.5MB TOP_CPU:PID:6888/0% SYS_CPU:1%-WD:0% SYS_MEM:3.5/32GB(10.9%)-WD:1.8GB(5.6%) TRACKING:0 SPIKES:0 KILLS:0
2026-08-13 21:55:54   DIST CPU_IDLE(<1%):31 CPU_NORMAL(1-25%):0 CPU_HOT(>=25%):0
2026-08-13 22:00:58 HEARTBEAT PROCS:39 TOP_MEM:PID:10584/109.1MB TOP_CPU:PID:14356/0% SYS_CPU:1%-WD:0% SYS_MEM:3.7/32GB(11.6%)-WD:2.1GB(6.6%) TRACKING:0 SPIKES:0 KILLS:0
2026-08-13 22:00:58   DIST CPU_IDLE(<1%):39 CPU_NORMAL(1-25%):0 CPU_HOT(>=25%):0
2026-08-13 22:06:03 HEARTBEAT PROCS:40 TOP_MEM:PID:11104/108.5MB TOP_CPU:PID:13468/0% SYS_CPU:0%-WD:0% SYS_MEM:3.7/32GB(11.6%)-WD:2.1GB(6.6%) TRACKING:0 SPIKES:0 KILLS:0
2026-08-13 22:06:03   DIST CPU_IDLE(<1%):40 CPU_NORMAL(1-25%):0 CPU_HOT(>=25%):0
2026-08-13 22:11:07 HEARTBEAT PROCS:58 TOP_MEM:PID:11104/108.5MB TOP_CPU:PID:5244/0% SYS_CPU:2%-WD:0% SYS_MEM:4.1/32GB(12.8%)-WD:2.8GB(8.8%) TRACKING:0 SPIKES:5 KILLS:0
2026-08-13 22:11:07   DIST CPU_IDLE(<1%):58 CPU_NORMAL(1-25%):0 CPU_HOT(>=25%):0
2026-08-13 22:16:12 HEARTBEAT PROCS:54 TOP_MEM:PID:10584/110.7MB TOP_CPU:PID:14004/0% SYS_CPU:1%-WD:0% SYS_MEM:4.1/32GB(12.8%)-WD:2.7GB(8.4%) TRACKING:0 SPIKES:0 KILLS:0
2026-08-13 22:16:12   DIST CPU_IDLE(<1%):54 CPU_NORMAL(1-25%):0 CPU_HOT(>=25%):0
2026-08-13 22:21:17 HEARTBEAT PROCS:42 TOP_MEM:PID:10584/109.1MB TOP_CPU:PID:4500/0% SYS_CPU:1%-WD:0% SYS_MEM:3.7/32GB(11.6%)-WD:2.2GB(6.9%) TRACKING:0 SPIKES:0 KILLS:0
2026-08-13 22:21:17   DIST CPU_IDLE(<1%):42 CPU_NORMAL(1-25%):0 CPU_HOT(>=25%):0
2026-08-13 22:26:22 HEARTBEAT PROCS:69 TOP_MEM:PID:10584/109.3MB TOP_CPU:PID:15248/0% SYS_CPU:1%-WD:0% SYS_MEM:4.3/32GB(13.4%)-WD:3.2GB(10%) TRACKING:0 SPIKES:0 KILLS:0
2026-08-13 22:26:22   DIST CPU_IDLE(<1%):69 CPU_NORMAL(1-25%):0 CPU_HOT(>=25%):0
2026-08-13 22:31:27 HEARTBEAT PROCS:60 TOP_MEM:PID:10584/113.3MB TOP_CPU:PID:15568/0% SYS_CPU:4%-WD:0% SYS_MEM:4.1/32GB(12.8%)-WD:2.8GB(8.8%) TRACKING:0 SPIKES:4 KILLS:0
2026-08-13 22:31:27   DIST CPU_IDLE(<1%):60 CPU_NORMAL(1-25%):0 CPU_HOT(>=25%):0
2026-08-13 22:36:32 HEARTBEAT PROCS:34 TOP_MEM:PID:10584/112.5MB TOP_CPU:PID:16312/0% SYS_CPU:1%-WD:0% SYS_MEM:3.6/32GB(11.2%)-WD:1.9GB(5.9%) TRACKING:0 SPIKES:1 KILLS:0
2026-08-13 22:36:32   DIST CPU_IDLE(<1%):34 CPU_NORMAL(1-25%):0 CPU_HOT(>=25%):0
2026-08-13 22:41:36 HEARTBEAT PROCS:28 TOP_MEM:PID:10584/111.7MB TOP_CPU:PID:14096/0% SYS_CPU:4%-WD:0% SYS_MEM:3.5/32GB(10.9%)-WD:1.6GB(5%) TRACKING:0 SPIKES:0 KILLS:0
2026-08-13 22:41:36   DIST CPU_IDLE(<1%):28 CPU_NORMAL(1-25%):0 CPU_HOT(>=25%):0
2026-08-13 22:46:39 HEARTBEAT PROCS:20 TOP_MEM:PID:10584/111.7MB TOP_CPU:PID:6080/0% SYS_CPU:1%-WD:0% SYS_MEM:3.2/32GB(10%)-WD:1.3GB(4.1%) TRACKING:0 SPIKES:0 KILLS:0
2026-08-13 22:46:39   DIST CPU_IDLE(<1%):20 CPU_NORMAL(1-25%):0 CPU_HOT(>=25%):0
2026-08-13 22:51:43 HEARTBEAT PROCS:32 TOP_MEM:PID:10584/111.7MB TOP_CPU:PID:4620/44.4% SYS_CPU:1%-WD:123.2% SYS_MEM:3.5/32GB(10.9%)-WD:1.8GB(5.6%) TRACKING:2 SPIKES:2 KILLS:0
2026-08-13 22:51:43   DIST CPU_IDLE(<1%):23 CPU_NORMAL(1-25%):7 CPU_HOT(>=25%):2
2026-08-13 22:56:48 HEARTBEAT PROCS:33 TOP_MEM:PID:10584/111.7MB TOP_CPU:PID:10244/0% SYS_CPU:0%-WD:0% SYS_MEM:3.5/32GB(10.9%)-WD:1.8GB(5.6%) TRACKING:0 SPIKES:3 KILLS:0
2026-08-13 22:56:48   DIST CPU_IDLE(<1%):33 CPU_NORMAL(1-25%):0 CPU_HOT(>=25%):0
2026-08-13 23:01:51 HEARTBEAT PROCS:41 TOP_MEM:PID:10584/111.7MB TOP_CPU:PID:16768/0% SYS_CPU:1%-WD:0% SYS_MEM:3.7/32GB(11.6%)-WD:2.1GB(6.6%) TRACKING:0 SPIKES:0 KILLS:0
2026-08-13 23:01:51   DIST CPU_IDLE(<1%):41 CPU_NORMAL(1-25%):0 CPU_HOT(>=25%):0
2026-08-13 23:06:56 HEARTBEAT PROCS:37 TOP_MEM:PID:10584/111.4MB TOP_CPU:PID:6340/0% SYS_CPU:1%-WD:0% SYS_MEM:3.5/32GB(10.9%)-WD:1.8GB(5.6%) TRACKING:0 SPIKES:0 KILLS:0
2026-08-13 23:06:56   DIST CPU_IDLE(<1%):37 CPU_NORMAL(1-25%):0 CPU_HOT(>=25%):0
2026-08-13 23:12:00 HEARTBEAT PROCS:20 TOP_MEM:PID:7576/113.5MB TOP_CPU:PID:11192/0.6% SYS_CPU:1%-WD:0.6% SYS_MEM:3.3/32GB(10.3%)-WD:1.3GB(4.1%) TRACKING:0 SPIKES:0 KILLS:0
2026-08-13 23:12:00   DIST CPU_IDLE(<1%):20 CPU_NORMAL(1-25%):0 CPU_HOT(>=25%):0
2026-08-13 23:17:04 HEARTBEAT PROCS:17 TOP_MEM:PID:8040/163.5MB TOP_CPU:PID:11192/0% SYS_CPU:1%-WD:0% SYS_MEM:3.3/32GB(10.3%)-WD:1.2GB(3.8%) TRACKING:0 SPIKES:2 KILLS:0
2026-08-13 23:17:04   DIST CPU_IDLE(<1%):17 CPU_NORMAL(1-25%):0 CPU_HOT(>=25%):0
2026-08-13 23:22:08 HEARTBEAT PROCS:13 TOP_MEM:PID:10584/115.5MB TOP_CPU:PID:7412/0% SYS_CPU:1%-WD:0% SYS_MEM:3/32GB(9.4%)-WD:0.9GB(2.8%) TRACKING:0 SPIKES:5 KILLS:0
2026-08-13 23:22:08   DIST CPU_IDLE(<1%):13 CPU_NORMAL(1-25%):0 CPU_HOT(>=25%):0
2026-08-13 23:27:12 HEARTBEAT PROCS:16 TOP_MEM:PID:10584/114.7MB TOP_CPU:PID:9600/0% SYS_CPU:0%-WD:0% SYS_MEM:3.2/32GB(10%)-WD:1.1GB(3.4%) TRACKING:0 SPIKES:1 KILLS:0
2026-08-13 23:27:12   DIST CPU_IDLE(<1%):16 CPU_NORMAL(1-25%):0 CPU_HOT(>=25%):0
2026-08-13 23:32:16 HEARTBEAT PROCS:29 TOP_MEM:PID:10584/108.8MB TOP_CPU:PID:6608/0% SYS_CPU:1%-WD:0% SYS_MEM:3.2/32GB(10%)-WD:1.4GB(4.4%) TRACKING:0 SPIKES:1 KILLS:0
2026-08-13 23:32:16   DIST CPU_IDLE(<1%):29 CPU_NORMAL(1-25%):0 CPU_HOT(>=25%):0
2026-08-13 23:37:19 HEARTBEAT PROCS:38 TOP_MEM:PID:10584/114.8MB TOP_CPU:PID:7336/0% SYS_CPU:0%-WD:0% SYS_MEM:3.3/32GB(10.3%)-WD:1.7GB(5.3%) TRACKING:0 SPIKES:0 KILLS:0
2026-08-13 23:37:19   DIST CPU_IDLE(<1%):38 CPU_NORMAL(1-25%):0 CPU_HOT(>=25%):0
2026-08-13 23:42:24 HEARTBEAT PROCS:26 TOP_MEM:PID:10584/114.6MB TOP_CPU:PID:1360/0% SYS_CPU:1%-WD:0% SYS_MEM:3.2/32GB(10%)-WD:1.3GB(4.1%) TRACKING:0 SPIKES:0 KILLS:0
2026-08-13 23:42:24   DIST CPU_IDLE(<1%):26 CPU_NORMAL(1-25%):0 CPU_HOT(>=25%):0
2026-08-13 23:47:28 HEARTBEAT PROCS:29 TOP_MEM:PID:10584/117.3MB TOP_CPU:PID:8660/0% SYS_CPU:1%-WD:0% SYS_MEM:3.3/32GB(10.3%)-WD:1.5GB(4.7%) TRACKING:0 SPIKES:0 KILLS:0
2026-08-13 23:47:28   DIST CPU_IDLE(<1%):29 CPU_NORMAL(1-25%):0 CPU_HOT(>=25%):0
2026-08-13 23:52:31 HEARTBEAT PROCS:14 TOP_MEM:PID:10584/116.5MB TOP_CPU:PID:17324/0% SYS_CPU:1%-WD:0% SYS_MEM:2.9/32GB(9.1%)-WD:0.8GB(2.5%) TRACKING:0 SPIKES:0 KILLS:0
2026-08-13 23:52:31   DIST CPU_IDLE(<1%):14 CPU_NORMAL(1-25%):0 CPU_HOT(>=25%):0
2026-08-13 23:57:36 HEARTBEAT PROCS:16 TOP_MEM:PID:10584/116.6MB TOP_CPU:PID:12628/0% SYS_CPU:1%-WD:0% SYS_MEM:3/32GB(9.4%)-WD:0.9GB(2.8%) TRACKING:0 SPIKES:0 KILLS:0
2026-08-13 23:57:36   DIST CPU_IDLE(<1%):16 CPU_NORMAL(1-25%):0 CPU_HOT(>=25%):0
2026-08-14 00:00:04 DAILY-SUMMARY DATE:2026-08-13 SPIKES:2777 KILLS:10 UNIQUE_PIDS:684 PEAK_MEM:PID:16532/16472.7MB
2026-08-14 00:02:39 HEARTBEAT PROCS:17 TOP_MEM:PID:12628/100.1MB TOP_CPU:PID:17840/2.1% SYS_CPU:1%-WD:2.1% SYS_MEM:3/32GB(9.4%)-WD:0.9GB(2.8%) TRACKING:0 SPIKES:0 KILLS:0
2026-08-14 00:02:39   DIST CPU_IDLE(<1%):16 CPU_NORMAL(1-25%):1 CPU_HOT(>=25%):0
2026-08-14 00:07:43 HEARTBEAT PROCS:17 TOP_MEM:PID:12628/100.1MB TOP_CPU:PID:12628/0% SYS_CPU:34%-WD:0% SYS_MEM:3.3/32GB(10.3%)-WD:0.9GB(2.8%) TRACKING:0 SPIKES:0 KILLS:0
2026-08-14 00:07:43   DIST CPU_IDLE(<1%):17 CPU_NORMAL(1-25%):0 CPU_HOT(>=25%):0
2026-08-14 00:07:43   NON_WD_SPIKE SYS_CPU:34% WD_CPU:0% GAP:34%
2026-08-14 00:07:43   NON_WD PID:13868 NAME:chrome#10 CPU:19.8% MEM:3.3MB CMD:
2026-08-14 00:07:43   NON_WD PID:7288 NAME:chrome CPU:3.8% MEM:36.2MB CMD:"C:\Program Files\Google\Chrome\Application\chrome" --headless --disable-gpu --no-pdf-header-footer --print-to-pdf="C:\Temp\...
2026-08-14 00:07:43   NON_WD PID:8032 NAME:wd280admin#1 CPU:1.5% MEM:16.7MB CMD:"C:\WEBDEV 28\wd280admin.exe" /INTERFONLY
2026-08-14 00:07:43   NON_WD PID:14480 NAME:chrome#2 CPU:0.8% MEM:7.9MB CMD:
2026-08-14 00:07:43   NON_WD PID:3580 NAME:MsMpEng CPU:0.8% MEM:164.6MB CMD:
2026-08-14 00:07:43   NON_WD PID:5604 NAME:chrome#5 CPU:0.8% MEM:51.5MB CMD:
2026-08-14 00:07:43   NON_WD PID:12600 NAME:chrome#6 CPU:0.8% MEM:14.7MB CMD:
2026-08-14 00:07:43   NON_WD PID:3016 NAME:svchost#31 CPU:0% MEM:0.7MB CMD:C:\Windows\system32\svchost.exe -k netsvcs -p -s IKEEXT
2026-08-14 00:07:43   NON_WD PID:2608 NAME:svchost#27 CPU:0% MEM:0.7MB CMD:C:\Windows\System32\svchost.exe -k LocalSystemNetworkRestricted -p -s UmRdpService
2026-08-14 00:07:43   NON_WD PID:2576 NAME:svchost#26 CPU:0% MEM:1MB CMD:C:\Windows\System32\svchost.exe -k NetworkService -p -s LanmanWorkstation
2026-08-14 00:12:48 HEARTBEAT PROCS:10 TOP_MEM:PID:12628/100.1MB TOP_CPU:PID:8796/0% SYS_CPU:0%-WD:0% SYS_MEM:2.8/32GB(8.8%)-WD:0.6GB(1.9%) TRACKING:0 SPIKES:0 KILLS:0
2026-08-14 00:12:48   DIST CPU_IDLE(<1%):10 CPU_NORMAL(1-25%):0 CPU_HOT(>=25%):0
2026-08-14 00:17:51 HEARTBEAT PROCS:13 TOP_MEM:PID:12628/100.1MB TOP_CPU:PID:5156/0% SYS_CPU:1%-WD:0% SYS_MEM:2.8/32GB(8.8%)-WD:0.7GB(2.2%) TRACKING:0 SPIKES:0 KILLS:0
2026-08-14 00:17:51   DIST CPU_IDLE(<1%):13 CPU_NORMAL(1-25%):0 CPU_HOT(>=25%):0
2026-08-14 00:22:55 HEARTBEAT PROCS:11 TOP_MEM:PID:12628/100.1MB TOP_CPU:PID:5524/0% SYS_CPU:1%-WD:0% SYS_MEM:2.8/32GB(8.8%)-WD:0.6GB(1.9%) TRACKING:0 SPIKES:0 KILLS:0
2026-08-14 00:22:55   DIST CPU_IDLE(<1%):11 CPU_NORMAL(1-25%):0 CPU_HOT(>=25%):0
2026-08-14 00:27:59 HEARTBEAT PROCS:15 TOP_MEM:PID:12628/100.1MB TOP_CPU:PID:9524/0% SYS_CPU:1%-WD:0% SYS_MEM:2.9/32GB(9.1%)-WD:0.7GB(2.2%) TRACKING:0 SPIKES:0 KILLS:0
2026-08-14 00:27:59   DIST CPU_IDLE(<1%):15 CPU_NORMAL(1-25%):0 CPU_HOT(>=25%):0
2026-08-14 00:33:03 HEARTBEAT PROCS:4 TOP_MEM:PID:12628/100.1MB TOP_CPU:PID:7792/0% SYS_CPU:1%-WD:0% SYS_MEM:2.6/32GB(8.1%)-WD:0.3GB(0.9%) TRACKING:0 SPIKES:0 KILLS:0
2026-08-14 00:33:03   DIST CPU_IDLE(<1%):4 CPU_NORMAL(1-25%):0 CPU_HOT(>=25%):0
2026-08-14 00:38:07 HEARTBEAT PROCS:4 TOP_MEM:PID:12628/100.1MB TOP_CPU:PID:3248/0% SYS_CPU:1%-WD:0% SYS_MEM:2.6/32GB(8.1%)-WD:0.3GB(0.9%) TRACKING:0 SPIKES:0 KILLS:0
2026-08-14 00:38:07   DIST CPU_IDLE(<1%):4 CPU_NORMAL(1-25%):0 CPU_HOT(>=25%):0
2026-08-14 00:43:10 HEARTBEAT PROCS:3 TOP_MEM:PID:12628/100.1MB TOP_CPU:PID:12628/0% SYS_CPU:1%-WD:0% SYS_MEM:2.6/32GB(8.1%)-WD:0.3GB(0.9%) TRACKING:0 SPIKES:0 KILLS:0
2026-08-14 00:43:10   DIST CPU_IDLE(<1%):3 CPU_NORMAL(1-25%):0 CPU_HOT(>=25%):0
2026-08-14 00:48:14 HEARTBEAT PROCS:4 TOP_MEM:PID:12628/100.1MB TOP_CPU:PID:13280/0% SYS_CPU:0%-WD:0% SYS_MEM:2.5/32GB(7.8%)-WD:0.2GB(0.6%) TRACKING:0 SPIKES:0 KILLS:0
2026-08-14 00:48:14   DIST CPU_IDLE(<1%):4 CPU_NORMAL(1-25%):0 CPU_HOT(>=25%):0
2026-08-14 00:53:18 HEARTBEAT PROCS:4 TOP_MEM:PID:12628/100.1MB TOP_CPU:PID:7360/0% SYS_CPU:0%-WD:0% SYS_MEM:2.6/32GB(8.1%)-WD:0.3GB(0.9%) TRACKING:0 SPIKES:0 KILLS:0
2026-08-14 00:53:18   DIST CPU_IDLE(<1%):4 CPU_NORMAL(1-25%):0 CPU_HOT(>=25%):0
2026-08-14 00:58:21 HEARTBEAT PROCS:4 TOP_MEM:PID:12628/100.1MB TOP_CPU:PID:7360/0% SYS_CPU:1%-WD:0% SYS_MEM:2.6/32GB(8.1%)-WD:0.3GB(0.9%) TRACKING:0 SPIKES:0 KILLS:0
2026-08-14 00:58:21   DIST CPU_IDLE(<1%):4 CPU_NORMAL(1-25%):0 CPU_HOT(>=25%):0
2026-08-14 01:03:26 HEARTBEAT PROCS:4 TOP_MEM:PID:12628/100.1MB TOP_CPU:PID:7360/0% SYS_CPU:5%-WD:0% SYS_MEM:2.7/32GB(8.4%)-WD:0.3GB(0.9%) TRACKING:0 SPIKES:0 KILLS:0
2026-08-14 01:03:26   DIST CPU_IDLE(<1%):4 CPU_NORMAL(1-25%):0 CPU_HOT(>=25%):0
2026-08-14 01:08:29 HEARTBEAT PROCS:10 TOP_MEM:PID:12628/100.1MB TOP_CPU:PID:10936/0% SYS_CPU:0%-WD:0% SYS_MEM:2.7/32GB(8.4%)-WD:0.5GB(1.6%) TRACKING:0 SPIKES:0 KILLS:0
2026-08-14 01:08:29   DIST CPU_IDLE(<1%):10 CPU_NORMAL(1-25%):0 CPU_HOT(>=25%):0
2026-08-14 01:13:33 HEARTBEAT PROCS:4 TOP_MEM:PID:12628/100.1MB TOP_CPU:PID:8088/0% SYS_CPU:1%-WD:0% SYS_MEM:2.6/32GB(8.1%)-WD:0.3GB(0.9%) TRACKING:0 SPIKES:0 KILLS:0
2026-08-14 01:13:33   DIST CPU_IDLE(<1%):4 CPU_NORMAL(1-25%):0 CPU_HOT(>=25%):0
2026-08-14 01:18:37 HEARTBEAT PROCS:3 TOP_MEM:PID:12628/100.1MB TOP_CPU:PID:12628/0% SYS_CPU:1%-WD:0% SYS_MEM:2.6/32GB(8.1%)-WD:0.2GB(0.6%) TRACKING:0 SPIKES:0 KILLS:0
2026-08-14 01:18:37   DIST CPU_IDLE(<1%):3 CPU_NORMAL(1-25%):0 CPU_HOT(>=25%):0
2026-08-14 01:23:40 HEARTBEAT PROCS:11 TOP_MEM:PID:12628/100.1MB TOP_CPU:PID:8796/0% SYS_CPU:1%-WD:0% SYS_MEM:2.7/32GB(8.4%)-WD:0.5GB(1.6%) TRACKING:0 SPIKES:0 KILLS:0
2026-08-14 01:23:40   DIST CPU_IDLE(<1%):11 CPU_NORMAL(1-25%):0 CPU_HOT(>=25%):0
2026-08-14 01:28:44 HEARTBEAT PROCS:4 TOP_MEM:PID:12628/100.1MB TOP_CPU:PID:12832/0% SYS_CPU:2%-WD:0% SYS_MEM:2.6/32GB(8.1%)-WD:0.3GB(0.9%) TRACKING:0 SPIKES:0 KILLS:0
2026-08-14 01:28:44   DIST CPU_IDLE(<1%):4 CPU_NORMAL(1-25%):0 CPU_HOT(>=25%):0
2026-08-14 01:33:48 HEARTBEAT PROCS:2 TOP_MEM:PID:12628/100.1MB TOP_CPU:PID:12628/0% SYS_CPU:0%-WD:0% SYS_MEM:2.5/32GB(7.8%)-WD:0.1GB(0.3%) TRACKING:0 SPIKES:0 KILLS:0
2026-08-14 01:33:48   DIST CPU_IDLE(<1%):2 CPU_NORMAL(1-25%):0 CPU_HOT(>=25%):0
2026-08-14 01:38:52 HEARTBEAT PROCS:6 TOP_MEM:PID:12628/100.1MB TOP_CPU:PID:10092/0% SYS_CPU:1%-WD:0% SYS_MEM:2.5/32GB(7.8%)-WD:0.3GB(0.9%) TRACKING:0 SPIKES:0 KILLS:0
2026-08-14 01:38:52   DIST CPU_IDLE(<1%):6 CPU_NORMAL(1-25%):0 CPU_HOT(>=25%):0
2026-08-14 01:43:55 HEARTBEAT PROCS:1 TOP_MEM:PID:12628/100.1MB TOP_CPU:PID:12628/0% SYS_CPU:1%-WD:0% SYS_MEM:2.5/32GB(7.8%)-WD:0.1GB(0.3%) TRACKING:0 SPIKES:0 KILLS:0
2026-08-14 01:43:55   DIST CPU_IDLE(<1%):1 CPU_NORMAL(1-25%):0 CPU_HOT(>=25%):0
2026-08-14 01:49:00 HEARTBEAT PROCS:2 TOP_MEM:PID:12628/100.1MB TOP_CPU:PID:12628/0% SYS_CPU:1%-WD:0% SYS_MEM:2.5/32GB(7.8%)-WD:0.1GB(0.3%) TRACKING:0 SPIKES:0 KILLS:0
2026-08-14 01:49:00   DIST CPU_IDLE(<1%):2 CPU_NORMAL(1-25%):0 CPU_HOT(>=25%):0
2026-08-14 01:54:03 HEARTBEAT PROCS:1 TOP_MEM:PID:12628/100.1MB TOP_CPU:PID:12628/0% SYS_CPU:0%-WD:0% SYS_MEM:2.5/32GB(7.8%)-WD:0.1GB(0.3%) TRACKING:0 SPIKES:0 KILLS:0
2026-08-14 01:54:03   DIST CPU_IDLE(<1%):1 CPU_NORMAL(1-25%):0 CPU_HOT(>=25%):0
2026-08-14 01:59:07 HEARTBEAT PROCS:1 TOP_MEM:PID:12628/100.1MB TOP_CPU:PID:12628/0% SYS_CPU:1%-WD:0% SYS_MEM:2.5/32GB(7.8%)-WD:0.1GB(0.3%) TRACKING:0 SPIKES:0 KILLS:0
2026-08-14 01:59:07   DIST CPU_IDLE(<1%):1 CPU_NORMAL(1-25%):0 CPU_HOT(>=25%):0
2026-08-14 02:04:11 HEARTBEAT PROCS:5 TOP_MEM:PID:12628/100.1MB TOP_CPU:PID:13252/0% SYS_CPU:0%-WD:0% SYS_MEM:2.5/32GB(7.8%)-WD:0.2GB(0.6%) TRACKING:0 SPIKES:0 KILLS:0
2026-08-14 02:04:11   DIST CPU_IDLE(<1%):5 CPU_NORMAL(1-25%):0 CPU_HOT(>=25%):0
2026-08-14 02:09:15 HEARTBEAT PROCS:5 TOP_MEM:PID:12628/100.1MB TOP_CPU:PID:15976/0% SYS_CPU:0%-WD:0% SYS_MEM:2.5/32GB(7.8%)-WD:0.2GB(0.6%) TRACKING:0 SPIKES:0 KILLS:0
2026-08-14 02:09:15   DIST CPU_IDLE(<1%):5 CPU_NORMAL(1-25%):0 CPU_HOT(>=25%):0
2026-08-14 02:14:18 HEARTBEAT PROCS:1 TOP_MEM:PID:12628/100.1MB TOP_CPU:PID:12628/0% SYS_CPU:0%-WD:0% SYS_MEM:2.5/32GB(7.8%)-WD:0.1GB(0.3%) TRACKING:0 SPIKES:0 KILLS:0
2026-08-14 02:14:18   DIST CPU_IDLE(<1%):1 CPU_NORMAL(1-25%):0 CPU_HOT(>=25%):0
2026-08-14 02:19:22 HEARTBEAT PROCS:1 TOP_MEM:PID:12628/100.1MB TOP_CPU:PID:12628/0% SYS_CPU:1%-WD:0% SYS_MEM:2.5/32GB(7.8%)-WD:0.1GB(0.3%) TRACKING:0 SPIKES:0 KILLS:0
2026-08-14 02:19:22   DIST CPU_IDLE(<1%):1 CPU_NORMAL(1-25%):0 CPU_HOT(>=25%):0
2026-08-14 02:24:26 HEARTBEAT PROCS:1 TOP_MEM:PID:12628/100.1MB TOP_CPU:PID:12628/0% SYS_CPU:2%-WD:0% SYS_MEM:2.5/32GB(7.8%)-WD:0.1GB(0.3%) TRACKING:0 SPIKES:0 KILLS:0
2026-08-14 02:24:26   DIST CPU_IDLE(<1%):1 CPU_NORMAL(1-25%):0 CPU_HOT(>=25%):0
2026-08-14 02:29:30 HEARTBEAT PROCS:6 TOP_MEM:PID:12628/100.1MB TOP_CPU:PID:17584/0% SYS_CPU:1%-WD:0% SYS_MEM:2.6/32GB(8.1%)-WD:0.3GB(0.9%) TRACKING:0 SPIKES:0 KILLS:0
2026-08-14 02:29:30   DIST CPU_IDLE(<1%):6 CPU_NORMAL(1-25%):0 CPU_HOT(>=25%):0
2026-08-14 02:34:33 HEARTBEAT PROCS:2 TOP_MEM:PID:12628/100.1MB TOP_CPU:PID:7548/0% SYS_CPU:1%-WD:0% SYS_MEM:2.5/32GB(7.8%)-WD:0.1GB(0.3%) TRACKING:0 SPIKES:0 KILLS:0
2026-08-14 02:34:33   DIST CPU_IDLE(<1%):2 CPU_NORMAL(1-25%):0 CPU_HOT(>=25%):0
2026-08-14 02:39:37 HEARTBEAT PROCS:1 TOP_MEM:PID:12628/100.1MB TOP_CPU:PID:12628/0% SYS_CPU:1%-WD:0% SYS_MEM:2.5/32GB(7.8%)-WD:0.1GB(0.3%) TRACKING:0 SPIKES:0 KILLS:0
2026-08-14 02:39:37   DIST CPU_IDLE(<1%):1 CPU_NORMAL(1-25%):0 CPU_HOT(>=25%):0
2026-08-14 02:44:41 HEARTBEAT PROCS:1 TOP_MEM:PID:12628/100.1MB TOP_CPU:PID:12628/0% SYS_CPU:0%-WD:0% SYS_MEM:2.5/32GB(7.8%)-WD:0.1GB(0.3%) TRACKING:0 SPIKES:0 KILLS:0
2026-08-14 02:44:41   DIST CPU_IDLE(<1%):1 CPU_NORMAL(1-25%):0 CPU_HOT(>=25%):0
2026-08-14 02:49:44 HEARTBEAT PROCS:2 TOP_MEM:PID:12628/100.1MB TOP_CPU:PID:12628/0% SYS_CPU:1%-WD:0% SYS_MEM:2.5/32GB(7.8%)-WD:0.1GB(0.3%) TRACKING:0 SPIKES:0 KILLS:0
2026-08-14 02:49:44   DIST CPU_IDLE(<1%):2 CPU_NORMAL(1-25%):0 CPU_HOT(>=25%):0
2026-08-14 02:54:49 HEARTBEAT PROCS:3 TOP_MEM:PID:12628/100.1MB TOP_CPU:PID:12628/0% SYS_CPU:1%-WD:0% SYS_MEM:2.5/32GB(7.8%)-WD:0.2GB(0.6%) TRACKING:0 SPIKES:0 KILLS:0
2026-08-14 02:54:49   DIST CPU_IDLE(<1%):3 CPU_NORMAL(1-25%):0 CPU_HOT(>=25%):0
2026-08-14 02:59:52 HEARTBEAT PROCS:1 TOP_MEM:PID:14104/49.9MB TOP_CPU:PID:14104/0% SYS_CPU:1%-WD:0% SYS_MEM:2.4/32GB(7.5%)-WD:0GB(0%) TRACKING:0 SPIKES:0 KILLS:0
2026-08-14 02:59:52   DIST CPU_IDLE(<1%):1 CPU_NORMAL(1-25%):0 CPU_HOT(>=25%):0
2026-08-14 03:04:55 HEARTBEAT PROCS:0 TOP_MEM:none TOP_CPU:none SYS_CPU:1%-WD:0% SYS_MEM:2.4/32GB(7.5%)-WD:0GB(0%) TRACKING:0 SPIKES:0 KILLS:0
2026-08-14 03:04:55   DIST CPU_IDLE(<1%):0 CPU_NORMAL(1-25%):0 CPU_HOT(>=25%):0
2026-08-14 03:09:59 HEARTBEAT PROCS:0 TOP_MEM:none TOP_CPU:none SYS_CPU:1%-WD:0% SYS_MEM:2.4/32GB(7.5%)-WD:0GB(0%) TRACKING:0 SPIKES:0 KILLS:0
2026-08-14 03:09:59   DIST CPU_IDLE(<1%):0 CPU_NORMAL(1-25%):0 CPU_HOT(>=25%):0
2026-08-14 03:15:02 HEARTBEAT PROCS:4 TOP_MEM:PID:10280/34.4MB TOP_CPU:PID:13456/0% SYS_CPU:0%-WD:0% SYS_MEM:2.5/32GB(7.8%)-WD:0.1GB(0.3%) TRACKING:0 SPIKES:0 KILLS:0
2026-08-14 03:15:02   DIST CPU_IDLE(<1%):4 CPU_NORMAL(1-25%):0 CPU_HOT(>=25%):0
2026-08-14 03:20:05 HEARTBEAT PROCS:1 TOP_MEM:PID:12796/43.5MB TOP_CPU:PID:12796/0% SYS_CPU:1%-WD:0% SYS_MEM:2.4/32GB(7.5%)-WD:0GB(0%) TRACKING:0 SPIKES:0 KILLS:0
2026-08-14 03:20:05   DIST CPU_IDLE(<1%):1 CPU_NORMAL(1-25%):0 CPU_HOT(>=25%):0
2026-08-14 03:25:09 HEARTBEAT PROCS:0 TOP_MEM:none TOP_CPU:none SYS_CPU:0%-WD:0% SYS_MEM:2.4/32GB(7.5%)-WD:0GB(0%) TRACKING:0 SPIKES:0 KILLS:0
2026-08-14 03:25:09   DIST CPU_IDLE(<1%):0 CPU_NORMAL(1-25%):0 CPU_HOT(>=25%):0
2026-08-14 03:30:12 HEARTBEAT PROCS:1 TOP_MEM:PID:16420/35.4MB TOP_CPU:PID:16420/0% SYS_CPU:0%-WD:0% SYS_MEM:2.4/32GB(7.5%)-WD:0GB(0%) TRACKING:0 SPIKES:0 KILLS:0
2026-08-14 03:30:12   DIST CPU_IDLE(<1%):1 CPU_NORMAL(1-25%):0 CPU_HOT(>=25%):0
2026-08-14 03:35:16 HEARTBEAT PROCS:1 TOP_MEM:PID:12132/43.5MB TOP_CPU:PID:12132/0% SYS_CPU:11%-WD:0% SYS_MEM:2.5/32GB(7.8%)-WD:0GB(0%) TRACKING:0 SPIKES:0 KILLS:0
2026-08-14 03:35:16   DIST CPU_IDLE(<1%):1 CPU_NORMAL(1-25%):0 CPU_HOT(>=25%):0
2026-08-14 03:40:19 HEARTBEAT PROCS:2 TOP_MEM:PID:12132/113.4MB TOP_CPU:PID:12132/0% SYS_CPU:0%-WD:0% SYS_MEM:2.6/32GB(8.1%)-WD:0.2GB(0.6%) TRACKING:0 SPIKES:0 KILLS:0
2026-08-14 03:40:19   DIST CPU_IDLE(<1%):2 CPU_NORMAL(1-25%):0 CPU_HOT(>=25%):0
2026-08-14 03:45:24 HEARTBEAT PROCS:1 TOP_MEM:PID:12132/113.4MB TOP_CPU:PID:12132/0% SYS_CPU:1%-WD:0% SYS_MEM:2.6/32GB(8.1%)-WD:0.1GB(0.3%) TRACKING:0 SPIKES:0 KILLS:0
2026-08-14 03:45:24   DIST CPU_IDLE(<1%):1 CPU_NORMAL(1-25%):0 CPU_HOT(>=25%):0
2026-08-14 03:50:27 HEARTBEAT PROCS:1 TOP_MEM:PID:12132/113.4MB TOP_CPU:PID:12132/0% SYS_CPU:1%-WD:0% SYS_MEM:2.7/32GB(8.4%)-WD:0.1GB(0.3%) TRACKING:0 SPIKES:0 KILLS:0
2026-08-14 03:50:27   DIST CPU_IDLE(<1%):1 CPU_NORMAL(1-25%):0 CPU_HOT(>=25%):0
2026-08-14 03:55:30 HEARTBEAT PROCS:0 TOP_MEM:none TOP_CPU:none SYS_CPU:1%-WD:0% SYS_MEM:2.5/32GB(7.8%)-WD:0GB(0%) TRACKING:0 SPIKES:0 KILLS:0
2026-08-14 03:55:30   DIST CPU_IDLE(<1%):0 CPU_NORMAL(1-25%):0 CPU_HOT(>=25%):0
2026-08-14 04:00:34 HEARTBEAT PROCS:1 TOP_MEM:PID:14628/40.6MB TOP_CPU:PID:14628/0% SYS_CPU:1%-WD:0% SYS_MEM:2.6/32GB(8.1%)-WD:0GB(0%) TRACKING:0 SPIKES:0 KILLS:0
2026-08-14 04:00:34   DIST CPU_IDLE(<1%):1 CPU_NORMAL(1-25%):0 CPU_HOT(>=25%):0
2026-08-14 04:05:37 HEARTBEAT PROCS:0 TOP_MEM:none TOP_CPU:none SYS_CPU:1%-WD:0% SYS_MEM:2.6/32GB(8.1%)-WD:0GB(0%) TRACKING:0 SPIKES:0 KILLS:0
2026-08-14 04:05:37   DIST CPU_IDLE(<1%):0 CPU_NORMAL(1-25%):0 CPU_HOT(>=25%):0
2026-08-14 04:10:40 HEARTBEAT PROCS:0 TOP_MEM:none TOP_CPU:none SYS_CPU:1%-WD:0% SYS_MEM:2.6/32GB(8.1%)-WD:0GB(0%) TRACKING:0 SPIKES:0 KILLS:0
2026-08-14 04:10:40   DIST CPU_IDLE(<1%):0 CPU_NORMAL(1-25%):0 CPU_HOT(>=25%):0
2026-08-14 04:15:43 HEARTBEAT PROCS:4 TOP_MEM:PID:6636/34.4MB TOP_CPU:PID:11440/0% SYS_CPU:2%-WD:0% SYS_MEM:2.7/32GB(8.4%)-WD:0.1GB(0.3%) TRACKING:0 SPIKES:0 KILLS:0
2026-08-14 04:15:43   DIST CPU_IDLE(<1%):4 CPU_NORMAL(1-25%):0 CPU_HOT(>=25%):0
2026-08-14 04:20:47 HEARTBEAT PROCS:3 TOP_MEM:PID:11688/34.3MB TOP_CPU:PID:2920/0% SYS_CPU:1%-WD:0% SYS_MEM:2.6/32GB(8.1%)-WD:0.1GB(0.3%) TRACKING:0 SPIKES:0 KILLS:0
2026-08-14 04:20:47   DIST CPU_IDLE(<1%):3 CPU_NORMAL(1-25%):0 CPU_HOT(>=25%):0
2026-08-14 04:25:50 HEARTBEAT PROCS:2 TOP_MEM:PID:15624/49.6MB TOP_CPU:PID:15624/0% SYS_CPU:1%-WD:0% SYS_MEM:2.6/32GB(8.1%)-WD:0.1GB(0.3%) TRACKING:0 SPIKES:0 KILLS:0
2026-08-14 04:25:50   DIST CPU_IDLE(<1%):2 CPU_NORMAL(1-25%):0 CPU_HOT(>=25%):0
2026-08-14 04:30:54 HEARTBEAT PROCS:2 TOP_MEM:PID:15624/49.6MB TOP_CPU:PID:15624/0% SYS_CPU:2%-WD:0% SYS_MEM:2.6/32GB(8.1%)-WD:0.1GB(0.3%) TRACKING:0 SPIKES:0 KILLS:0
2026-08-14 04:30:54   DIST CPU_IDLE(<1%):2 CPU_NORMAL(1-25%):0 CPU_HOT(>=25%):0
2026-08-14 04:35:57 HEARTBEAT PROCS:0 TOP_MEM:none TOP_CPU:none SYS_CPU:1%-WD:0% SYS_MEM:2.6/32GB(8.1%)-WD:0GB(0%) TRACKING:0 SPIKES:0 KILLS:0
2026-08-14 04:35:57   DIST CPU_IDLE(<1%):0 CPU_NORMAL(1-25%):0 CPU_HOT(>=25%):0
2026-08-14 04:41:00 HEARTBEAT PROCS:0 TOP_MEM:none TOP_CPU:none SYS_CPU:1%-WD:0% SYS_MEM:2.6/32GB(8.1%)-WD:0GB(0%) TRACKING:0 SPIKES:0 KILLS:0
2026-08-14 04:41:00   DIST CPU_IDLE(<1%):0 CPU_NORMAL(1-25%):0 CPU_HOT(>=25%):0
2026-08-14 04:46:04 HEARTBEAT PROCS:4 TOP_MEM:PID:8700/34.8MB TOP_CPU:PID:16700/0% SYS_CPU:2%-WD:0% SYS_MEM:2.7/32GB(8.4%)-WD:0.1GB(0.3%) TRACKING:0 SPIKES:0 KILLS:0
2026-08-14 04:46:04   DIST CPU_IDLE(<1%):4 CPU_NORMAL(1-25%):0 CPU_HOT(>=25%):0
2026-08-14 04:51:07 HEARTBEAT PROCS:2 TOP_MEM:PID:1208/49.8MB TOP_CPU:PID:1124/0% SYS_CPU:0%-WD:0% SYS_MEM:2.6/32GB(8.1%)-WD:0.1GB(0.3%) TRACKING:0 SPIKES:0 KILLS:0
2026-08-14 04:51:07   DIST CPU_IDLE(<1%):2 CPU_NORMAL(1-25%):0 CPU_HOT(>=25%):0
2026-08-14 04:56:11 HEARTBEAT PROCS:4 TOP_MEM:PID:1208/49.9MB TOP_CPU:PID:1124/0% SYS_CPU:1%-WD:0% SYS_MEM:2.7/32GB(8.4%)-WD:0.2GB(0.6%) TRACKING:0 SPIKES:0 KILLS:0
2026-08-14 04:56:11   DIST CPU_IDLE(<1%):4 CPU_NORMAL(1-25%):0 CPU_HOT(>=25%):0
2026-08-14 05:01:15 HEARTBEAT PROCS:7 TOP_MEM:PID:11840/57.2MB TOP_CPU:PID:7776/0% SYS_CPU:11%-WD:0% SYS_MEM:2.8/32GB(8.8%)-WD:0.3GB(0.9%) TRACKING:0 SPIKES:0 KILLS:0
2026-08-14 05:01:15   DIST CPU_IDLE(<1%):7 CPU_NORMAL(1-25%):0 CPU_HOT(>=25%):0
2026-08-14 05:06:19 HEARTBEAT PROCS:4 TOP_MEM:PID:11840/57.3MB TOP_CPU:PID:11840/0% SYS_CPU:1%-WD:0% SYS_MEM:2.7/32GB(8.4%)-WD:0.2GB(0.6%) TRACKING:0 SPIKES:0 KILLS:0
2026-08-14 05:06:19   DIST CPU_IDLE(<1%):4 CPU_NORMAL(1-25%):0 CPU_HOT(>=25%):0
2026-08-14 05:11:22 HEARTBEAT PROCS:4 TOP_MEM:PID:14184/77.3MB TOP_CPU:PID:14184/0% SYS_CPU:2%-WD:0% SYS_MEM:2.7/32GB(8.4%)-WD:0.2GB(0.6%) TRACKING:0 SPIKES:0 KILLS:0
2026-08-14 05:11:22   DIST CPU_IDLE(<1%):4 CPU_NORMAL(1-25%):0 CPU_HOT(>=25%):0
2026-08-14 05:16:26 HEARTBEAT PROCS:7 TOP_MEM:PID:14184/77.4MB TOP_CPU:PID:11840/0% SYS_CPU:1%-WD:0% SYS_MEM:2.8/32GB(8.8%)-WD:0.3GB(0.9%) TRACKING:0 SPIKES:0 KILLS:0
2026-08-14 05:16:26   DIST CPU_IDLE(<1%):7 CPU_NORMAL(1-25%):0 CPU_HOT(>=25%):0
2026-08-14 05:21:30 HEARTBEAT PROCS:13 TOP_MEM:PID:14184/79.4MB TOP_CPU:PID:14184/0% SYS_CPU:1%-WD:0% SYS_MEM:2.9/32GB(9.1%)-WD:0.5GB(1.6%) TRACKING:0 SPIKES:0 KILLS:0
2026-08-14 05:21:30   DIST CPU_IDLE(<1%):13 CPU_NORMAL(1-25%):0 CPU_HOT(>=25%):0
2026-08-14 05:26:34 HEARTBEAT PROCS:3 TOP_MEM:PID:14184/88.5MB TOP_CPU:PID:14184/0% SYS_CPU:1%-WD:0% SYS_MEM:2.7/32GB(8.4%)-WD:0.2GB(0.6%) TRACKING:0 SPIKES:0 KILLS:0
2026-08-14 05:26:34   DIST CPU_IDLE(<1%):3 CPU_NORMAL(1-25%):0 CPU_HOT(>=25%):0
2026-08-14 05:31:37 HEARTBEAT PROCS:1 TOP_MEM:PID:14184/89.9MB TOP_CPU:PID:14184/0% SYS_CPU:1%-WD:0% SYS_MEM:2.6/32GB(8.1%)-WD:0.1GB(0.3%) TRACKING:0 SPIKES:0 KILLS:0
2026-08-14 05:31:37   DIST CPU_IDLE(<1%):1 CPU_NORMAL(1-25%):0 CPU_HOT(>=25%):0
2026-08-14 05:36:42 HEARTBEAT PROCS:1 TOP_MEM:PID:14184/98.5MB TOP_CPU:PID:14184/0% SYS_CPU:0%-WD:0% SYS_MEM:2.7/32GB(8.4%)-WD:0.1GB(0.3%) TRACKING:0 SPIKES:0 KILLS:0
2026-08-14 05:36:42   DIST CPU_IDLE(<1%):1 CPU_NORMAL(1-25%):0 CPU_HOT(>=25%):0
2026-08-14 05:41:45 HEARTBEAT PROCS:7 TOP_MEM:PID:14184/94.1MB TOP_CPU:PID:11720/0% SYS_CPU:2%-WD:0% SYS_MEM:2.8/32GB(8.8%)-WD:0.3GB(0.9%) TRACKING:0 SPIKES:0 KILLS:0
2026-08-14 05:41:45   DIST CPU_IDLE(<1%):7 CPU_NORMAL(1-25%):0 CPU_HOT(>=25%):0
2026-08-14 05:46:49 HEARTBEAT PROCS:4 TOP_MEM:PID:14184/94.1MB TOP_CPU:PID:14184/0% SYS_CPU:1%-WD:0% SYS_MEM:2.7/32GB(8.4%)-WD:0.2GB(0.6%) TRACKING:0 SPIKES:0 KILLS:0
2026-08-14 05:46:49   DIST CPU_IDLE(<1%):4 CPU_NORMAL(1-25%):0 CPU_HOT(>=25%):0
2026-08-14 05:51:53 HEARTBEAT PROCS:1 TOP_MEM:PID:14184/92.8MB TOP_CPU:PID:14184/0% SYS_CPU:2%-WD:0% SYS_MEM:2.7/32GB(8.4%)-WD:0.1GB(0.3%) TRACKING:0 SPIKES:0 KILLS:0
2026-08-14 05:51:53   DIST CPU_IDLE(<1%):1 CPU_NORMAL(1-25%):0 CPU_HOT(>=25%):0
2026-08-14 05:56:57 HEARTBEAT PROCS:9 TOP_MEM:PID:14184/97.7MB TOP_CPU:PID:5872/0% SYS_CPU:1%-WD:0% SYS_MEM:2.8/32GB(8.8%)-WD:0.4GB(1.2%) TRACKING:0 SPIKES:0 KILLS:0
2026-08-14 05:56:57   DIST CPU_IDLE(<1%):9 CPU_NORMAL(1-25%):0 CPU_HOT(>=25%):0
2026-08-14 06:02:00 HEARTBEAT PROCS:3 TOP_MEM:PID:14184/94.5MB TOP_CPU:PID:10752/0% SYS_CPU:0%-WD:0% SYS_MEM:2.7/32GB(8.4%)-WD:0.2GB(0.6%) TRACKING:0 SPIKES:0 KILLS:0
2026-08-14 06:02:00   DIST CPU_IDLE(<1%):3 CPU_NORMAL(1-25%):0 CPU_HOT(>=25%):0
2026-08-14 06:07:04 HEARTBEAT PROCS:8 TOP_MEM:PID:14184/94.5MB TOP_CPU:PID:14184/0% SYS_CPU:1%-WD:0% SYS_MEM:2.8/32GB(8.8%)-WD:0.4GB(1.2%) TRACKING:0 SPIKES:0 KILLS:0
2026-08-14 06:07:04   DIST CPU_IDLE(<1%):8 CPU_NORMAL(1-25%):0 CPU_HOT(>=25%):0
2026-08-14 06:12:08 HEARTBEAT PROCS:19 TOP_MEM:PID:14184/95.7MB TOP_CPU:PID:15056/0% SYS_CPU:1%-WD:0% SYS_MEM:3/32GB(9.4%)-WD:0.7GB(2.2%) TRACKING:0 SPIKES:0 KILLS:0
2026-08-14 06:12:08   DIST CPU_IDLE(<1%):19 CPU_NORMAL(1-25%):0 CPU_HOT(>=25%):0
2026-08-14 06:17:12 HEARTBEAT PROCS:4 TOP_MEM:PID:14184/97.6MB TOP_CPU:PID:14184/0% SYS_CPU:1%-WD:0% SYS_MEM:2.7/32GB(8.4%)-WD:0.2GB(0.6%) TRACKING:0 SPIKES:0 KILLS:0
2026-08-14 06:17:12   DIST CPU_IDLE(<1%):4 CPU_NORMAL(1-25%):0 CPU_HOT(>=25%):0
2026-08-14 06:22:16 HEARTBEAT PROCS:5 TOP_MEM:PID:14184/97.6MB TOP_CPU:PID:17060/0% SYS_CPU:0%-WD:0% SYS_MEM:2.8/32GB(8.8%)-WD:0.3GB(0.9%) TRACKING:0 SPIKES:0 KILLS:0
2026-08-14 06:22:16   DIST CPU_IDLE(<1%):5 CPU_NORMAL(1-25%):0 CPU_HOT(>=25%):0
2026-08-14 06:27:19 HEARTBEAT PROCS:8 TOP_MEM:PID:14184/97.6MB TOP_CPU:PID:16340/0% SYS_CPU:2%-WD:0% SYS_MEM:2.9/32GB(9.1%)-WD:0.4GB(1.2%) TRACKING:0 SPIKES:0 KILLS:0
2026-08-14 06:27:19   DIST CPU_IDLE(<1%):8 CPU_NORMAL(1-25%):0 CPU_HOT(>=25%):0
2026-08-14 06:32:23 HEARTBEAT PROCS:17 TOP_MEM:PID:14184/91.5MB TOP_CPU:PID:14184/0% SYS_CPU:1%-WD:0% SYS_MEM:3.1/32GB(9.7%)-WD:0.8GB(2.5%) TRACKING:0 SPIKES:0 KILLS:0
2026-08-14 06:32:23   DIST CPU_IDLE(<1%):17 CPU_NORMAL(1-25%):0 CPU_HOT(>=25%):0
2026-08-14 06:37:27 HEARTBEAT PROCS:29 TOP_MEM:PID:14184/94.2MB TOP_CPU:PID:204/2.8% SYS_CPU:1%-WD:2.8% SYS_MEM:3.3/32GB(10.3%)-WD:1.2GB(3.8%) TRACKING:0 SPIKES:1 KILLS:0
2026-08-14 06:37:27   DIST CPU_IDLE(<1%):28 CPU_NORMAL(1-25%):1 CPU_HOT(>=25%):0
2026-08-14 06:42:32 HEARTBEAT PROCS:52 TOP_MEM:PID:13768/84.3MB TOP_CPU:PID:204/91.1% SYS_CPU:1%-WD:198.3% SYS_MEM:3.7/32GB(11.6%)-WD:2.2GB(6.9%) TRACKING:3 SPIKES:3 KILLS:0
2026-08-14 06:42:32   DIST CPU_IDLE(<1%):38 CPU_NORMAL(1-25%):11 CPU_HOT(>=25%):3
2026-08-14 06:47:35 HEARTBEAT PROCS:23 TOP_MEM:PID:204/98MB TOP_CPU:PID:6712/0% SYS_CPU:1%-WD:0% SYS_MEM:3.3/32GB(10.3%)-WD:1.2GB(3.8%) TRACKING:0 SPIKES:0 KILLS:0
2026-08-14 06:47:35   DIST CPU_IDLE(<1%):23 CPU_NORMAL(1-25%):0 CPU_HOT(>=25%):0
2026-08-14 06:52:39 HEARTBEAT PROCS:19 TOP_MEM:PID:204/87.1MB TOP_CPU:PID:3784/0% SYS_CPU:0%-WD:0% SYS_MEM:3.2/32GB(10%)-WD:1GB(3.1%) TRACKING:0 SPIKES:0 KILLS:0
2026-08-14 06:52:39   DIST CPU_IDLE(<1%):19 CPU_NORMAL(1-25%):0 CPU_HOT(>=25%):0
2026-08-14 06:57:43 HEARTBEAT PROCS:32 TOP_MEM:PID:204/99.5MB TOP_CPU:PID:1632/0% SYS_CPU:2%-WD:0% SYS_MEM:3.4/32GB(10.6%)-WD:1.4GB(4.4%) TRACKING:0 SPIKES:0 KILLS:0
2026-08-14 06:57:43   DIST CPU_IDLE(<1%):32 CPU_NORMAL(1-25%):0 CPU_HOT(>=25%):0
2026-08-14 07:02:48 HEARTBEAT PROCS:37 TOP_MEM:PID:204/101.1MB TOP_CPU:PID:6448/0% SYS_CPU:2%-WD:0% SYS_MEM:3.6/32GB(11.2%)-WD:1.7GB(5.3%) TRACKING:0 SPIKES:0 KILLS:0
2026-08-14 07:02:48   DIST CPU_IDLE(<1%):37 CPU_NORMAL(1-25%):0 CPU_HOT(>=25%):0
2026-08-14 07:07:52 HEARTBEAT PROCS:51 TOP_MEM:PID:204/101.6MB TOP_CPU:PID:1720/0% SYS_CPU:1%-WD:0% SYS_MEM:4/32GB(12.5%)-WD:2.3GB(7.2%) TRACKING:0 SPIKES:4 KILLS:0
2026-08-14 07:07:52   DIST CPU_IDLE(<1%):51 CPU_NORMAL(1-25%):0 CPU_HOT(>=25%):0
2026-08-14 07:12:57 HEARTBEAT PROCS:37 TOP_MEM:PID:204/102.7MB TOP_CPU:PID:14452/0% SYS_CPU:1%-WD:0% SYS_MEM:3.6/32GB(11.2%)-WD:1.8GB(5.6%) TRACKING:0 SPIKES:0 KILLS:0
2026-08-14 07:12:57   DIST CPU_IDLE(<1%):37 CPU_NORMAL(1-25%):0 CPU_HOT(>=25%):0
2026-08-14 07:18:01 HEARTBEAT PROCS:32 TOP_MEM:PID:204/101.7MB TOP_CPU:PID:208/0% SYS_CPU:0%-WD:0% SYS_MEM:3.5/32GB(10.9%)-WD:1.5GB(4.7%) TRACKING:0 SPIKES:0 KILLS:0
2026-08-14 07:18:01   DIST CPU_IDLE(<1%):32 CPU_NORMAL(1-25%):0 CPU_HOT(>=25%):0
2026-08-14 07:23:05 HEARTBEAT PROCS:29 TOP_MEM:PID:13768/195.8MB TOP_CPU:PID:8576/0% SYS_CPU:0%-WD:0% SYS_MEM:3.6/32GB(11.2%)-WD:1.6GB(5%) TRACKING:0 SPIKES:2 KILLS:0
2026-08-14 07:23:05   DIST CPU_IDLE(<1%):29 CPU_NORMAL(1-25%):0 CPU_HOT(>=25%):0
2026-08-14 07:28:09 HEARTBEAT PROCS:23 TOP_MEM:PID:204/104.4MB TOP_CPU:PID:11816/0% SYS_CPU:1%-WD:0% SYS_MEM:3.5/32GB(10.9%)-WD:1.4GB(4.4%) TRACKING:0 SPIKES:0 KILLS:0
2026-08-14 07:28:09   DIST CPU_IDLE(<1%):23 CPU_NORMAL(1-25%):0 CPU_HOT(>=25%):0
2026-08-14 07:33:13 HEARTBEAT PROCS:34 TOP_MEM:PID:204/101.7MB TOP_CPU:PID:15072/0% SYS_CPU:1%-WD:0% SYS_MEM:3.8/32GB(11.9%)-WD:1.9GB(5.9%) TRACKING:0 SPIKES:0 KILLS:0
2026-08-14 07:33:13   DIST CPU_IDLE(<1%):34 CPU_NORMAL(1-25%):0 CPU_HOT(>=25%):0
2026-08-14 07:38:17 HEARTBEAT PROCS:42 TOP_MEM:PID:204/115.6MB TOP_CPU:PID:17388/0% SYS_CPU:1%-WD:0% SYS_MEM:4.1/32GB(12.8%)-WD:2.3GB(7.2%) TRACKING:0 SPIKES:0 KILLS:0
2026-08-14 07:38:17   DIST CPU_IDLE(<1%):42 CPU_NORMAL(1-25%):0 CPU_HOT(>=25%):0
2026-08-14 07:43:22 HEARTBEAT PROCS:61 TOP_MEM:PID:13768/199.2MB TOP_CPU:PID:2920/0.6% SYS_CPU:1%-WD:0.6% SYS_MEM:4.8/32GB(15%)-WD:3.4GB(10.6%) TRACKING:0 SPIKES:0 KILLS:0
2026-08-14 07:43:22   DIST CPU_IDLE(<1%):61 CPU_NORMAL(1-25%):0 CPU_HOT(>=25%):0
2026-08-14 07:48:27 HEARTBEAT PROCS:54 TOP_MEM:PID:15248/136.8MB TOP_CPU:PID:8744/0% SYS_CPU:1%-WD:0% SYS_MEM:4.7/32GB(14.7%)-WD:3.1GB(9.7%) TRACKING:0 SPIKES:6 KILLS:0
2026-08-14 07:48:27   DIST CPU_IDLE(<1%):54 CPU_NORMAL(1-25%):0 CPU_HOT(>=25%):0
2026-08-14 07:53:31 HEARTBEAT PROCS:62 TOP_MEM:PID:15248/141.9MB TOP_CPU:PID:17556/8% SYS_CPU:2%-WD:8% SYS_MEM:4.9/32GB(15.3%)-WD:3.5GB(10.9%) TRACKING:0 SPIKES:3 KILLS:0
2026-08-14 07:53:31   DIST CPU_IDLE(<1%):62 CPU_NORMAL(1-25%):0 CPU_HOT(>=25%):0
2026-08-14 07:58:32 HEARTBEAT PROCS:68 TOP_MEM:PID:15248/138.7MB TOP_CPU:PID:18192/0% SYS_CPU:1%-WD:0% SYS_MEM:5.2/32GB(16.2%)-WD:3.9GB(12.2%) TRACKING:0 SPIKES:0 KILLS:0
2026-08-14 07:58:32   DIST CPU_IDLE(<1%):68 CPU_NORMAL(1-25%):0 CPU_HOT(>=25%):0
2026-08-14 08:03:32 HEARTBEAT PROCS:91 TOP_MEM:PID:15248/135.7MB TOP_CPU:PID:3548/0% SYS_CPU:1%-WD:0% SYS_MEM:5.7/32GB(17.8%)-WD:4.8GB(15%) TRACKING:0 SPIKES:2 KILLS:0
2026-08-14 08:03:32   DIST CPU_IDLE(<1%):91 CPU_NORMAL(1-25%):0 CPU_HOT(>=25%):0
2026-08-14 08:08:32 HEARTBEAT PROCS:76 TOP_MEM:PID:15248/137.4MB TOP_CPU:PID:2236/1.4% SYS_CPU:1%-WD:1.4% SYS_MEM:5.5/32GB(17.2%)-WD:4.4GB(13.8%) TRACKING:0 SPIKES:14 KILLS:0
2026-08-14 08:08:32   DIST CPU_IDLE(<1%):75 CPU_NORMAL(1-25%):1 CPU_HOT(>=25%):0
2026-08-14 08:13:33 HEARTBEAT PROCS:90 TOP_MEM:PID:15248/137.4MB TOP_CPU:PID:14400/0% SYS_CPU:0%-WD:0% SYS_MEM:6.1/32GB(19.1%)-WD:5.3GB(16.6%) TRACKING:0 SPIKES:6 KILLS:0
2026-08-14 08:13:33   DIST CPU_IDLE(<1%):90 CPU_NORMAL(1-25%):0 CPU_HOT(>=25%):0
2026-08-14 08:18:34 HEARTBEAT PROCS:114 TOP_MEM:PID:15248/138.3MB TOP_CPU:PID:8744/0% SYS_CPU:2%-WD:0% SYS_MEM:6.7/32GB(20.9%)-WD:6.3GB(19.7%) TRACKING:0 SPIKES:4 KILLS:0
2026-08-14 08:18:34   DIST CPU_IDLE(<1%):114 CPU_NORMAL(1-25%):0 CPU_HOT(>=25%):0
2026-08-14 08:23:35 HEARTBEAT PROCS:117 TOP_MEM:PID:15248/135.7MB TOP_CPU:PID:832/4.1% SYS_CPU:1%-WD:4.1% SYS_MEM:7/32GB(21.9%)-WD:6.7GB(20.9%) TRACKING:0 SPIKES:12 KILLS:0
2026-08-14 08:23:35   DIST CPU_IDLE(<1%):116 CPU_NORMAL(1-25%):1 CPU_HOT(>=25%):0
2026-08-14 08:28:37 HEARTBEAT PROCS:139 TOP_MEM:PID:15248/135.7MB TOP_CPU:PID:12952/1.4% SYS_CPU:48%-WD:2.0% SYS_MEM:8/32GB(25%)-WD:7.7GB(24.1%) TRACKING:0 SPIKES:0 KILLS:0
2026-08-14 08:28:37   DIST CPU_IDLE(<1%):138 CPU_NORMAL(1-25%):1 CPU_HOT(>=25%):0
2026-08-14 08:28:37   NON_WD_SPIKE SYS_CPU:48% WD_CPU:2.0% GAP:46.0%
2026-08-14 08:28:38   NON_WD PID:4 NAME:System CPU:6.2% MEM:0MB CMD:
2026-08-14 08:28:38   NON_WD PID:3580 NAME:MsMpEng CPU:5.6% MEM:159.7MB CMD:
2026-08-14 08:28:38   NON_WD PID:5228 NAME:WmiPrvSE CPU:0.6% MEM:24.8MB CMD:C:\Windows\system32\wbem\wmiprvse.exe
2026-08-14 08:28:38   NON_WD PID:7624 NAME:httpd#1 CPU:0.6% MEM:52.1MB CMD:C:\Apache24\bin\httpd.exe -d C:/Apache24
2026-08-14 08:28:38   NON_WD PID:2960 NAME:svchost#30 CPU:0% MEM:1MB CMD:C:\Windows\System32\svchost.exe -k netsvcs -p -s SessionEnv
2026-08-14 08:28:38   NON_WD PID:3256 NAME:svchost#34 CPU:0% MEM:2.9MB CMD:C:\Windows\system32\svchost.exe -k NetworkService -p -s CryptSvc
2026-08-14 08:28:38   NON_WD PID:3016 NAME:svchost#31 CPU:0% MEM:0.7MB CMD:C:\Windows\system32\svchost.exe -k netsvcs -p -s IKEEXT
2026-08-14 08:28:38   NON_WD PID:3044 NAME:svchost#32 CPU:0% MEM:0.9MB CMD:C:\Windows\system32\svchost.exe -k NetworkServiceNetworkRestricted -p -s PolicyAgent
2026-08-14 08:28:38   NON_WD PID:3224 NAME:svchost#33 CPU:0% MEM:10MB CMD:C:\Windows\system32\svchost.exe -k netsvcs -p -s Winmgmt
2026-08-14 08:28:38   NON_WD PID:3484 NAME:svchost#40 CPU:0% MEM:1.8MB CMD:C:\Windows\System32\svchost.exe -k NetworkService -p -s WinRM
2026-08-14 08:33:40 HEARTBEAT PROCS:116 TOP_MEM:PID:10788/127.3MB TOP_CPU:PID:9976/0% SYS_CPU:31%-WD:0% SYS_MEM:7.5/32GB(23.4%)-WD:6.9GB(21.6%) TRACKING:0 SPIKES:5 KILLS:0
2026-08-14 08:33:40   DIST CPU_IDLE(<1%):116 CPU_NORMAL(1-25%):0 CPU_HOT(>=25%):0
2026-08-14 08:33:40   NON_WD_SPIKE SYS_CPU:31% WD_CPU:0% GAP:31%
2026-08-14 08:33:41   NON_WD PID:16172 NAME:chrome#11 CPU:11% MEM:51.3MB CMD:"C:\Program Files\Google\Chrome\Application\chrome.exe" --type=renderer --top-chrome-webui --noerrdialogs --user-data-di...
2026-08-14 08:33:41   NON_WD PID:4 NAME:System CPU:1.4% MEM:0MB CMD:
2026-08-14 08:33:41   NON_WD PID:17568 NAME:chrome#2 CPU:1.4% MEM:9.4MB CMD:"C:\Program Files\Google\Chrome\Application\chrome.exe" --type=gpu-process --headless --noerrdialogs --user-data-dir="C:...
2026-08-14 08:33:41   NON_WD PID:10676 NAME:chrome#9 CPU:1.4% MEM:11.4MB CMD:"C:\Program Files\Google\Chrome\Application\chrome.exe" --type=renderer --noerrdialogs --user-data-dir="C:\Windows\TEMP\...
2026-08-14 08:33:41   NON_WD PID:17344 NAME:chrome CPU:0.6% MEM:36.5MB CMD:"C:\Program Files\Google\Chrome\Application\chrome" --headless --disable-gpu --no-pdf-header-footer --print-to-pdf="C:\Temp\...
2026-08-14 08:33:41   NON_WD PID:12444 NAME:chrome#6 CPU:0.6% MEM:12.3MB CMD:"C:\Program Files\Google\Chrome\Application\chrome.exe" --type=renderer --noerrdialogs --user-data-dir="C:\Windows\TEMP\...
2026-08-14 08:33:41   NON_WD PID:3836 NAME:explorer CPU:0.6% MEM:18.1MB CMD:C:\Windows\Explorer.EXE
2026-08-14 08:33:41   NON_WD PID:18372 NAME:chrome#12 CPU:0.6% MEM:9.7MB CMD:"C:\Program Files\Google\Chrome\Application\chrome.exe" --type=renderer --noerrdialogs --user-data-dir="C:\Windows\TEMP\...
2026-08-14 08:33:41   NON_WD PID:5228 NAME:WmiPrvSE CPU:0.6% MEM:24MB CMD:C:\Windows\system32\wbem\wmiprvse.exe
2026-08-14 08:33:41   NON_WD PID:3044 NAME:svchost#32 CPU:0% MEM:0.9MB CMD:C:\Windows\system32\svchost.exe -k NetworkServiceNetworkRestricted -p -s PolicyAgent
2026-08-14 08:38:42 HEARTBEAT PROCS:132 TOP_MEM:PID:17372/137.8MB TOP_CPU:PID:13852/0% SYS_CPU:4%-WD:0% SYS_MEM:7.8/32GB(24.4%)-WD:7.8GB(24.4%) TRACKING:0 SPIKES:0 KILLS:0
2026-08-14 08:38:42   DIST CPU_IDLE(<1%):132 CPU_NORMAL(1-25%):0 CPU_HOT(>=25%):0
2026-08-14 08:43:45 HEARTBEAT PROCS:129 TOP_MEM:PID:17372/134.8MB TOP_CPU:PID:5560/0% SYS_CPU:8%-WD:0% SYS_MEM:8.4/32GB(26.2%)-WD:8.2GB(25.6%) TRACKING:0 SPIKES:10 KILLS:0
2026-08-14 08:43:45   DIST CPU_IDLE(<1%):129 CPU_NORMAL(1-25%):0 CPU_HOT(>=25%):0
2026-08-14 08:48:47 HEARTBEAT PROCS:134 TOP_MEM:PID:15720/119.3MB TOP_CPU:PID:11252/0% SYS_CPU:4%-WD:0% SYS_MEM:8.6/32GB(26.9%)-WD:8.6GB(26.9%) TRACKING:0 SPIKES:5 KILLS:0
2026-08-14 08:48:47   DIST CPU_IDLE(<1%):134 CPU_NORMAL(1-25%):0 CPU_HOT(>=25%):0
2026-08-14 08:53:49 HEARTBEAT PROCS:122 TOP_MEM:PID:11856/120.3MB TOP_CPU:PID:6796/0.6% SYS_CPU:7%-WD:0.6% SYS_MEM:8.6/32GB(26.9%)-WD:8.3GB(25.9%) TRACKING:0 SPIKES:10 KILLS:0
2026-08-14 08:53:49   DIST CPU_IDLE(<1%):122 CPU_NORMAL(1-25%):0 CPU_HOT(>=25%):0
2026-08-14 08:58:52 HEARTBEAT PROCS:164 TOP_MEM:PID:11856/125.4MB TOP_CPU:PID:7752/4.1% SYS_CPU:14%-WD:4.1% SYS_MEM:9.7/32GB(30.3%)-WD:10.1GB(31.6%) TRACKING:0 SPIKES:12 KILLS:0
2026-08-14 08:58:52   DIST CPU_IDLE(<1%):163 CPU_NORMAL(1-25%):1 CPU_HOT(>=25%):0
2026-08-14 09:03:56 HEARTBEAT PROCS:174 TOP_MEM:PID:11856/128.3MB TOP_CPU:PID:13940/0% SYS_CPU:4%-WD:0% SYS_MEM:9.8/32GB(30.6%)-WD:10.7GB(33.4%) TRACKING:0 SPIKES:10 KILLS:0
2026-08-14 09:03:56   DIST CPU_IDLE(<1%):174 CPU_NORMAL(1-25%):0 CPU_HOT(>=25%):0
2026-08-14 09:08:59 HEARTBEAT PROCS:137 TOP_MEM:PID:11856/128.3MB TOP_CPU:PID:16796/2% SYS_CPU:2%-WD:2% SYS_MEM:9.3/32GB(29.1%)-WD:9.6GB(30%) TRACKING:0 SPIKES:18 KILLS:0
2026-08-14 09:08:59   DIST CPU_IDLE(<1%):136 CPU_NORMAL(1-25%):1 CPU_HOT(>=25%):0
2026-08-14 09:14:02 HEARTBEAT PROCS:128 TOP_MEM:PID:11856/128.3MB TOP_CPU:PID:11676/1.4% SYS_CPU:1%-WD:2.6% SYS_MEM:9.4/32GB(29.4%)-WD:9.5GB(29.7%) TRACKING:0 SPIKES:14 KILLS:0
2026-08-14 09:14:02   DIST CPU_IDLE(<1%):127 CPU_NORMAL(1-25%):1 CPU_HOT(>=25%):0
2026-08-14 09:19:05 HEARTBEAT PROCS:158 TOP_MEM:PID:7908/135.9MB TOP_CPU:PID:6852/0% SYS_CPU:2%-WD:0% SYS_MEM:10.3/32GB(32.2%)-WD:11GB(34.4%) TRACKING:0 SPIKES:0 KILLS:0
2026-08-14 09:19:05   DIST CPU_IDLE(<1%):158 CPU_NORMAL(1-25%):0 CPU_HOT(>=25%):0
2026-08-14 09:24:08 HEARTBEAT PROCS:161 TOP_MEM:PID:7908/140.9MB TOP_CPU:PID:16252/3.4% SYS_CPU:1%-WD:5.4% SYS_MEM:10.7/32GB(33.4%)-WD:11.4GB(35.6%) TRACKING:0 SPIKES:53 KILLS:0
2026-08-14 09:24:08   DIST CPU_IDLE(<1%):159 CPU_NORMAL(1-25%):2 CPU_HOT(>=25%):0
2026-08-14 09:29:11 HEARTBEAT PROCS:158 TOP_MEM:PID:7908/142.6MB TOP_CPU:PID:9940/2.8% SYS_CPU:7%-WD:4.2% SYS_MEM:10.9/32GB(34.1%)-WD:11.6GB(36.2%) TRACKING:0 SPIKES:49 KILLS:0
2026-08-14 09:29:11   DIST CPU_IDLE(<1%):156 CPU_NORMAL(1-25%):2 CPU_HOT(>=25%):0
2026-08-14 09:34:11 HEARTBEAT PROCS:212 TOP_MEM:PID:7908/144.9MB TOP_CPU:PID:9824/0% SYS_CPU:4%-WD:0% SYS_MEM:11.9/32GB(37.2%)-WD:13.5GB(42.2%) TRACKING:0 SPIKES:30 KILLS:0
2026-08-14 09:34:11   DIST CPU_IDLE(<1%):212 CPU_NORMAL(1-25%):0 CPU_HOT(>=25%):0
2026-08-14 09:39:11 HEARTBEAT PROCS:216 TOP_MEM:PID:5240/153.8MB TOP_CPU:PID:9332/0.6% SYS_CPU:1%-WD:0.6% SYS_MEM:12.2/32GB(38.1%)-WD:13.9GB(43.4%) TRACKING:0 SPIKES:19 KILLS:0
2026-08-14 09:39:11   DIST CPU_IDLE(<1%):216 CPU_NORMAL(1-25%):0 CPU_HOT(>=25%):0
2026-08-14 09:44:16 HEARTBEAT PROCS:208 TOP_MEM:PID:5240/153.8MB TOP_CPU:PID:15052/56.2% SYS_CPU:4%-WD:323.9% SYS_MEM:11.9/32GB(37.2%)-WD:13.4GB(41.9%) TRACKING:4 SPIKES:10 KILLS:0
2026-08-14 09:44:16   DIST CPU_IDLE(<1%):174 CPU_NORMAL(1-25%):30 CPU_HOT(>=25%):4
2026-08-14 09:49:22 HEARTBEAT PROCS:207 TOP_MEM:PID:11856/147.9MB TOP_CPU:PID:9000/2.8% SYS_CPU:7%-WD:4.8% SYS_MEM:12.4/32GB(38.8%)-WD:13.9GB(43.4%) TRACKING:0 SPIKES:17 KILLS:0
2026-08-14 09:49:22   DIST CPU_IDLE(<1%):205 CPU_NORMAL(1-25%):2 CPU_HOT(>=25%):0
2026-08-14 09:54:23 HEARTBEAT PROCS:245 TOP_MEM:PID:11856/153.7MB TOP_CPU:PID:13816/0.6% SYS_CPU:29%-WD:0.6% SYS_MEM:13.8/32GB(43.1%)-WD:15.9GB(49.7%) TRACKING:0 SPIKES:16 KILLS:0
2026-08-14 09:54:23   DIST CPU_IDLE(<1%):245 CPU_NORMAL(1-25%):0 CPU_HOT(>=25%):0
2026-08-14 09:54:23   NON_WD_SPIKE SYS_CPU:29% WD_CPU:0.6% GAP:28.4%
2026-08-14 09:54:24   NON_WD PID:9448 NAME:chrome CPU:26.6% MEM:27.8MB CMD:"C:\Program Files\Google\Chrome\Application\chrome" --headless --disable-gpu --no-pdf-header-footer --print-to-pdf="C:\Temp\...
2026-08-14 09:54:24   NON_WD PID:3580 NAME:MsMpEng CPU:6.1% MEM:179.1MB CMD:
2026-08-14 09:54:24   NON_WD PID:824 NAME:csrss CPU:1.2% MEM:1.2MB CMD:
2026-08-14 09:54:24   NON_WD PID:5228 NAME:WmiPrvSE CPU:1.2% MEM:30MB CMD:C:\Windows\system32\wbem\wmiprvse.exe
2026-08-14 09:54:24   NON_WD PID:2124 NAME:svchost#19 CPU:0.6% MEM:3.3MB CMD:C:\Windows\system32\svchost.exe -k NetworkService -p -s Dnscache
2026-08-14 09:54:24   NON_WD PID:2252 NAME:svchost#22 CPU:0.6% MEM:2.2MB CMD:C:\Windows\System32\svchost.exe -k LocalService -p -s netprofm
2026-08-14 09:54:24   NON_WD PID:4 NAME:System CPU:0.6% MEM:0MB CMD:
2026-08-14 09:54:24   NON_WD PID:3340 NAME:svchost#38 CPU:0% MEM:0.3MB CMD:C:\Windows\System32\svchost.exe -k LocalSystemNetworkRestricted -p -s TrkWks
2026-08-14 09:54:24   NON_WD PID:2892 NAME:svchost#29 CPU:0% MEM:0.6MB CMD:C:\Windows\system32\svchost.exe -k netsvcs -s CertPropSvc
2026-08-14 09:54:24   NON_WD PID:2608 NAME:svchost#27 CPU:0% MEM:0.7MB CMD:C:\Windows\System32\svchost.exe -k LocalSystemNetworkRestricted -p -s UmRdpService
2026-08-14 09:59:24 HEARTBEAT PROCS:194 TOP_MEM:PID:11856/153.7MB TOP_CPU:PID:9492/0.6% SYS_CPU:7%-WD:1.2% SYS_MEM:13.1/32GB(40.9%)-WD:14.1GB(44.1%) TRACKING:0 SPIKES:44 KILLS:0
2026-08-14 09:59:24   DIST CPU_IDLE(<1%):194 CPU_NORMAL(1-25%):0 CPU_HOT(>=25%):0
2026-08-14 10:04:28 HEARTBEAT PROCS:207 TOP_MEM:PID:11856/153.7MB TOP_CPU:PID:13016/0.6% SYS_CPU:4%-WD:1.2% SYS_MEM:13.3/32GB(41.6%)-WD:14.8GB(46.2%) TRACKING:0 SPIKES:14 KILLS:0
2026-08-14 10:04:28   DIST CPU_IDLE(<1%):207 CPU_NORMAL(1-25%):0 CPU_HOT(>=25%):0
2026-08-14 10:09:29 HEARTBEAT PROCS:217 TOP_MEM:PID:11856/153.7MB TOP_CPU:PID:9620/0% SYS_CPU:4%-WD:0% SYS_MEM:13.4/32GB(41.9%)-WD:15.4GB(48.1%) TRACKING:0 SPIKES:16 KILLS:0
2026-08-14 10:09:29   DIST CPU_IDLE(<1%):217 CPU_NORMAL(1-25%):0 CPU_HOT(>=25%):0
2026-08-14 10:14:34 HEARTBEAT PROCS:209 TOP_MEM:PID:11856/153.7MB TOP_CPU:PID:12424/0.6% SYS_CPU:10%-WD:0.6% SYS_MEM:13.3/32GB(41.6%)-WD:15.1GB(47.2%) TRACKING:0 SPIKES:20 KILLS:0
2026-08-14 10:14:34   DIST CPU_IDLE(<1%):209 CPU_NORMAL(1-25%):0 CPU_HOT(>=25%):0
2026-08-14 10:19:39 HEARTBEAT PROCS:210 TOP_MEM:PID:11856/153.7MB TOP_CPU:PID:14480/1.4% SYS_CPU:1%-WD:1.4% SYS_MEM:13.5/32GB(42.2%)-WD:15.3GB(47.8%) TRACKING:0 SPIKES:6 KILLS:0
2026-08-14 10:19:39   DIST CPU_IDLE(<1%):209 CPU_NORMAL(1-25%):1 CPU_HOT(>=25%):0
2026-08-14 10:24:40 HEARTBEAT PROCS:229 TOP_MEM:PID:12072/156.4MB TOP_CPU:PID:15728/2.6% SYS_CPU:2%-WD:3.2% SYS_MEM:14.1/32GB(44.1%)-WD:16.3GB(50.9%) TRACKING:0 SPIKES:39 KILLS:0
2026-08-14 10:24:40   DIST CPU_IDLE(<1%):228 CPU_NORMAL(1-25%):1 CPU_HOT(>=25%):0
2026-08-14 10:29:40 HEARTBEAT PROCS:226 TOP_MEM:PID:12072/158.7MB TOP_CPU:PID:16812/2.6% SYS_CPU:46%-WD:3.2% SYS_MEM:14.5/32GB(45.3%)-WD:16.3GB(50.9%) TRACKING:0 SPIKES:19 KILLS:0
2026-08-14 10:29:40   DIST CPU_IDLE(<1%):225 CPU_NORMAL(1-25%):1 CPU_HOT(>=25%):0
2026-08-14 10:29:40   NON_WD_SPIKE SYS_CPU:46% WD_CPU:3.2% GAP:42.8%
2026-08-14 10:29:41   NON_WD PID:13740 NAME:chrome#13 CPU:12.5% MEM:8.8MB CMD:
2026-08-14 10:29:41   NON_WD PID:5228 NAME:WmiPrvSE CPU:1.4% MEM:29.7MB CMD:C:\Windows\system32\wbem\wmiprvse.exe
2026-08-14 10:29:41   NON_WD PID:7624 NAME:httpd#1 CPU:1.4% MEM:52.4MB CMD:C:\Apache24\bin\httpd.exe -d C:/Apache24
2026-08-14 10:29:41   NON_WD PID:14568 NAME:chrome#11 CPU:0.6% MEM:54.4MB CMD:
2026-08-14 10:29:41   NON_WD PID:2848 NAME:svchost#28 CPU:0% MEM:1.3MB CMD:C:\Windows\system32\svchost.exe -k netsvcs -p -s UserManager
2026-08-14 10:29:41   NON_WD PID:2892 NAME:svchost#29 CPU:0% MEM:0.6MB CMD:C:\Windows\system32\svchost.exe -k netsvcs -s CertPropSvc
2026-08-14 10:29:41   NON_WD PID:2608 NAME:svchost#27 CPU:0% MEM:0.7MB CMD:C:\Windows\System32\svchost.exe -k LocalSystemNetworkRestricted -p -s UmRdpService
2026-08-14 10:29:41   NON_WD PID:2548 NAME:svchost#25 CPU:0% MEM:1.2MB CMD:C:\Windows\system32\svchost.exe -k LocalServiceNetworkRestricted -p -s WinHttpAutoProxySvc
2026-08-14 10:29:41   NON_WD PID:2576 NAME:svchost#26 CPU:0% MEM:1MB CMD:C:\Windows\System32\svchost.exe -k NetworkService -p -s LanmanWorkstation
2026-08-14 10:29:41   NON_WD PID:2356 NAME:svchost#24 CPU:0% MEM:0.5MB CMD:C:\Windows\system32\svchost.exe -k LocalService -p -s DispBrokerDesktopSvc
2026-08-14 10:34:41 HEARTBEAT PROCS:257 TOP_MEM:PID:12072/158.5MB TOP_CPU:PID:4444/0% SYS_CPU:1%-WD:0% SYS_MEM:14.5/32GB(45.3%)-WD:17.1GB(53.4%) TRACKING:0 SPIKES:12 KILLS:0
2026-08-14 10:34:41   DIST CPU_IDLE(<1%):257 CPU_NORMAL(1-25%):0 CPU_HOT(>=25%):0
2026-08-14 10:39:43 HEARTBEAT PROCS:249 TOP_MEM:PID:17372/161.4MB TOP_CPU:PID:8328/0% SYS_CPU:1%-WD:0% SYS_MEM:14.7/32GB(45.9%)-WD:17.2GB(53.8%) TRACKING:0 SPIKES:0 KILLS:0
2026-08-14 10:39:43   DIST CPU_IDLE(<1%):249 CPU_NORMAL(1-25%):0 CPU_HOT(>=25%):0
2026-08-14 10:44:45 HEARTBEAT PROCS:255 TOP_MEM:PID:15052/162MB TOP_CPU:PID:14792/0% SYS_CPU:1%-WD:0% SYS_MEM:14.7/32GB(45.9%)-WD:17.3GB(54.1%) TRACKING:0 SPIKES:9 KILLS:0
2026-08-14 10:44:45   DIST CPU_IDLE(<1%):255 CPU_NORMAL(1-25%):0 CPU_HOT(>=25%):0
2026-08-14 10:49:46 HEARTBEAT PROCS:254 TOP_MEM:PID:12072/163.1MB TOP_CPU:PID:17372/0% SYS_CPU:1%-WD:0% SYS_MEM:14.8/32GB(46.2%)-WD:17.4GB(54.4%) TRACKING:0 SPIKES:7 KILLS:0
2026-08-14 10:49:46   DIST CPU_IDLE(<1%):254 CPU_NORMAL(1-25%):0 CPU_HOT(>=25%):0
2026-08-14 10:54:48 HEARTBEAT PROCS:226 TOP_MEM:PID:12072/163.1MB TOP_CPU:PID:3716/7.9% SYS_CPU:7%-WD:18.2% SYS_MEM:14.2/32GB(44.4%)-WD:16.4GB(51.2%) TRACKING:0 SPIKES:0 KILLS:0
2026-08-14 10:54:48   DIST CPU_IDLE(<1%):222 CPU_NORMAL(1-25%):4 CPU_HOT(>=25%):0
2026-08-14 10:59:48 HEARTBEAT PROCS:217 TOP_MEM:PID:17372/165.2MB TOP_CPU:PID:5140/0.6% SYS_CPU:13%-WD:0.6% SYS_MEM:14.4/32GB(45%)-WD:16.3GB(50.9%) TRACKING:0 SPIKES:0 KILLS:0
2026-08-14 10:59:48   DIST CPU_IDLE(<1%):217 CPU_NORMAL(1-25%):0 CPU_HOT(>=25%):0
2026-08-14 11:04:49 HEARTBEAT PROCS:252 TOP_MEM:PID:17372/166.3MB TOP_CPU:PID:2392/1.2% SYS_CPU:4%-WD:1.2% SYS_MEM:15.3/32GB(47.8%)-WD:17.9GB(55.9%) TRACKING:0 SPIKES:0 KILLS:0
2026-08-14 11:04:49   DIST CPU_IDLE(<1%):251 CPU_NORMAL(1-25%):1 CPU_HOT(>=25%):0
2026-08-14 11:09:50 HEARTBEAT PROCS:245 TOP_MEM:PID:17372/165.7MB TOP_CPU:PID:13192/0.6% SYS_CPU:41%-WD:0.6% SYS_MEM:15.5/32GB(48.4%)-WD:17.7GB(55.3%) TRACKING:0 SPIKES:9 KILLS:0
2026-08-14 11:09:50   DIST CPU_IDLE(<1%):245 CPU_NORMAL(1-25%):0 CPU_HOT(>=25%):0
2026-08-14 11:09:50   NON_WD_SPIKE SYS_CPU:41% WD_CPU:0.6% GAP:40.4%
2026-08-14 11:09:51   NON_WD PID:4 NAME:System CPU:2.8% MEM:0MB CMD:
2026-08-14 11:09:51   NON_WD PID:14620 NAME:chrome#9 CPU:2% MEM:16.6MB CMD:"C:\Program Files\Google\Chrome\Application\chrome.exe" --type=renderer --noerrdialogs --user-data-dir="C:\Windows\TEMP\...
2026-08-14 11:09:51   NON_WD PID:7752 NAME:chrome#11 CPU:2% MEM:54.4MB CMD:"C:\Program Files\Google\Chrome\Application\chrome.exe" --type=renderer --top-chrome-webui --noerrdialogs --user-data-di...
2026-08-14 11:09:51   NON_WD PID:5228 NAME:WmiPrvSE CPU:1.4% MEM:29.8MB CMD:C:\Windows\system32\wbem\wmiprvse.exe
2026-08-14 11:09:51   NON_WD PID:17736 NAME:chrome CPU:1.4% MEM:36.9MB CMD:"C:\Program Files\Google\Chrome\Application\chrome" --headless --disable-gpu --no-pdf-header-footer --print-to-pdf="C:\Temp\...
2026-08-14 11:09:51   NON_WD PID:5800 NAME:chrome#2 CPU:0.6% MEM:9.7MB CMD:"C:\Program Files\Google\Chrome\Application\chrome.exe" --type=gpu-process --headless --noerrdialogs --user-data-dir="C:...
2026-08-14 11:09:51   NON_WD PID:7624 NAME:httpd#1 CPU:0.6% MEM:52.4MB CMD:C:\Apache24\bin\httpd.exe -d C:/Apache24
2026-08-14 11:09:51   NON_WD PID:11120 NAME:chrome#3 CPU:0.6% MEM:6.1MB CMD:"C:\Program Files\Google\Chrome\Application\chrome.exe" --type=utility --utility-sub-type=network.mojom.NetworkService -...
2026-08-14 11:09:51   NON_WD PID:2892 NAME:svchost#29 CPU:0% MEM:0.6MB CMD:C:\Windows\system32\svchost.exe -k netsvcs -s CertPropSvc
2026-08-14 11:09:51   NON_WD PID:3016 NAME:svchost#31 CPU:0% MEM:0.7MB CMD:C:\Windows\system32\svchost.exe -k netsvcs -p -s IKEEXT
2026-08-14 11:14:52 HEARTBEAT PROCS:232 TOP_MEM:PID:17372/167.7MB TOP_CPU:PID:956/0% SYS_CPU:47%-WD:0% SYS_MEM:15.1/32GB(47.2%)-WD:17GB(53.1%) TRACKING:0 SPIKES:6 KILLS:0
2026-08-14 11:14:52   DIST CPU_IDLE(<1%):232 CPU_NORMAL(1-25%):0 CPU_HOT(>=25%):0
2026-08-14 11:14:52   NON_WD_SPIKE SYS_CPU:47% WD_CPU:0% GAP:47%
2026-08-14 11:14:53   NON_WD PID:10668 NAME:chrome#2 CPU:13.6% MEM:26.8MB CMD:"C:\Program Files\Google\Chrome\Application\chrome" --headless --disable-gpu --no-pdf-header-footer --print-to-pdf="C:\Temp\...
2026-08-14 11:14:53   NON_WD PID:11996 NAME:chrome CPU:10.2% MEM:2.5MB CMD:
2026-08-14 11:14:53   NON_WD PID:4 NAME:System CPU:6.1% MEM:0MB CMD:
2026-08-14 11:14:53   NON_WD PID:3580 NAME:MsMpEng CPU:4.8% MEM:181.8MB CMD:
2026-08-14 11:14:53   NON_WD PID:6440 NAME:chrome#4 CPU:1.2% MEM:6.7MB CMD:"C:\Program Files\Google\Chrome\Application\chrome.exe" --type=gpu-process --headless --noerrdialogs --user-data-dir="C:...
2026-08-14 11:14:53   NON_WD PID:5228 NAME:WmiPrvSE CPU:0.6% MEM:30.4MB CMD:C:\Windows\system32\wbem\wmiprvse.exe
2026-08-14 11:14:53   NON_WD PID:824 NAME:csrss CPU:0.6% MEM:1.2MB CMD:
2026-08-14 11:14:53   NON_WD PID:2124 NAME:svchost#19 CPU:0.6% MEM:3.4MB CMD:C:\Windows\system32\svchost.exe -k NetworkService -p -s Dnscache
2026-08-14 11:14:53   NON_WD PID:11500 NAME:chrome#7 CPU:0.6% MEM:10.2MB CMD:"C:\Program Files\Google\Chrome\Application\chrome.exe" --type=renderer --top-chrome-webui --noerrdialogs --user-data-di...
2026-08-14 11:14:53   NON_WD PID:2960 NAME:svchost#30 CPU:0% MEM:1MB CMD:C:\Windows\System32\svchost.exe -k netsvcs -p -s SessionEnv
2026-08-14 11:19:54 HEARTBEAT PROCS:223 TOP_MEM:PID:17372/167.7MB TOP_CPU:PID:2520/1.9% SYS_CPU:2%-WD:1.9% SYS_MEM:14.7/32GB(45.9%)-WD:16.7GB(52.2%) TRACKING:0 SPIKES:4 KILLS:0
2026-08-14 11:19:54   DIST CPU_IDLE(<1%):222 CPU_NORMAL(1-25%):1 CPU_HOT(>=25%):0
2026-08-14 11:24:54 HEARTBEAT PROCS:241 TOP_MEM:PID:17372/167.7MB TOP_CPU:PID:16536/65.8% SYS_CPU:8%-WD:337.0% SYS_MEM:14.7/32GB(45.9%)-WD:17.1GB(53.4%) TRACKING:5 SPIKES:15 KILLS:0
2026-08-14 11:24:54   DIST CPU_IDLE(<1%):211 CPU_NORMAL(1-25%):25 CPU_HOT(>=25%):5
2026-08-14 11:29:57 HEARTBEAT PROCS:289 TOP_MEM:PID:11856/163.4MB TOP_CPU:PID:13448/3.6% SYS_CPU:1%-WD:3.6% SYS_MEM:15.6/32GB(48.8%)-WD:18.7GB(58.4%) TRACKING:0 SPIKES:9 KILLS:0
2026-08-14 11:29:57   DIST CPU_IDLE(<1%):288 CPU_NORMAL(1-25%):1 CPU_HOT(>=25%):0
2026-08-14 11:34:58 HEARTBEAT PROCS:221 TOP_MEM:PID:11856/163.4MB TOP_CPU:PID:5544/0.6% SYS_CPU:7%-WD:0.6% SYS_MEM:14.3/32GB(44.7%)-WD:16.2GB(50.6%) TRACKING:0 SPIKES:15 KILLS:0
2026-08-14 11:34:58   DIST CPU_IDLE(<1%):221 CPU_NORMAL(1-25%):0 CPU_HOT(>=25%):0
2026-08-14 11:39:58 HEARTBEAT PROCS:213 TOP_MEM:PID:12072/164.3MB TOP_CPU:PID:17404/0% SYS_CPU:1%-WD:0% SYS_MEM:14.3/32GB(44.7%)-WD:16.2GB(50.6%) TRACKING:0 SPIKES:6 KILLS:0
2026-08-14 11:39:58   DIST CPU_IDLE(<1%):213 CPU_NORMAL(1-25%):0 CPU_HOT(>=25%):0
2026-08-14 11:44:59 HEARTBEAT PROCS:218 TOP_MEM:PID:15248/183MB TOP_CPU:PID:17372/0% SYS_CPU:5%-WD:0% SYS_MEM:14.6/32GB(45.6%)-WD:16.6GB(51.9%) TRACKING:0 SPIKES:7 KILLS:0
2026-08-14 11:44:59   DIST CPU_IDLE(<1%):218 CPU_NORMAL(1-25%):0 CPU_HOT(>=25%):0
2026-08-14 11:50:00 HEARTBEAT PROCS:230 TOP_MEM:PID:15248/183MB TOP_CPU:PID:11844/3.2% SYS_CPU:4%-WD:5.8% SYS_MEM:14.8/32GB(46.2%)-WD:17GB(53.1%) TRACKING:0 SPIKES:0 KILLS:0
2026-08-14 11:50:00   DIST CPU_IDLE(<1%):228 CPU_NORMAL(1-25%):2 CPU_HOT(>=25%):0
2026-08-14 11:55:00 HEARTBEAT PROCS:237 TOP_MEM:PID:17372/166.8MB TOP_CPU:PID:1864/0% SYS_CPU:4%-WD:0% SYS_MEM:14.6/32GB(45.6%)-WD:16.8GB(52.5%) TRACKING:0 SPIKES:42 KILLS:0
2026-08-14 11:55:00   DIST CPU_IDLE(<1%):237 CPU_NORMAL(1-25%):0 CPU_HOT(>=25%):0
2026-08-14 12:00:02 HEARTBEAT PROCS:249 TOP_MEM:PID:12072/164.2MB TOP_CPU:PID:14648/5.2% SYS_CPU:4%-WD:5.2% SYS_MEM:15.1/32GB(47.2%)-WD:17.5GB(54.7%) TRACKING:0 SPIKES:20 KILLS:0
2026-08-14 12:00:02   DIST CPU_IDLE(<1%):248 CPU_NORMAL(1-25%):1 CPU_HOT(>=25%):0
2026-08-14 12:05:03 HEARTBEAT PROCS:254 TOP_MEM:PID:12072/164.2MB TOP_CPU:PID:4884/0% SYS_CPU:1%-WD:0% SYS_MEM:15/32GB(46.9%)-WD:17.5GB(54.7%) TRACKING:0 SPIKES:18 KILLS:0
2026-08-14 12:05:03   DIST CPU_IDLE(<1%):254 CPU_NORMAL(1-25%):0 CPU_HOT(>=25%):0
2026-08-14 12:10:04 HEARTBEAT PROCS:205 TOP_MEM:PID:17372/164.4MB TOP_CPU:PID:16536/117% SYS_CPU:4%-WD:501.9% SYS_MEM:14.1/32GB(44.1%)-WD:15.8GB(49.4%) TRACKING:6 SPIKES:54 KILLS:0
2026-08-14 12:10:04   DIST CPU_IDLE(<1%):180 CPU_NORMAL(1-25%):19 CPU_HOT(>=25%):6
2026-08-14 12:15:04 HEARTBEAT PROCS:210 TOP_MEM:PID:16536/163.1MB TOP_CPU:PID:11300/1.4% SYS_CPU:5%-WD:1.4% SYS_MEM:14.2/32GB(44.4%)-WD:16GB(50%) TRACKING:0 SPIKES:0 KILLS:0
2026-08-14 12:15:04   DIST CPU_IDLE(<1%):209 CPU_NORMAL(1-25%):1 CPU_HOT(>=25%):0
2026-08-14 12:20:05 HEARTBEAT PROCS:242 TOP_MEM:PID:5700/147.4MB TOP_CPU:PID:5536/6.5% SYS_CPU:5%-WD:7.7% SYS_MEM:14.7/32GB(45.9%)-WD:17GB(53.1%) TRACKING:0 SPIKES:4 KILLS:0
2026-08-14 12:20:05   DIST CPU_IDLE(<1%):241 CPU_NORMAL(1-25%):1 CPU_HOT(>=25%):0
2026-08-14 12:25:06 HEARTBEAT PROCS:231 TOP_MEM:PID:6312/148.9MB TOP_CPU:PID:13004/3.2% SYS_CPU:1%-WD:4.4% SYS_MEM:14.6/32GB(45.6%)-WD:16.8GB(52.5%) TRACKING:0 SPIKES:5 KILLS:0
2026-08-14 12:25:06   DIST CPU_IDLE(<1%):230 CPU_NORMAL(1-25%):1 CPU_HOT(>=25%):0
2026-08-14 12:30:06 HEARTBEAT PROCS:208 TOP_MEM:PID:6312/148.3MB TOP_CPU:PID:6668/9.5% SYS_CPU:26%-WD:9.5% SYS_MEM:14.3/32GB(44.7%)-WD:15.9GB(49.7%) TRACKING:0 SPIKES:22 KILLS:0
2026-08-14 12:30:06   DIST CPU_IDLE(<1%):207 CPU_NORMAL(1-25%):1 CPU_HOT(>=25%):0
2026-08-14 12:35:07 HEARTBEAT PROCS:214 TOP_MEM:PID:9384/150.8MB TOP_CPU:PID:832/4.5% SYS_CPU:0%-WD:4.5% SYS_MEM:14.4/32GB(45%)-WD:16.3GB(50.9%) TRACKING:0 SPIKES:15 KILLS:0
2026-08-14 12:35:07   DIST CPU_IDLE(<1%):213 CPU_NORMAL(1-25%):1 CPU_HOT(>=25%):0
2026-08-14 12:40:07 HEARTBEAT PROCS:229 TOP_MEM:PID:9384/150.8MB TOP_CPU:PID:16088/1.2% SYS_CPU:21%-WD:1.2% SYS_MEM:14.8/32GB(46.2%)-WD:16.9GB(52.8%) TRACKING:0 SPIKES:2 KILLS:0
2026-08-14 12:40:07   DIST CPU_IDLE(<1%):228 CPU_NORMAL(1-25%):1 CPU_HOT(>=25%):0
2026-08-14 12:45:08 HEARTBEAT PROCS:263 TOP_MEM:PID:9384/154.9MB TOP_CPU:PID:10284/2.6% SYS_CPU:2%-WD:3.2% SYS_MEM:15.3/32GB(47.8%)-WD:18.1GB(56.6%) TRACKING:0 SPIKES:4 KILLS:0
2026-08-14 12:45:08   DIST CPU_IDLE(<1%):262 CPU_NORMAL(1-25%):1 CPU_HOT(>=25%):0
2026-08-14 12:50:11 HEARTBEAT PROCS:266 TOP_MEM:PID:6312/176.4MB TOP_CPU:PID:10776/0% SYS_CPU:1%-WD:0% SYS_MEM:15.7/32GB(49.1%)-WD:18.5GB(57.8%) TRACKING:0 SPIKES:23 KILLS:0
2026-08-14 12:50:11   DIST CPU_IDLE(<1%):266 CPU_NORMAL(1-25%):0 CPU_HOT(>=25%):0
2026-08-14 12:55:12 HEARTBEAT PROCS:226 TOP_MEM:PID:6312/173.3MB TOP_CPU:PID:10916/0% SYS_CPU:44%-WD:0% SYS_MEM:15.2/32GB(47.5%)-WD:16.9GB(52.8%) TRACKING:0 SPIKES:77 KILLS:0
2026-08-14 12:55:12   DIST CPU_IDLE(<1%):226 CPU_NORMAL(1-25%):0 CPU_HOT(>=25%):0
2026-08-14 12:55:12   NON_WD_SPIKE SYS_CPU:44% WD_CPU:0% GAP:44%
2026-08-14 12:55:12   NON_WD PID:7004 NAME:chrome#6 CPU:1.4% MEM:14.3MB CMD:
2026-08-14 12:55:12   NON_WD PID:5228 NAME:WmiPrvSE CPU:1.4% MEM:31.7MB CMD:C:\Windows\system32\wbem\wmiprvse.exe
2026-08-14 12:55:12   NON_WD PID:14176 NAME:chrome#2 CPU:1.4% MEM:9.6MB CMD:
2026-08-14 12:55:12   NON_WD PID:12916 NAME:chrome CPU:1.4% MEM:36.5MB CMD:"C:\Program Files\Google\Chrome\Application\chrome" --headless --disable-gpu --no-pdf-header-footer --print-to-pdf="C:\Temp\...
2026-08-14 12:55:12   NON_WD PID:3436 NAME:wd280admin CPU:0.6% MEM:6.1MB CMD:"C:\WEBDEV 28\WD280Admin.exe" /SERVICE
2026-08-14 12:55:12   NON_WD PID:3580 NAME:MsMpEng CPU:0.6% MEM:185.6MB CMD:
2026-08-14 12:55:12   NON_WD PID:9728 NAME:chrome#11 CPU:0.6% MEM:52.2MB CMD:
2026-08-14 12:55:12   NON_WD PID:16792 NAME:chrome#9 CPU:0.6% MEM:3.3MB CMD:
2026-08-14 12:55:12   NON_WD PID:2960 NAME:svchost#30 CPU:0% MEM:1MB CMD:C:\Windows\System32\svchost.exe -k netsvcs -p -s SessionEnv
2026-08-14 12:55:12   NON_WD PID:2576 NAME:svchost#26 CPU:0% MEM:1.1MB CMD:C:\Windows\System32\svchost.exe -k NetworkService -p -s LanmanWorkstation
2026-08-14 12:56:50 KILLING PID:11020 MEM:1675.4MB DUR:10.9s CPU:12.4 REASON:MEMORY AGE:7m
2026-08-14 12:56:50   DETAIL PID:11020 SAMPLES:33 SPIKES:3 PEAK_CPU:% PEAK_MEM:MB
2026-08-14 12:56:50   SAMPLE PID:11020 TIME:12:53:54 CPU:0% MEM:87.6MB
2026-08-14 12:56:50   SAMPLE PID:11020 TIME:12:54:00 CPU:0% MEM:87.6MB
2026-08-14 12:56:50   SAMPLE PID:11020 TIME:12:54:05 CPU:0% MEM:87.6MB
2026-08-14 12:56:50   SAMPLE PID:11020 TIME:12:54:11 CPU:0% MEM:87.6MB
2026-08-14 12:56:50   SAMPLE PID:11020 TIME:12:54:16 CPU:0% MEM:87.6MB
2026-08-14 12:56:50   SAMPLE PID:11020 TIME:12:54:21 CPU:0% MEM:87.6MB
2026-08-14 12:56:50   SAMPLE PID:11020 TIME:12:54:27 CPU:0% MEM:87.6MB
2026-08-14 12:56:50   SAMPLE PID:11020 TIME:12:54:32 CPU:0% MEM:88.3MB
2026-08-14 12:56:50   SAMPLE PID:11020 TIME:12:54:38 CPU:0% MEM:88.4MB
2026-08-14 12:56:50   SAMPLE PID:11020 TIME:12:54:43 CPU:0% MEM:88.4MB
2026-08-14 12:56:50   SAMPLE PID:11020 TIME:12:54:49 CPU:0% MEM:82.4MB
2026-08-14 12:56:50   SAMPLE PID:11020 TIME:12:54:54 CPU:0% MEM:82.4MB
2026-08-14 12:56:50   SAMPLE PID:11020 TIME:12:55:00 CPU:0% MEM:82.4MB
2026-08-14 12:56:50   SAMPLE PID:11020 TIME:12:55:05 CPU:0% MEM:82.4MB
2026-08-14 12:56:50   SAMPLE PID:11020 TIME:12:55:10 CPU:0% MEM:82.4MB
2026-08-14 12:56:50   SAMPLE PID:11020 TIME:12:55:18 CPU:0% MEM:82.4MB
2026-08-14 12:56:50   SAMPLE PID:11020 TIME:12:55:23 CPU:0% MEM:82.4MB
2026-08-14 12:56:50   SAMPLE PID:11020 TIME:12:55:28 CPU:0% MEM:82.4MB
2026-08-14 12:56:50   SAMPLE PID:11020 TIME:12:55:34 CPU:0% MEM:87.9MB
2026-08-14 12:56:50   SAMPLE PID:11020 TIME:12:55:39 CPU:0% MEM:92MB
2026-08-14 12:56:50   SAMPLE PID:11020 TIME:12:55:45 CPU:0% MEM:92MB
2026-08-14 12:56:50   SAMPLE PID:11020 TIME:12:55:50 CPU:0% MEM:92MB
2026-08-14 12:56:50   SAMPLE PID:11020 TIME:12:55:56 CPU:0% MEM:92MB
2026-08-14 12:56:50   SAMPLE PID:11020 TIME:12:56:01 CPU:0% MEM:93.1MB
2026-08-14 12:56:50   SAMPLE PID:11020 TIME:12:56:07 CPU:0% MEM:90.7MB
2026-08-14 12:56:50   SAMPLE PID:11020 TIME:12:56:12 CPU:0% MEM:90.7MB
2026-08-14 12:56:50   SAMPLE PID:11020 TIME:12:56:17 CPU:0% MEM:90.7MB
2026-08-14 12:56:50   SAMPLE PID:11020 TIME:12:56:23 CPU:0% MEM:90.7MB
2026-08-14 12:56:50   SAMPLE PID:11020 TIME:12:56:28 CPU:0% MEM:90.7MB
2026-08-14 12:56:50   SAMPLE PID:11020 TIME:12:56:34 CPU:12.4% MEM:543.2MB
2026-08-14 12:56:50   SAMPLE PID:11020 TIME:12:56:39 CPU:12.4% MEM:2452.5MB
2026-08-14 12:56:50   SAMPLE PID:11020 TIME:12:56:45 CPU:12.4% MEM:1856.5MB
2026-08-14 12:56:50   SAMPLE PID:11020 TIME:12:56:50 CPU:12.4% MEM:1675.4MB
2026-08-14 12:56:50 KILLED PID:11020
2026-08-14 12:57:23 KILLING PID:8088 MEM:1660.1MB DUR:10.9s CPU:12.4 REASON:MEMORY AGE:0m
2026-08-14 12:57:23   DETAIL PID:8088 SAMPLES:6 SPIKES:3 PEAK_CPU:% PEAK_MEM:MB
2026-08-14 12:57:23   SAMPLE PID:8088 TIME:12:56:56 CPU:0% MEM:35MB
2026-08-14 12:57:23   SAMPLE PID:8088 TIME:12:57:01 CPU:0% MEM:63MB
2026-08-14 12:57:23   SAMPLE PID:8088 TIME:12:57:06 CPU:12.4% MEM:1275.9MB
2026-08-14 12:57:23   SAMPLE PID:8088 TIME:12:57:12 CPU:12.5% MEM:2436.4MB
2026-08-14 12:57:23   SAMPLE PID:8088 TIME:12:57:17 CPU:12.5% MEM:1840.4MB
2026-08-14 12:57:23   SAMPLE PID:8088 TIME:12:57:23 CPU:12.4% MEM:1660.1MB
2026-08-14 12:57:23 KILLED PID:8088
2026-08-14 12:57:50 KILLING PID:11136 MEM:1839.9MB DUR:10.9s CPU:12.5 REASON:MEMORY AGE:0m
2026-08-14 12:57:50   DETAIL PID:11136 SAMPLES:5 SPIKES:3 PEAK_CPU:% PEAK_MEM:MB
2026-08-14 12:57:50   SAMPLE PID:11136 TIME:12:57:28 CPU:0% MEM:48.2MB
2026-08-14 12:57:50   SAMPLE PID:11136 TIME:12:57:34 CPU:0% MEM:60.2MB
2026-08-14 12:57:50   SAMPLE PID:11136 TIME:12:57:39 CPU:52.6% MEM:1008.2MB
2026-08-14 12:57:50   SAMPLE PID:11136 TIME:12:57:45 CPU:12.4% MEM:2435.9MB
2026-08-14 12:57:50   SAMPLE PID:11136 TIME:12:57:50 CPU:12.5% MEM:1839.9MB
2026-08-14 12:57:50 KILLED PID:11136
2026-08-14 12:59:28 KILLING PID:11000 MEM:2136.9MB DUR:10.9s CPU:11.8 REASON:MEMORY AGE:0m
2026-08-14 12:59:28   DETAIL PID:11000 SAMPLES:9 SPIKES:3 PEAK_CPU:% PEAK_MEM:MB
2026-08-14 12:59:28   SAMPLE PID:11000 TIME:12:58:45 CPU:0% MEM:48.2MB
2026-08-14 12:59:28   SAMPLE PID:11000 TIME:12:58:50 CPU:0% MEM:60.7MB
2026-08-14 12:59:28   SAMPLE PID:11000 TIME:12:58:56 CPU:0% MEM:65.9MB
2026-08-14 12:59:28   SAMPLE PID:11000 TIME:12:59:01 CPU:16.4% MEM:65.9MB
2026-08-14 12:59:28   SAMPLE PID:11000 TIME:12:59:06 CPU:0% MEM:65.9MB
2026-08-14 12:59:28   SAMPLE PID:11000 TIME:12:59:12 CPU:0% MEM:65.9MB
2026-08-14 12:59:28   SAMPLE PID:11000 TIME:12:59:17 CPU:12.5% MEM:2433.1MB
2026-08-14 12:59:28   SAMPLE PID:11000 TIME:12:59:23 CPU:12.4% MEM:2433.1MB
2026-08-14 12:59:28   SAMPLE PID:11000 TIME:12:59:28 CPU:11.8% MEM:2136.9MB
2026-08-14 12:59:28 KILLED PID:11000
2026-08-14 13:00:13 HEARTBEAT PROCS:242 TOP_MEM:PID:6312/173.3MB TOP_CPU:PID:16744/2.6% SYS_CPU:19%-WD:2.6% SYS_MEM:15/32GB(46.9%)-WD:17.2GB(53.8%) TRACKING:0 SPIKES:36 KILLS:4
2026-08-14 13:00:13   DIST CPU_IDLE(<1%):241 CPU_NORMAL(1-25%):1 CPU_HOT(>=25%):0
2026-08-14 13:05:15 HEARTBEAT PROCS:214 TOP_MEM:PID:6312/173.3MB TOP_CPU:PID:9192/0% SYS_CPU:1%-WD:0% SYS_MEM:14.2/32GB(44.4%)-WD:16GB(50%) TRACKING:0 SPIKES:9 KILLS:0
2026-08-14 13:05:15   DIST CPU_IDLE(<1%):214 CPU_NORMAL(1-25%):0 CPU_HOT(>=25%):0
2026-08-14 13:10:20 HEARTBEAT PROCS:207 TOP_MEM:PID:6312/173.3MB TOP_CPU:PID:15696/3.4% SYS_CPU:2%-WD:13.6% SYS_MEM:13.6/32GB(42.5%)-WD:15.3GB(47.8%) TRACKING:0 SPIKES:20 KILLS:0
2026-08-14 13:10:20   DIST CPU_IDLE(<1%):203 CPU_NORMAL(1-25%):4 CPU_HOT(>=25%):0
2026-08-14 13:15:20 HEARTBEAT PROCS:225 TOP_MEM:PID:6312/173.3MB TOP_CPU:PID:9192/0% SYS_CPU:4%-WD:0% SYS_MEM:14.1/32GB(44.1%)-WD:16.1GB(50.3%) TRACKING:0 SPIKES:0 KILLS:0
2026-08-14 13:15:20   DIST CPU_IDLE(<1%):225 CPU_NORMAL(1-25%):0 CPU_HOT(>=25%):0
2026-08-14 13:20:20 HEARTBEAT PROCS:203 TOP_MEM:PID:6312/173.3MB TOP_CPU:PID:12444/1.4% SYS_CPU:7%-WD:1.4% SYS_MEM:13.6/32GB(42.5%)-WD:15.2GB(47.5%) TRACKING:0 SPIKES:6 KILLS:0
2026-08-14 13:20:20   DIST CPU_IDLE(<1%):202 CPU_NORMAL(1-25%):1 CPU_HOT(>=25%):0
2026-08-14 13:25:25 HEARTBEAT PROCS:196 TOP_MEM:PID:6312/173.3MB TOP_CPU:PID:17236/5.5% SYS_CPU:2%-WD:5.5% SYS_MEM:13.5/32GB(42.2%)-WD:15GB(46.9%) TRACKING:0 SPIKES:26 KILLS:0
2026-08-14 13:25:25   DIST CPU_IDLE(<1%):195 CPU_NORMAL(1-25%):1 CPU_HOT(>=25%):0
2026-08-14 13:30:30 HEARTBEAT PROCS:186 TOP_MEM:PID:6312/173.3MB TOP_CPU:PID:4884/0% SYS_CPU:4%-WD:0% SYS_MEM:13.3/32GB(41.6%)-WD:14.5GB(45.3%) TRACKING:0 SPIKES:12 KILLS:0
2026-08-14 13:30:30   DIST CPU_IDLE(<1%):186 CPU_NORMAL(1-25%):0 CPU_HOT(>=25%):0
2026-08-14 13:35:35 HEARTBEAT PROCS:209 TOP_MEM:PID:6312/173.3MB TOP_CPU:PID:4884/0% SYS_CPU:2%-WD:0% SYS_MEM:13.8/32GB(43.1%)-WD:15.5GB(48.4%) TRACKING:0 SPIKES:0 KILLS:0
2026-08-14 13:35:35   DIST CPU_IDLE(<1%):209 CPU_NORMAL(1-25%):0 CPU_HOT(>=25%):0
2026-08-14 13:36:40 KILLING PID:1208 MEM:1665.8MB DUR:11s CPU:12.4 REASON:MEMORY AGE:4m
2026-08-14 13:36:40   DETAIL PID:1208 SAMPLES:50 SPIKES:3 PEAK_CPU:% PEAK_MEM:MB
2026-08-14 13:36:40   SAMPLE PID:1208 TIME:13:32:12 CPU:0% MEM:48MB
2026-08-14 13:36:40   SAMPLE PID:1208 TIME:13:32:18 CPU:0% MEM:63.4MB
2026-08-14 13:36:40   SAMPLE PID:1208 TIME:13:32:23 CPU:0% MEM:63.4MB
2026-08-14 13:36:40   SAMPLE PID:1208 TIME:13:32:28 CPU:0% MEM:63.4MB
2026-08-14 13:36:40   SAMPLE PID:1208 TIME:13:32:34 CPU:0% MEM:63.4MB
2026-08-14 13:36:40   SAMPLE PID:1208 TIME:13:32:39 CPU:0% MEM:63.4MB
2026-08-14 13:36:40   SAMPLE PID:1208 TIME:13:32:45 CPU:0% MEM:63.4MB
2026-08-14 13:36:40   SAMPLE PID:1208 TIME:13:32:50 CPU:0% MEM:63.4MB
2026-08-14 13:36:40   SAMPLE PID:1208 TIME:13:32:56 CPU:0% MEM:63.4MB
2026-08-14 13:36:40   SAMPLE PID:1208 TIME:13:33:01 CPU:0% MEM:63.4MB
2026-08-14 13:36:40   SAMPLE PID:1208 TIME:13:33:06 CPU:0% MEM:63.4MB
2026-08-14 13:36:40   SAMPLE PID:1208 TIME:13:33:12 CPU:0% MEM:63.4MB
2026-08-14 13:36:40   SAMPLE PID:1208 TIME:13:33:17 CPU:0% MEM:63.4MB
2026-08-14 13:36:40   SAMPLE PID:1208 TIME:13:33:23 CPU:0% MEM:63.4MB
2026-08-14 13:36:40   SAMPLE PID:1208 TIME:13:33:28 CPU:0% MEM:63.4MB
2026-08-14 13:36:40   SAMPLE PID:1208 TIME:13:33:33 CPU:0% MEM:63.4MB
2026-08-14 13:36:40   SAMPLE PID:1208 TIME:13:33:39 CPU:0% MEM:63.4MB
2026-08-14 13:36:40   SAMPLE PID:1208 TIME:13:33:44 CPU:0% MEM:63.4MB
2026-08-14 13:36:40   SAMPLE PID:1208 TIME:13:33:50 CPU:0% MEM:63.4MB
2026-08-14 13:36:40   SAMPLE PID:1208 TIME:13:33:55 CPU:0% MEM:63.4MB
2026-08-14 13:36:40   SAMPLE PID:1208 TIME:13:34:01 CPU:0% MEM:63.4MB
2026-08-14 13:36:40   SAMPLE PID:1208 TIME:13:34:06 CPU:0% MEM:63.4MB
2026-08-14 13:36:40   SAMPLE PID:1208 TIME:13:34:11 CPU:0% MEM:63.4MB
2026-08-14 13:36:40   SAMPLE PID:1208 TIME:13:34:17 CPU:0% MEM:63.4MB
2026-08-14 13:36:40   SAMPLE PID:1208 TIME:13:34:22 CPU:0% MEM:63.4MB
2026-08-14 13:36:40   SAMPLE PID:1208 TIME:13:34:28 CPU:0% MEM:63.4MB
2026-08-14 13:36:40   SAMPLE PID:1208 TIME:13:34:34 CPU:0% MEM:63.4MB
2026-08-14 13:36:40   SAMPLE PID:1208 TIME:13:34:39 CPU:0% MEM:63.4MB
2026-08-14 13:36:40   SAMPLE PID:1208 TIME:13:34:45 CPU:0% MEM:63.4MB
2026-08-14 13:36:40   SAMPLE PID:1208 TIME:13:34:50 CPU:0% MEM:63.4MB
2026-08-14 13:36:40   SAMPLE PID:1208 TIME:13:34:55 CPU:0% MEM:63.4MB
2026-08-14 13:36:40   SAMPLE PID:1208 TIME:13:35:01 CPU:0% MEM:63.4MB
2026-08-14 13:36:40   SAMPLE PID:1208 TIME:13:35:06 CPU:0% MEM:63.4MB
2026-08-14 13:36:40   SAMPLE PID:1208 TIME:13:35:12 CPU:0% MEM:63.4MB
2026-08-14 13:36:40   SAMPLE PID:1208 TIME:13:35:17 CPU:0% MEM:63.4MB
2026-08-14 13:36:40   SAMPLE PID:1208 TIME:13:35:23 CPU:0% MEM:63.4MB
2026-08-14 13:36:40   SAMPLE PID:1208 TIME:13:35:28 CPU:0% MEM:63.4MB
2026-08-14 13:36:40   SAMPLE PID:1208 TIME:13:35:33 CPU:0% MEM:63.4MB
2026-08-14 13:36:40   SAMPLE PID:1208 TIME:13:35:40 CPU:0% MEM:63.4MB
2026-08-14 13:36:40   SAMPLE PID:1208 TIME:13:35:45 CPU:0% MEM:63.4MB
2026-08-14 13:36:40   SAMPLE PID:1208 TIME:13:35:51 CPU:0% MEM:63.4MB
2026-08-14 13:36:40   SAMPLE PID:1208 TIME:13:35:56 CPU:0% MEM:63.4MB
2026-08-14 13:36:40   SAMPLE PID:1208 TIME:13:36:02 CPU:0% MEM:63.4MB
2026-08-14 13:36:40   SAMPLE PID:1208 TIME:13:36:07 CPU:0% MEM:63.4MB
2026-08-14 13:36:40   SAMPLE PID:1208 TIME:13:36:13 CPU:0% MEM:63.4MB
2026-08-14 13:36:40   SAMPLE PID:1208 TIME:13:36:18 CPU:3.4% MEM:66.9MB
2026-08-14 13:36:40   SAMPLE PID:1208 TIME:13:36:23 CPU:0% MEM:72.9MB
2026-08-14 13:36:40   SAMPLE PID:1208 TIME:13:36:29 CPU:12.4% MEM:2442.6MB
2026-08-14 13:36:40   SAMPLE PID:1208 TIME:13:36:34 CPU:12.4% MEM:2442.6MB
2026-08-14 13:36:40   SAMPLE PID:1208 TIME:13:36:40 CPU:12.4% MEM:1665.8MB
2026-08-14 13:36:40 KILLED PID:1208
2026-08-14 13:40:35 HEARTBEAT PROCS:236 TOP_MEM:PID:17372/169.8MB TOP_CPU:PID:5764/1.9% SYS_CPU:2%-WD:1.9% SYS_MEM:14.3/32GB(44.7%)-WD:16.6GB(51.9%) TRACKING:0 SPIKES:79 KILLS:1
2026-08-14 13:40:35   DIST CPU_IDLE(<1%):235 CPU_NORMAL(1-25%):1 CPU_HOT(>=25%):0
2026-08-14 13:45:36 HEARTBEAT PROCS:228 TOP_MEM:PID:17372/169.8MB TOP_CPU:PID:11256/8.5% SYS_CPU:5%-WD:8.5% SYS_MEM:14/32GB(43.8%)-WD:16.1GB(50.3%) TRACKING:0 SPIKES:12 KILLS:0
2026-08-14 13:45:36   DIST CPU_IDLE(<1%):227 CPU_NORMAL(1-25%):1 CPU_HOT(>=25%):0
2026-08-14 13:50:37 HEARTBEAT PROCS:213 TOP_MEM:PID:17372/169.8MB TOP_CPU:PID:9660/6.6% SYS_CPU:7%-WD:7.2% SYS_MEM:13.9/32GB(43.4%)-WD:15.7GB(49.1%) TRACKING:0 SPIKES:13 KILLS:0
2026-08-14 13:50:37   DIST CPU_IDLE(<1%):212 CPU_NORMAL(1-25%):1 CPU_HOT(>=25%):0
2026-08-14 13:55:42 HEARTBEAT PROCS:212 TOP_MEM:PID:11696/170.6MB TOP_CPU:PID:11160/0.6% SYS_CPU:4%-WD:1.2% SYS_MEM:14/32GB(43.8%)-WD:15.8GB(49.4%) TRACKING:0 SPIKES:19 KILLS:0
2026-08-14 13:55:42   DIST CPU_IDLE(<1%):212 CPU_NORMAL(1-25%):0 CPU_HOT(>=25%):0
2026-08-14 14:00:47 HEARTBEAT PROCS:218 TOP_MEM:PID:12072/173.4MB TOP_CPU:PID:16524/0% SYS_CPU:7%-WD:0% SYS_MEM:14.1/32GB(44.1%)-WD:16GB(50%) TRACKING:0 SPIKES:10 KILLS:0
2026-08-14 14:00:47   DIST CPU_IDLE(<1%):218 CPU_NORMAL(1-25%):0 CPU_HOT(>=25%):0
2026-08-14 14:05:48 HEARTBEAT PROCS:214 TOP_MEM:PID:12072/173.4MB TOP_CPU:PID:16524/0% SYS_CPU:4%-WD:0% SYS_MEM:14/32GB(43.8%)-WD:15.8GB(49.4%) TRACKING:0 SPIKES:28 KILLS:0
2026-08-14 14:05:48   DIST CPU_IDLE(<1%):214 CPU_NORMAL(1-25%):0 CPU_HOT(>=25%):0
2026-08-14 14:10:48 HEARTBEAT PROCS:207 TOP_MEM:PID:17372/169.8MB TOP_CPU:PID:4728/44.4% SYS_CPU:2%-WD:194.5% SYS_MEM:13.8/32GB(43.1%)-WD:15.5GB(48.4%) TRACKING:2 SPIKES:19 KILLS:0
2026-08-14 14:10:48   DIST CPU_IDLE(<1%):186 CPU_NORMAL(1-25%):19 CPU_HOT(>=25%):2
2026-08-14 14:15:48 HEARTBEAT PROCS:218 TOP_MEM:PID:12072/170.2MB TOP_CPU:PID:5500/2.6% SYS_CPU:5%-WD:2.6% SYS_MEM:13.8/32GB(43.1%)-WD:15.6GB(48.8%) TRACKING:0 SPIKES:2 KILLS:0
2026-08-14 14:15:48   DIST CPU_IDLE(<1%):217 CPU_NORMAL(1-25%):1 CPU_HOT(>=25%):0
2026-08-14 14:20:48 HEARTBEAT PROCS:207 TOP_MEM:PID:12072/171.8MB TOP_CPU:PID:14992/0.6% SYS_CPU:0%-WD:0.6% SYS_MEM:13.6/32GB(42.5%)-WD:15.3GB(47.8%) TRACKING:0 SPIKES:3 KILLS:0
2026-08-14 14:20:48   DIST CPU_IDLE(<1%):207 CPU_NORMAL(1-25%):0 CPU_HOT(>=25%):0
2026-08-14 14:25:53 HEARTBEAT PROCS:180 TOP_MEM:PID:12072/173MB TOP_CPU:PID:1864/0% SYS_CPU:1%-WD:0% SYS_MEM:13/32GB(40.6%)-WD:14.1GB(44.1%) TRACKING:0 SPIKES:11 KILLS:0
2026-08-14 14:25:53   DIST CPU_IDLE(<1%):180 CPU_NORMAL(1-25%):0 CPU_HOT(>=25%):0
2026-08-14 14:30:58 HEARTBEAT PROCS:216 TOP_MEM:PID:12072/173MB TOP_CPU:PID:14512/0% SYS_CPU:1%-WD:0% SYS_MEM:13.9/32GB(43.4%)-WD:15.6GB(48.8%) TRACKING:0 SPIKES:37 KILLS:0
2026-08-14 14:30:58   DIST CPU_IDLE(<1%):216 CPU_NORMAL(1-25%):0 CPU_HOT(>=25%):0
2026-08-14 14:36:03 HEARTBEAT PROCS:191 TOP_MEM:PID:12072/172.8MB TOP_CPU:PID:16404/0.6% SYS_CPU:2%-WD:0.6% SYS_MEM:13.4/32GB(41.9%)-WD:14.6GB(45.6%) TRACKING:0 SPIKES:0 KILLS:0
2026-08-14 14:36:03   DIST CPU_IDLE(<1%):191 CPU_NORMAL(1-25%):0 CPU_HOT(>=25%):0
2026-08-14 14:41:08 HEARTBEAT PROCS:177 TOP_MEM:PID:12072/174MB TOP_CPU:PID:11696/5.5% SYS_CPU:1%-WD:5.5% SYS_MEM:12.8/32GB(40%)-WD:13.8GB(43.1%) TRACKING:0 SPIKES:24 KILLS:0
2026-08-14 14:41:08   DIST CPU_IDLE(<1%):176 CPU_NORMAL(1-25%):1 CPU_HOT(>=25%):0
2026-08-14 14:46:13 HEARTBEAT PROCS:207 TOP_MEM:PID:17372/169MB TOP_CPU:PID:14888/1.9% SYS_CPU:4%-WD:2.5% SYS_MEM:13.6/32GB(42.5%)-WD:15.1GB(47.2%) TRACKING:0 SPIKES:0 KILLS:0
2026-08-14 14:46:13   DIST CPU_IDLE(<1%):206 CPU_NORMAL(1-25%):1 CPU_HOT(>=25%):0
2026-08-14 14:51:18 HEARTBEAT PROCS:200 TOP_MEM:PID:17372/167.7MB TOP_CPU:PID:10068/0% SYS_CPU:1%-WD:0% SYS_MEM:13.5/32GB(42.2%)-WD:14.8GB(46.2%) TRACKING:0 SPIKES:7 KILLS:0
2026-08-14 14:51:18   DIST CPU_IDLE(<1%):200 CPU_NORMAL(1-25%):0 CPU_HOT(>=25%):0
2026-08-14 14:56:19 HEARTBEAT PROCS:201 TOP_MEM:PID:17372/169.6MB TOP_CPU:PID:11356/0% SYS_CPU:2%-WD:0% SYS_MEM:13.6/32GB(42.5%)-WD:15GB(46.9%) TRACKING:0 SPIKES:10 KILLS:0
2026-08-14 14:56:19   DIST CPU_IDLE(<1%):201 CPU_NORMAL(1-25%):0 CPU_HOT(>=25%):0
2026-08-14 15:01:23 HEARTBEAT PROCS:183 TOP_MEM:PID:4892/150.6MB TOP_CPU:PID:11456/4.1% SYS_CPU:0%-WD:4.1% SYS_MEM:12.7/32GB(39.7%)-WD:13.8GB(43.1%) TRACKING:0 SPIKES:12 KILLS:0
2026-08-14 15:01:23   DIST CPU_IDLE(<1%):182 CPU_NORMAL(1-25%):1 CPU_HOT(>=25%):0
2026-08-14 15:06:28 HEARTBEAT PROCS:205 TOP_MEM:PID:4892/150.6MB TOP_CPU:PID:8436/2.8% SYS_CPU:7%-WD:2.8% SYS_MEM:13.1/32GB(40.9%)-WD:14.6GB(45.6%) TRACKING:0 SPIKES:26 KILLS:0
2026-08-14 15:06:28   DIST CPU_IDLE(<1%):204 CPU_NORMAL(1-25%):1 CPU_HOT(>=25%):0
2026-08-14 15:11:33 HEARTBEAT PROCS:174 TOP_MEM:PID:4892/150.6MB TOP_CPU:PID:17372/0.6% SYS_CPU:2%-WD:0.6% SYS_MEM:12.3/32GB(38.4%)-WD:13.3GB(41.6%) TRACKING:0 SPIKES:10 KILLS:0
2026-08-14 15:11:33   DIST CPU_IDLE(<1%):174 CPU_NORMAL(1-25%):0 CPU_HOT(>=25%):0
2026-08-14 15:16:37 HEARTBEAT PROCS:224 TOP_MEM:PID:11696/150.6MB TOP_CPU:PID:9192/0% SYS_CPU:1%-WD:0% SYS_MEM:13/32GB(40.6%)-WD:14.9GB(46.6%) TRACKING:0 SPIKES:17 KILLS:0
2026-08-14 15:16:37   DIST CPU_IDLE(<1%):224 CPU_NORMAL(1-25%):0 CPU_HOT(>=25%):0
2026-08-14 15:19:14 KILLING PID:16776 MEM:1661.7MB DUR:10.9s CPU:12.5 REASON:MEMORY AGE:0m
2026-08-14 15:19:14   DETAIL PID:16776 SAMPLES:6 SPIKES:3 PEAK_CPU:% PEAK_MEM:MB
2026-08-14 15:19:14   SAMPLE PID:16776 TIME:15:18:47 CPU:0% MEM:48.2MB
2026-08-14 15:19:14   SAMPLE PID:16776 TIME:15:18:53 CPU:0% MEM:60.5MB
2026-08-14 15:19:14   SAMPLE PID:16776 TIME:15:18:58 CPU:0% MEM:68.7MB
2026-08-14 15:19:14   SAMPLE PID:16776 TIME:15:19:03 CPU:12.4% MEM:2437.9MB
2026-08-14 15:19:14   SAMPLE PID:16776 TIME:15:19:09 CPU:12.4% MEM:2437.9MB
2026-08-14 15:19:14   SAMPLE PID:16776 TIME:15:19:14 CPU:12.5% MEM:1661.7MB
2026-08-14 15:19:14 KILLED PID:16776
2026-08-14 15:21:37 HEARTBEAT PROCS:231 TOP_MEM:PID:11696/151.8MB TOP_CPU:PID:4612/1.9% SYS_CPU:10%-WD:3.1% SYS_MEM:13.1/32GB(40.9%)-WD:15GB(46.9%) TRACKING:0 SPIKES:1 KILLS:1
2026-08-14 15:21:37   DIST CPU_IDLE(<1%):229 CPU_NORMAL(1-25%):2 CPU_HOT(>=25%):0
2026-08-14 15:26:42 HEARTBEAT PROCS:191 TOP_MEM:PID:4892/150.6MB TOP_CPU:PID:18376/1.4% SYS_CPU:1%-WD:1.4% SYS_MEM:12.3/32GB(38.4%)-WD:13.5GB(42.2%) TRACKING:0 SPIKES:2 KILLS:0
2026-08-14 15:26:42   DIST CPU_IDLE(<1%):190 CPU_NORMAL(1-25%):1 CPU_HOT(>=25%):0
2026-08-14 15:31:47 HEARTBEAT PROCS:198 TOP_MEM:PID:4892/150.6MB TOP_CPU:PID:11332/1.9% SYS_CPU:2%-WD:2.5% SYS_MEM:12.5/32GB(39.1%)-WD:13.8GB(43.1%) TRACKING:0 SPIKES:0 KILLS:0
2026-08-14 15:31:47   DIST CPU_IDLE(<1%):197 CPU_NORMAL(1-25%):1 CPU_HOT(>=25%):0
2026-08-14 15:36:52 HEARTBEAT PROCS:193 TOP_MEM:PID:4892/150.6MB TOP_CPU:PID:1600/4.1% SYS_CPU:36%-WD:8.9% SYS_MEM:12.6/32GB(39.4%)-WD:13.8GB(43.1%) TRACKING:0 SPIKES:14 KILLS:0
2026-08-14 15:36:52   DIST CPU_IDLE(<1%):190 CPU_NORMAL(1-25%):3 CPU_HOT(>=25%):0
2026-08-14 15:36:52   NON_WD_SPIKE SYS_CPU:36% WD_CPU:8.9% GAP:27.1%
2026-08-14 15:36:53   NON_WD PID:5228 NAME:WmiPrvSE CPU:1.2% MEM:29.1MB CMD:C:\Windows\system32\wbem\wmiprvse.exe
2026-08-14 15:36:53   NON_WD PID:7624 NAME:httpd#1 CPU:0.6% MEM:52.8MB CMD:C:\Apache24\bin\httpd.exe -d C:/Apache24
2026-08-14 15:36:53   NON_WD PID:2892 NAME:svchost#29 CPU:0% MEM:0.6MB CMD:C:\Windows\system32\svchost.exe -k netsvcs -s CertPropSvc
2026-08-14 15:36:53   NON_WD PID:3256 NAME:svchost#34 CPU:0% MEM:3MB CMD:C:\Windows\system32\svchost.exe -k NetworkService -p -s CryptSvc
2026-08-14 15:36:53   NON_WD PID:3224 NAME:svchost#33 CPU:0% MEM:10.3MB CMD:C:\Windows\system32\svchost.exe -k netsvcs -p -s Winmgmt
2026-08-14 15:36:53   NON_WD PID:2960 NAME:svchost#30 CPU:0% MEM:1MB CMD:C:\Windows\System32\svchost.exe -k netsvcs -p -s SessionEnv
2026-08-14 15:36:53   NON_WD PID:3016 NAME:svchost#31 CPU:0% MEM:0.7MB CMD:C:\Windows\system32\svchost.exe -k netsvcs -p -s IKEEXT
2026-08-14 15:36:53   NON_WD PID:3044 NAME:svchost#32 CPU:0% MEM:0.9MB CMD:C:\Windows\system32\svchost.exe -k NetworkServiceNetworkRestricted -p -s PolicyAgent
2026-08-14 15:36:53   NON_WD PID:3484 NAME:svchost#40 CPU:0% MEM:1.7MB CMD:C:\Windows\System32\svchost.exe -k NetworkService -p -s WinRM
2026-08-14 15:36:53   NON_WD PID:3360 NAME:svchost#39 CPU:0% MEM:0.7MB CMD:C:\Windows\system32\svchost.exe -k LocalService -s W32Time
2026-08-14 15:41:57 HEARTBEAT PROCS:197 TOP_MEM:PID:11696/151.4MB TOP_CPU:PID:12044/2.8% SYS_CPU:2%-WD:2.8% SYS_MEM:12.5/32GB(39.1%)-WD:13.8GB(43.1%) TRACKING:0 SPIKES:32 KILLS:0
2026-08-14 15:41:57   DIST CPU_IDLE(<1%):196 CPU_NORMAL(1-25%):1 CPU_HOT(>=25%):0
2026-08-14 15:47:01 HEARTBEAT PROCS:164 TOP_MEM:PID:4892/150.6MB TOP_CPU:PID:15248/0% SYS_CPU:4%-WD:0% SYS_MEM:11.9/32GB(37.2%)-WD:12.7GB(39.7%) TRACKING:0 SPIKES:19 KILLS:0
2026-08-14 15:47:01   DIST CPU_IDLE(<1%):164 CPU_NORMAL(1-25%):0 CPU_HOT(>=25%):0
2026-08-14 15:52:05 HEARTBEAT PROCS:194 TOP_MEM:PID:11696/151.3MB TOP_CPU:PID:11696/0.6% SYS_CPU:2%-WD:0.6% SYS_MEM:12.3/32GB(38.4%)-WD:13.6GB(42.5%) TRACKING:0 SPIKES:6 KILLS:0
2026-08-14 15:52:05   DIST CPU_IDLE(<1%):194 CPU_NORMAL(1-25%):0 CPU_HOT(>=25%):0
2026-08-14 15:57:11 HEARTBEAT PROCS:200 TOP_MEM:PID:11696/181.5MB TOP_CPU:PID:18012/2% SYS_CPU:5%-WD:2% SYS_MEM:12.4/32GB(38.8%)-WD:13.7GB(42.8%) TRACKING:0 SPIKES:13 KILLS:0
2026-08-14 15:57:11   DIST CPU_IDLE(<1%):199 CPU_NORMAL(1-25%):1 CPU_HOT(>=25%):0
2026-08-14 16:02:15 HEARTBEAT PROCS:173 TOP_MEM:PID:11696/181.4MB TOP_CPU:PID:18288/1.4% SYS_CPU:1%-WD:1.4% SYS_MEM:11.6/32GB(36.2%)-WD:12.4GB(38.8%) TRACKING:0 SPIKES:0 KILLS:0
2026-08-14 16:02:15   DIST CPU_IDLE(<1%):172 CPU_NORMAL(1-25%):1 CPU_HOT(>=25%):0
2026-08-14 16:05:35 KILLING PID:14240 MEM:1657.3MB DUR:10.9s CPU:12.4 REASON:MEMORY AGE:0m
2026-08-14 16:05:35   DETAIL PID:14240 SAMPLES:10 SPIKES:3 PEAK_CPU:% PEAK_MEM:MB
2026-08-14 16:05:35   SAMPLE PID:14240 TIME:16:04:46 CPU:0% MEM:49.8MB
2026-08-14 16:05:35   SAMPLE PID:14240 TIME:16:04:52 CPU:0% MEM:62.3MB
2026-08-14 16:05:35   SAMPLE PID:14240 TIME:16:04:57 CPU:0% MEM:68.6MB
2026-08-14 16:05:35   SAMPLE PID:14240 TIME:16:05:02 CPU:15.2% MEM:68.7MB
2026-08-14 16:05:35   SAMPLE PID:14240 TIME:16:05:08 CPU:0% MEM:68.7MB
2026-08-14 16:05:35   SAMPLE PID:14240 TIME:16:05:13 CPU:0% MEM:68.7MB
2026-08-14 16:05:35   SAMPLE PID:14240 TIME:16:05:19 CPU:0.6% MEM:71.1MB
2026-08-14 16:05:35   SAMPLE PID:14240 TIME:16:05:24 CPU:12.4% MEM:2433.5MB
2026-08-14 16:05:35   SAMPLE PID:14240 TIME:16:05:30 CPU:11.8% MEM:2433.5MB
2026-08-14 16:05:35   SAMPLE PID:14240 TIME:16:05:35 CPU:12.4% MEM:1657.3MB
2026-08-14 16:05:35 KILLED PID:14240
2026-08-14 16:07:19 HEARTBEAT PROCS:200 TOP_MEM:PID:11696/181.4MB TOP_CPU:PID:2316/0% SYS_CPU:4%-WD:0% SYS_MEM:12.3/32GB(38.4%)-WD:13.6GB(42.5%) TRACKING:0 SPIKES:10 KILLS:1
2026-08-14 16:07:19   DIST CPU_IDLE(<1%):200 CPU_NORMAL(1-25%):0 CPU_HOT(>=25%):0
2026-08-14 16:12:23 HEARTBEAT PROCS:172 TOP_MEM:PID:11696/181.4MB TOP_CPU:PID:9636/0% SYS_CPU:1%-WD:0% SYS_MEM:11.6/32GB(36.2%)-WD:12.4GB(38.8%) TRACKING:0 SPIKES:57 KILLS:0
2026-08-14 16:12:23   DIST CPU_IDLE(<1%):172 CPU_NORMAL(1-25%):0 CPU_HOT(>=25%):0
2026-08-14 16:17:28 HEARTBEAT PROCS:169 TOP_MEM:PID:11696/181.4MB TOP_CPU:PID:14384/0% SYS_CPU:1%-WD:0% SYS_MEM:11.3/32GB(35.3%)-WD:12GB(37.5%) TRACKING:0 SPIKES:8 KILLS:0
2026-08-14 16:17:28   DIST CPU_IDLE(<1%):169 CPU_NORMAL(1-25%):0 CPU_HOT(>=25%):0
2026-08-14 16:22:32 HEARTBEAT PROCS:198 TOP_MEM:PID:11696/181.4MB TOP_CPU:PID:17372/0% SYS_CPU:2%-WD:0% SYS_MEM:11.7/32GB(36.6%)-WD:12.9GB(40.3%) TRACKING:0 SPIKES:6 KILLS:0
2026-08-14 16:22:32   DIST CPU_IDLE(<1%):198 CPU_NORMAL(1-25%):0 CPU_HOT(>=25%):0
2026-08-14 16:27:36 HEARTBEAT PROCS:172 TOP_MEM:PID:11696/181.4MB TOP_CPU:PID:13588/1.4% SYS_CPU:5%-WD:2.0% SYS_MEM:11/32GB(34.4%)-WD:11.9GB(37.2%) TRACKING:0 SPIKES:16 KILLS:0
2026-08-14 16:27:36   DIST CPU_IDLE(<1%):171 CPU_NORMAL(1-25%):1 CPU_HOT(>=25%):0
2026-08-14 16:32:41 HEARTBEAT PROCS:161 TOP_MEM:PID:11696/181.4MB TOP_CPU:PID:1004/0% SYS_CPU:2%-WD:0% SYS_MEM:11.2/32GB(35%)-WD:11.7GB(36.6%) TRACKING:0 SPIKES:12 KILLS:0
2026-08-14 16:32:41   DIST CPU_IDLE(<1%):161 CPU_NORMAL(1-25%):0 CPU_HOT(>=25%):0
2026-08-14 16:37:44 HEARTBEAT PROCS:149 TOP_MEM:PID:11696/181.4MB TOP_CPU:PID:17816/0% SYS_CPU:5%-WD:0% SYS_MEM:10.5/32GB(32.8%)-WD:10.9GB(34.1%) TRACKING:0 SPIKES:10 KILLS:0
2026-08-14 16:37:44   DIST CPU_IDLE(<1%):149 CPU_NORMAL(1-25%):0 CPU_HOT(>=25%):0
2026-08-14 16:42:47 HEARTBEAT PROCS:161 TOP_MEM:PID:11696/181.4MB TOP_CPU:PID:11252/0.6% SYS_CPU:2%-WD:1.2% SYS_MEM:10.8/32GB(33.8%)-WD:11.4GB(35.6%) TRACKING:0 SPIKES:36 KILLS:0
2026-08-14 16:42:47   DIST CPU_IDLE(<1%):161 CPU_NORMAL(1-25%):0 CPU_HOT(>=25%):0
2026-08-14 16:47:52 HEARTBEAT PROCS:180 TOP_MEM:PID:4892/150.6MB TOP_CPU:PID:10924/0% SYS_CPU:5%-WD:0% SYS_MEM:11.1/32GB(34.7%)-WD:12GB(37.5%) TRACKING:0 SPIKES:16 KILLS:0
2026-08-14 16:47:52   DIST CPU_IDLE(<1%):180 CPU_NORMAL(1-25%):0 CPU_HOT(>=25%):0
2026-08-14 16:52:56 HEARTBEAT PROCS:159 TOP_MEM:PID:4892/150.6MB TOP_CPU:PID:15688/0% SYS_CPU:2%-WD:0% SYS_MEM:10.6/32GB(33.1%)-WD:11.2GB(35%) TRACKING:0 SPIKES:23 KILLS:0
2026-08-14 16:52:56   DIST CPU_IDLE(<1%):159 CPU_NORMAL(1-25%):0 CPU_HOT(>=25%):0
2026-08-14 16:57:59 HEARTBEAT PROCS:164 TOP_MEM:PID:17532/156.2MB TOP_CPU:PID:11348/0% SYS_CPU:2%-WD:0% SYS_MEM:10.5/32GB(32.8%)-WD:11.2GB(35%) TRACKING:0 SPIKES:20 KILLS:0
2026-08-14 16:57:59   DIST CPU_IDLE(<1%):164 CPU_NORMAL(1-25%):0 CPU_HOT(>=25%):0
2026-08-14 17:03:03 HEARTBEAT PROCS:165 TOP_MEM:PID:17532/154.5MB TOP_CPU:PID:11352/0% SYS_CPU:11%-WD:0% SYS_MEM:10.4/32GB(32.5%)-WD:11GB(34.4%) TRACKING:0 SPIKES:10 KILLS:0
2026-08-14 17:03:03   DIST CPU_IDLE(<1%):165 CPU_NORMAL(1-25%):0 CPU_HOT(>=25%):0
2026-08-14 17:08:07 HEARTBEAT PROCS:152 TOP_MEM:PID:17532/154.5MB TOP_CPU:PID:4892/0% SYS_CPU:0%-WD:0% SYS_MEM:9.7/32GB(30.3%)-WD:10.1GB(31.6%) TRACKING:0 SPIKES:40 KILLS:0
2026-08-14 17:08:07   DIST CPU_IDLE(<1%):152 CPU_NORMAL(1-25%):0 CPU_HOT(>=25%):0
2026-08-14 17:13:09 HEARTBEAT PROCS:153 TOP_MEM:PID:17532/154.5MB TOP_CPU:PID:18244/0% SYS_CPU:7%-WD:0% SYS_MEM:9.3/32GB(29.1%)-WD:9.6GB(30%) TRACKING:0 SPIKES:3 KILLS:0
2026-08-14 17:13:09   DIST CPU_IDLE(<1%):153 CPU_NORMAL(1-25%):0 CPU_HOT(>=25%):0
2026-08-14 17:18:12 HEARTBEAT PROCS:128 TOP_MEM:PID:14004/167.3MB TOP_CPU:PID:10736/0.6% SYS_CPU:2%-WD:0.6% SYS_MEM:8.6/32GB(26.9%)-WD:8.6GB(26.9%) TRACKING:0 SPIKES:33 KILLS:0
2026-08-14 17:18:12   DIST CPU_IDLE(<1%):128 CPU_NORMAL(1-25%):0 CPU_HOT(>=25%):0
2026-08-14 17:23:15 HEARTBEAT PROCS:125 TOP_MEM:PID:14004/167.7MB TOP_CPU:PID:13880/0% SYS_CPU:1%-WD:0% SYS_MEM:8.5/32GB(26.6%)-WD:8.3GB(25.9%) TRACKING:0 SPIKES:1 KILLS:0
2026-08-14 17:23:15   DIST CPU_IDLE(<1%):125 CPU_NORMAL(1-25%):0 CPU_HOT(>=25%):0
2026-08-14 17:28:17 HEARTBEAT PROCS:113 TOP_MEM:PID:17532/154.5MB TOP_CPU:PID:3728/2% SYS_CPU:1%-WD:2% SYS_MEM:7.9/32GB(24.7%)-WD:7.5GB(23.4%) TRACKING:0 SPIKES:16 KILLS:0
2026-08-14 17:28:17   DIST CPU_IDLE(<1%):112 CPU_NORMAL(1-25%):1 CPU_HOT(>=25%):0
2026-08-14 17:33:18 HEARTBEAT PROCS:93 TOP_MEM:PID:17532/154.5MB TOP_CPU:PID:6952/0% SYS_CPU:4%-WD:0% SYS_MEM:7.5/32GB(23.4%)-WD:6.7GB(20.9%) TRACKING:0 SPIKES:3 KILLS:0
2026-08-14 17:33:18   DIST CPU_IDLE(<1%):93 CPU_NORMAL(1-25%):0 CPU_HOT(>=25%):0
2026-08-14 17:38:19 HEARTBEAT PROCS:80 TOP_MEM:PID:17532/154.5MB TOP_CPU:PID:6952/0% SYS_CPU:1%-WD:0% SYS_MEM:7/32GB(21.9%)-WD:6GB(18.8%) TRACKING:0 SPIKES:1 KILLS:0
2026-08-14 17:38:19   DIST CPU_IDLE(<1%):80 CPU_NORMAL(1-25%):0 CPU_HOT(>=25%):0
2026-08-14 17:43:19 HEARTBEAT PROCS:88 TOP_MEM:PID:17532/154.5MB TOP_CPU:PID:9628/1.4% SYS_CPU:1%-WD:1.4% SYS_MEM:7.3/32GB(22.8%)-WD:6.4GB(20%) TRACKING:0 SPIKES:0 KILLS:0
2026-08-14 17:43:19   DIST CPU_IDLE(<1%):87 CPU_NORMAL(1-25%):1 CPU_HOT(>=25%):0
2026-08-14 17:48:20 HEARTBEAT PROCS:96 TOP_MEM:PID:17532/154.5MB TOP_CPU:PID:9948/1.4% SYS_CPU:0%-WD:1.4% SYS_MEM:7.6/32GB(23.8%)-WD:6.8GB(21.2%) TRACKING:0 SPIKES:3 KILLS:0
2026-08-14 17:48:20   DIST CPU_IDLE(<1%):95 CPU_NORMAL(1-25%):1 CPU_HOT(>=25%):0
2026-08-14 17:53:21 HEARTBEAT PROCS:114 TOP_MEM:PID:11024/163.8MB TOP_CPU:PID:6764/0% SYS_CPU:8%-WD:0% SYS_MEM:8.2/32GB(25.6%)-WD:7.5GB(23.4%) TRACKING:0 SPIKES:1 KILLS:0
2026-08-14 17:53:21   DIST CPU_IDLE(<1%):114 CPU_NORMAL(1-25%):0 CPU_HOT(>=25%):0
2026-08-14 17:54:31 KILLING PID:8360 MEM:1845.7MB DUR:10.7s CPU:12.5 REASON:MEMORY AGE:2m
2026-08-14 17:54:31   DETAIL PID:8360 SAMPLES:27 SPIKES:3 PEAK_CPU:% PEAK_MEM:MB
2026-08-14 17:54:31   SAMPLE PID:8360 TIME:17:52:10 CPU:0% MEM:50MB
2026-08-14 17:54:31   SAMPLE PID:8360 TIME:17:52:16 CPU:1.4% MEM:48.3MB
2026-08-14 17:54:31   SAMPLE PID:8360 TIME:17:52:21 CPU:0% MEM:60MB
2026-08-14 17:54:31   SAMPLE PID:8360 TIME:17:52:26 CPU:0% MEM:63.3MB
2026-08-14 17:54:31   SAMPLE PID:8360 TIME:17:52:32 CPU:0% MEM:63.3MB
2026-08-14 17:54:31   SAMPLE PID:8360 TIME:17:52:37 CPU:0% MEM:63.3MB
2026-08-14 17:54:31   SAMPLE PID:8360 TIME:17:52:42 CPU:0% MEM:63.6MB
2026-08-14 17:54:31   SAMPLE PID:8360 TIME:17:52:48 CPU:0% MEM:63.6MB
2026-08-14 17:54:31   SAMPLE PID:8360 TIME:17:52:53 CPU:0% MEM:63.6MB
2026-08-14 17:54:31   SAMPLE PID:8360 TIME:17:52:59 CPU:0% MEM:67MB
2026-08-14 17:54:31   SAMPLE PID:8360 TIME:17:53:04 CPU:0% MEM:67MB
2026-08-14 17:54:31   SAMPLE PID:8360 TIME:17:53:09 CPU:0% MEM:67.1MB
2026-08-14 17:54:31   SAMPLE PID:8360 TIME:17:53:15 CPU:0% MEM:67.1MB
2026-08-14 17:54:31   SAMPLE PID:8360 TIME:17:53:20 CPU:0% MEM:67.1MB
2026-08-14 17:54:31   SAMPLE PID:8360 TIME:17:53:27 CPU:0% MEM:67.1MB
2026-08-14 17:54:31   SAMPLE PID:8360 TIME:17:53:32 CPU:0% MEM:70MB
2026-08-14 17:54:31   SAMPLE PID:8360 TIME:17:53:37 CPU:0% MEM:73.1MB
2026-08-14 17:54:31   SAMPLE PID:8360 TIME:17:53:43 CPU:0% MEM:74.1MB
2026-08-14 17:54:31   SAMPLE PID:8360 TIME:17:53:48 CPU:0% MEM:74.1MB
2026-08-14 17:54:31   SAMPLE PID:8360 TIME:17:53:53 CPU:0% MEM:74.1MB
2026-08-14 17:54:31   SAMPLE PID:8360 TIME:17:53:59 CPU:0% MEM:74.1MB
2026-08-14 17:54:31   SAMPLE PID:8360 TIME:17:54:04 CPU:0% MEM:74.1MB
2026-08-14 17:54:31   SAMPLE PID:8360 TIME:17:54:10 CPU:0% MEM:74.1MB
2026-08-14 17:54:31   SAMPLE PID:8360 TIME:17:54:15 CPU:0% MEM:74.1MB
2026-08-14 17:54:31   SAMPLE PID:8360 TIME:17:54:20 CPU:12.4% MEM:2441.7MB
2026-08-14 17:54:31   SAMPLE PID:8360 TIME:17:54:26 CPU:12.5% MEM:2441.7MB
2026-08-14 17:54:31   SAMPLE PID:8360 TIME:17:54:31 CPU:12.5% MEM:1845.7MB
2026-08-14 17:54:31 KILLED PID:8360
2026-08-14 17:58:23 HEARTBEAT PROCS:131 TOP_MEM:PID:11024/163.9MB TOP_CPU:PID:2632/0% SYS_CPU:1%-WD:0% SYS_MEM:8/32GB(25%)-WD:7.9GB(24.7%) TRACKING:0 SPIKES:10 KILLS:1
2026-08-14 17:58:23   DIST CPU_IDLE(<1%):131 CPU_NORMAL(1-25%):0 CPU_HOT(>=25%):0
2026-08-14 18:03:25 HEARTBEAT PROCS:93 TOP_MEM:PID:17532/154.5MB TOP_CPU:PID:14076/0% SYS_CPU:11%-WD:0% SYS_MEM:6.7/32GB(20.9%)-WD:5.9GB(18.4%) TRACKING:0 SPIKES:24 KILLS:0
2026-08-14 18:03:25   DIST CPU_IDLE(<1%):93 CPU_NORMAL(1-25%):0 CPU_HOT(>=25%):0
2026-08-14 18:08:26 HEARTBEAT PROCS:81 TOP_MEM:PID:1452/131.2MB TOP_CPU:PID:11896/0% SYS_CPU:7%-WD:0% SYS_MEM:6/32GB(18.8%)-WD:4.9GB(15.3%) TRACKING:0 SPIKES:0 KILLS:0
2026-08-14 18:08:26   DIST CPU_IDLE(<1%):81 CPU_NORMAL(1-25%):0 CPU_HOT(>=25%):0
2026-08-14 18:11:43 KILLING PID:8992 MEM:1845.7MB DUR:10.7s CPU:12.4 REASON:MEMORY AGE:17m
2026-08-14 18:11:43   DETAIL PID:8992 SAMPLES:60 SPIKES:3 PEAK_CPU:% PEAK_MEM:MB
2026-08-14 18:11:43   SAMPLE PID:8992 TIME:18:06:26 CPU:0% MEM:83.2MB
2026-08-14 18:11:43   SAMPLE PID:8992 TIME:18:06:32 CPU:0% MEM:83.2MB
2026-08-14 18:11:43   SAMPLE PID:8992 TIME:18:06:37 CPU:0% MEM:83.2MB
2026-08-14 18:11:43   SAMPLE PID:8992 TIME:18:06:42 CPU:0% MEM:83.2MB
2026-08-14 18:11:43   SAMPLE PID:8992 TIME:18:06:48 CPU:0% MEM:83.2MB
2026-08-14 18:11:43   SAMPLE PID:8992 TIME:18:06:53 CPU:0% MEM:83.2MB
2026-08-14 18:11:43   SAMPLE PID:8992 TIME:18:06:58 CPU:0% MEM:83.2MB
2026-08-14 18:11:43   SAMPLE PID:8992 TIME:18:07:04 CPU:0% MEM:83.2MB
2026-08-14 18:11:43   SAMPLE PID:8992 TIME:18:07:09 CPU:0% MEM:83.2MB
2026-08-14 18:11:43   SAMPLE PID:8992 TIME:18:07:14 CPU:0% MEM:83.2MB
2026-08-14 18:11:43   SAMPLE PID:8992 TIME:18:07:20 CPU:0% MEM:83.2MB
2026-08-14 18:11:43   SAMPLE PID:8992 TIME:18:07:26 CPU:0% MEM:83.2MB
2026-08-14 18:11:43   SAMPLE PID:8992 TIME:18:07:31 CPU:0% MEM:83.2MB
2026-08-14 18:11:43   SAMPLE PID:8992 TIME:18:07:36 CPU:0% MEM:83.2MB
2026-08-14 18:11:43   SAMPLE PID:8992 TIME:18:07:42 CPU:0% MEM:83.2MB
2026-08-14 18:11:43   SAMPLE PID:8992 TIME:18:07:47 CPU:0% MEM:83.2MB
2026-08-14 18:11:43   SAMPLE PID:8992 TIME:18:07:52 CPU:0% MEM:83.2MB
2026-08-14 18:11:43   SAMPLE PID:8992 TIME:18:07:58 CPU:0% MEM:83.2MB
2026-08-14 18:11:43   SAMPLE PID:8992 TIME:18:08:03 CPU:0% MEM:83.2MB
2026-08-14 18:11:43   SAMPLE PID:8992 TIME:18:08:08 CPU:0% MEM:83.2MB
2026-08-14 18:11:43   SAMPLE PID:8992 TIME:18:08:14 CPU:0% MEM:83.2MB
2026-08-14 18:11:43   SAMPLE PID:8992 TIME:18:08:19 CPU:0% MEM:83.2MB
2026-08-14 18:11:43   SAMPLE PID:8992 TIME:18:08:25 CPU:0% MEM:83.2MB
2026-08-14 18:11:43   SAMPLE PID:8992 TIME:18:08:31 CPU:0% MEM:83.2MB
2026-08-14 18:11:43   SAMPLE PID:8992 TIME:18:08:36 CPU:0% MEM:83.2MB
2026-08-14 18:11:43   SAMPLE PID:8992 TIME:18:08:42 CPU:0% MEM:83.2MB
2026-08-14 18:11:43   SAMPLE PID:8992 TIME:18:08:47 CPU:0% MEM:83.2MB
2026-08-14 18:11:43   SAMPLE PID:8992 TIME:18:08:52 CPU:0% MEM:83.2MB
2026-08-14 18:11:43   SAMPLE PID:8992 TIME:18:08:58 CPU:0% MEM:83.2MB
2026-08-14 18:11:43   SAMPLE PID:8992 TIME:18:09:03 CPU:0% MEM:83.2MB
2026-08-14 18:11:43   SAMPLE PID:8992 TIME:18:09:08 CPU:0% MEM:83.2MB
2026-08-14 18:11:43   SAMPLE PID:8992 TIME:18:09:14 CPU:0% MEM:83.2MB
2026-08-14 18:11:43   SAMPLE PID:8992 TIME:18:09:19 CPU:0% MEM:83.2MB
2026-08-14 18:11:43   SAMPLE PID:8992 TIME:18:09:24 CPU:0% MEM:83.2MB
2026-08-14 18:11:43   SAMPLE PID:8992 TIME:18:09:30 CPU:0% MEM:83.2MB
2026-08-14 18:11:43   SAMPLE PID:8992 TIME:18:09:35 CPU:0% MEM:83.2MB
2026-08-14 18:11:43   SAMPLE PID:8992 TIME:18:09:40 CPU:0% MEM:83.2MB
2026-08-14 18:11:43   SAMPLE PID:8992 TIME:18:09:46 CPU:0% MEM:83.2MB
2026-08-14 18:11:43   SAMPLE PID:8992 TIME:18:09:51 CPU:0% MEM:83.2MB
2026-08-14 18:11:43   SAMPLE PID:8992 TIME:18:09:56 CPU:0% MEM:83.2MB
2026-08-14 18:11:43   SAMPLE PID:8992 TIME:18:10:02 CPU:0% MEM:83.2MB
2026-08-14 18:11:43   SAMPLE PID:8992 TIME:18:10:07 CPU:0% MEM:83.2MB
2026-08-14 18:11:43   SAMPLE PID:8992 TIME:18:10:12 CPU:0% MEM:83.2MB
2026-08-14 18:11:43   SAMPLE PID:8992 TIME:18:10:18 CPU:0% MEM:83.2MB
2026-08-14 18:11:43   SAMPLE PID:8992 TIME:18:10:23 CPU:0% MEM:83.2MB
2026-08-14 18:11:43   SAMPLE PID:8992 TIME:18:10:28 CPU:0% MEM:83.2MB
2026-08-14 18:11:43   SAMPLE PID:8992 TIME:18:10:34 CPU:0% MEM:83.2MB
2026-08-14 18:11:43   SAMPLE PID:8992 TIME:18:10:39 CPU:0% MEM:83.2MB
2026-08-14 18:11:43   SAMPLE PID:8992 TIME:18:10:44 CPU:0% MEM:83.2MB
2026-08-14 18:11:43   SAMPLE PID:8992 TIME:18:10:50 CPU:0% MEM:83.2MB
2026-08-14 18:11:43   SAMPLE PID:8992 TIME:18:10:55 CPU:0% MEM:83.2MB
2026-08-14 18:11:43   SAMPLE PID:8992 TIME:18:11:00 CPU:0% MEM:83.2MB
2026-08-14 18:11:43   SAMPLE PID:8992 TIME:18:11:06 CPU:0% MEM:83.2MB
2026-08-14 18:11:43   SAMPLE PID:8992 TIME:18:11:11 CPU:0% MEM:83.2MB
2026-08-14 18:11:43   SAMPLE PID:8992 TIME:18:11:16 CPU:0% MEM:83.2MB
2026-08-14 18:11:43   SAMPLE PID:8992 TIME:18:11:22 CPU:0% MEM:83.2MB
2026-08-14 18:11:43   SAMPLE PID:8992 TIME:18:11:27 CPU:0% MEM:83.2MB
2026-08-14 18:11:43   SAMPLE PID:8992 TIME:18:11:32 CPU:12.5% MEM:2441.7MB
2026-08-14 18:11:43   SAMPLE PID:8992 TIME:18:11:38 CPU:12.4% MEM:2441.7MB
2026-08-14 18:11:43   SAMPLE PID:8992 TIME:18:11:43 CPU:12.4% MEM:1845.7MB
2026-08-14 18:11:43 KILLED PID:8992
2026-08-14 18:13:31 HEARTBEAT PROCS:77 TOP_MEM:PID:1452/138MB TOP_CPU:PID:10700/0% SYS_CPU:32%-WD:0% SYS_MEM:6.1/32GB(19.1%)-WD:4.6GB(14.4%) TRACKING:0 SPIKES:1 KILLS:1
2026-08-14 18:13:31   DIST CPU_IDLE(<1%):77 CPU_NORMAL(1-25%):0 CPU_HOT(>=25%):0
2026-08-14 18:13:31   NON_WD_SPIKE SYS_CPU:32% WD_CPU:0% GAP:32%
2026-08-14 18:13:31   NON_WD PID:14396 NAME:chrome#11 CPU:9% MEM:51.2MB CMD:"C:\Program Files\Google\Chrome\Application\chrome.exe" --type=renderer --top-chrome-webui --noerrdialogs --user-data-di...
2026-08-14 18:13:31   NON_WD PID:10676 NAME:chrome#2 CPU:2.2% MEM:9.4MB CMD:"C:\Program Files\Google\Chrome\Application\chrome.exe" --type=gpu-process --headless --noerrdialogs --user-data-dir="C:...
2026-08-14 18:13:31   NON_WD PID:17660 NAME:chrome#9 CPU:2.2% MEM:12.2MB CMD:"C:\Program Files\Google\Chrome\Application\chrome.exe" --type=renderer --noerrdialogs --user-data-dir="C:\Windows\TEMP\...
2026-08-14 18:13:31   NON_WD PID:13504 NAME:chrome CPU:1.5% MEM:36.6MB CMD:"C:\Program Files\Google\Chrome\Application\chrome" --headless --disable-gpu --no-pdf-header-footer --print-to-pdf="C:\Temp\...
2026-08-14 18:13:31   NON_WD PID:3436 NAME:wd280admin CPU:0.8% MEM:6.1MB CMD:"C:\WEBDEV 28\WD280Admin.exe" /SERVICE
2026-08-14 18:13:31   NON_WD PID:4 NAME:System CPU:0.8% MEM:0MB CMD:
2026-08-14 18:13:31   NON_WD PID:2848 NAME:svchost#28 CPU:0% MEM:1.3MB CMD:C:\Windows\system32\svchost.exe -k netsvcs -p -s UserManager
2026-08-14 18:13:31   NON_WD PID:2892 NAME:svchost#29 CPU:0% MEM:0.6MB CMD:C:\Windows\system32\svchost.exe -k netsvcs -s CertPropSvc
2026-08-14 18:13:31   NON_WD PID:2960 NAME:svchost#30 CPU:0% MEM:1MB CMD:C:\Windows\System32\svchost.exe -k netsvcs -p -s SessionEnv
2026-08-14 18:13:31   NON_WD PID:2608 NAME:svchost#27 CPU:0% MEM:0.7MB CMD:C:\Windows\System32\svchost.exe -k LocalSystemNetworkRestricted -p -s UmRdpService
2026-08-14 18:18:31 HEARTBEAT PROCS:72 TOP_MEM:PID:1452/139.1MB TOP_CPU:PID:11896/0% SYS_CPU:1%-WD:0% SYS_MEM:5.7/32GB(17.8%)-WD:4.4GB(13.8%) TRACKING:0 SPIKES:3 KILLS:0
2026-08-14 18:18:31   DIST CPU_IDLE(<1%):72 CPU_NORMAL(1-25%):0 CPU_HOT(>=25%):0
2026-08-14 18:23:37 HEARTBEAT PROCS:56 TOP_MEM:PID:1452/139.1MB TOP_CPU:PID:14180/0% SYS_CPU:0%-WD:0% SYS_MEM:5.4/32GB(16.9%)-WD:3.9GB(12.2%) TRACKING:0 SPIKES:0 KILLS:0
2026-08-14 18:23:37   DIST CPU_IDLE(<1%):56 CPU_NORMAL(1-25%):0 CPU_HOT(>=25%):0
2026-08-14 18:28:41 HEARTBEAT PROCS:80 TOP_MEM:PID:1452/139.1MB TOP_CPU:PID:10664/0% SYS_CPU:1%-WD:0% SYS_MEM:5.9/32GB(18.4%)-WD:4.7GB(14.7%) TRACKING:0 SPIKES:2 KILLS:0
2026-08-14 18:28:41   DIST CPU_IDLE(<1%):80 CPU_NORMAL(1-25%):0 CPU_HOT(>=25%):0
2026-08-14 18:33:47 HEARTBEAT PROCS:59 TOP_MEM:PID:1452/139.1MB TOP_CPU:PID:10920/0.6% SYS_CPU:4%-WD:0.6% SYS_MEM:5.5/32GB(17.2%)-WD:4GB(12.5%) TRACKING:0 SPIKES:0 KILLS:0
2026-08-14 18:33:47   DIST CPU_IDLE(<1%):59 CPU_NORMAL(1-25%):0 CPU_HOT(>=25%):0
2026-08-14 18:38:51 HEARTBEAT PROCS:62 TOP_MEM:PID:1452/139.1MB TOP_CPU:PID:13428/0.6% SYS_CPU:4%-WD:0.6% SYS_MEM:5.4/32GB(16.9%)-WD:3.9GB(12.2%) TRACKING:0 SPIKES:0 KILLS:0
2026-08-14 18:38:51   DIST CPU_IDLE(<1%):62 CPU_NORMAL(1-25%):0 CPU_HOT(>=25%):0
2026-08-14 18:43:57 HEARTBEAT PROCS:57 TOP_MEM:PID:1452/139.1MB TOP_CPU:PID:10068/2.9% SYS_CPU:1%-WD:2.9% SYS_MEM:5.2/32GB(16.2%)-WD:3.6GB(11.2%) TRACKING:0 SPIKES:0 KILLS:0
2026-08-14 18:43:57   DIST CPU_IDLE(<1%):56 CPU_NORMAL(1-25%):1 CPU_HOT(>=25%):0
2026-08-14 18:49:01 HEARTBEAT PROCS:64 TOP_MEM:PID:1452/137.7MB TOP_CPU:PID:16276/5.1% SYS_CPU:1%-WD:8.7% SYS_MEM:5.3/32GB(16.6%)-WD:3.8GB(11.9%) TRACKING:0 SPIKES:0 KILLS:0
2026-08-14 18:49:01   DIST CPU_IDLE(<1%):62 CPU_NORMAL(1-25%):2 CPU_HOT(>=25%):0
2026-08-14 18:54:06 HEARTBEAT PROCS:43 TOP_MEM:PID:1452/137.7MB TOP_CPU:PID:5544/0% SYS_CPU:1%-WD:0% SYS_MEM:4.8/32GB(15%)-WD:3GB(9.4%) TRACKING:0 SPIKES:3 KILLS:0
2026-08-14 18:54:06   DIST CPU_IDLE(<1%):43 CPU_NORMAL(1-25%):0 CPU_HOT(>=25%):0
2026-08-14 18:59:11 HEARTBEAT PROCS:54 TOP_MEM:PID:1452/137.7MB TOP_CPU:PID:1452/0% SYS_CPU:2%-WD:0% SYS_MEM:5/32GB(15.6%)-WD:3.3GB(10.3%) TRACKING:0 SPIKES:1 KILLS:0
2026-08-14 18:59:11   DIST CPU_IDLE(<1%):54 CPU_NORMAL(1-25%):0 CPU_HOT(>=25%):0
2026-08-14 19:04:16 HEARTBEAT PROCS:40 TOP_MEM:PID:1452/137.7MB TOP_CPU:PID:1452/0% SYS_CPU:1%-WD:0% SYS_MEM:4.4/32GB(13.8%)-WD:2.5GB(7.8%) TRACKING:0 SPIKES:1 KILLS:0
2026-08-14 19:04:16   DIST CPU_IDLE(<1%):40 CPU_NORMAL(1-25%):0 CPU_HOT(>=25%):0
2026-08-14 19:09:20 HEARTBEAT PROCS:48 TOP_MEM:PID:1452/137.7MB TOP_CPU:PID:10376/0% SYS_CPU:39%-WD:0% SYS_MEM:4.9/32GB(15.3%)-WD:2.7GB(8.4%) TRACKING:0 SPIKES:0 KILLS:0
2026-08-14 19:09:20   DIST CPU_IDLE(<1%):48 CPU_NORMAL(1-25%):0 CPU_HOT(>=25%):0
2026-08-14 19:09:20   NON_WD_SPIKE SYS_CPU:39% WD_CPU:0% GAP:39%
2026-08-14 19:09:21   NON_WD PID:11700 NAME:chrome#10 CPU:15.8% MEM:55MB CMD:
2026-08-14 19:09:21   NON_WD PID:3992 NAME:chrome CPU:0.8% MEM:37.2MB CMD:"C:\Program Files\Google\Chrome\Application\chrome" --headless --disable-gpu --no-pdf-header-footer --print-to-pdf="C:\Temp\...
2026-08-14 19:09:21   NON_WD PID:2608 NAME:svchost#27 CPU:0% MEM:0.7MB CMD:C:\Windows\System32\svchost.exe -k LocalSystemNetworkRestricted -p -s UmRdpService
2026-08-14 19:09:21   NON_WD PID:2848 NAME:svchost#28 CPU:0% MEM:1.4MB CMD:C:\Windows\system32\svchost.exe -k netsvcs -p -s UserManager
2026-08-14 19:09:21   NON_WD PID:2892 NAME:svchost#29 CPU:0% MEM:0.6MB CMD:C:\Windows\system32\svchost.exe -k netsvcs -s CertPropSvc
2026-08-14 19:09:21   NON_WD PID:2356 NAME:svchost#24 CPU:0% MEM:0.5MB CMD:C:\Windows\system32\svchost.exe -k LocalService -p -s DispBrokerDesktopSvc
2026-08-14 19:09:21   NON_WD PID:2280 NAME:svchost#23 CPU:0% MEM:4.4MB CMD:C:\Windows\system32\svchost.exe -k LocalServiceNoNetworkFirewall -p
2026-08-14 19:09:21   NON_WD PID:2576 NAME:svchost#26 CPU:0% MEM:1MB CMD:C:\Windows\System32\svchost.exe -k NetworkService -p -s LanmanWorkstation
2026-08-14 19:09:21   NON_WD PID:2548 NAME:svchost#25 CPU:0% MEM:1.1MB CMD:C:\Windows\system32\svchost.exe -k LocalServiceNetworkRestricted -p -s WinHttpAutoProxySvc
2026-08-14 19:09:21   NON_WD PID:2960 NAME:svchost#30 CPU:0% MEM:1MB CMD:C:\Windows\System32\svchost.exe -k netsvcs -p -s SessionEnv
2026-08-14 19:14:21 HEARTBEAT PROCS:39 TOP_MEM:PID:5544/130.8MB TOP_CPU:PID:4648/0% SYS_CPU:1%-WD:0% SYS_MEM:4.3/32GB(13.4%)-WD:2.4GB(7.5%) TRACKING:0 SPIKES:0 KILLS:0
2026-08-14 19:14:21   DIST CPU_IDLE(<1%):39 CPU_NORMAL(1-25%):0 CPU_HOT(>=25%):0
2026-08-14 19:19:25 HEARTBEAT PROCS:52 TOP_MEM:PID:5544/130.8MB TOP_CPU:PID:16136/0% SYS_CPU:1%-WD:0% SYS_MEM:4.5/32GB(14.1%)-WD:2.8GB(8.8%) TRACKING:0 SPIKES:1 KILLS:0
2026-08-14 19:19:25   DIST CPU_IDLE(<1%):52 CPU_NORMAL(1-25%):0 CPU_HOT(>=25%):0
2026-08-14 19:24:30 HEARTBEAT PROCS:32 TOP_MEM:PID:5544/130.8MB TOP_CPU:PID:7860/0% SYS_CPU:1%-WD:0% SYS_MEM:4.1/32GB(12.8%)-WD:2.1GB(6.6%) TRACKING:0 SPIKES:0 KILLS:0
2026-08-14 19:24:30   DIST CPU_IDLE(<1%):32 CPU_NORMAL(1-25%):0 CPU_HOT(>=25%):0
2026-08-14 19:29:34 HEARTBEAT PROCS:44 TOP_MEM:PID:5544/130.8MB TOP_CPU:PID:14716/0% SYS_CPU:1%-WD:0% SYS_MEM:4.2/32GB(13.1%)-WD:2.3GB(7.2%) TRACKING:0 SPIKES:0 KILLS:0
2026-08-14 19:29:34   DIST CPU_IDLE(<1%):44 CPU_NORMAL(1-25%):0 CPU_HOT(>=25%):0
2026-08-14 19:34:38 HEARTBEAT PROCS:32 TOP_MEM:PID:5544/130.8MB TOP_CPU:PID:15964/0% SYS_CPU:1%-WD:0% SYS_MEM:4.1/32GB(12.8%)-WD:2GB(6.2%) TRACKING:0 SPIKES:0 KILLS:0
2026-08-14 19:34:38   DIST CPU_IDLE(<1%):32 CPU_NORMAL(1-25%):0 CPU_HOT(>=25%):0
2026-08-14 19:39:42 HEARTBEAT PROCS:37 TOP_MEM:PID:5544/130.8MB TOP_CPU:PID:14628/0% SYS_CPU:2%-WD:0% SYS_MEM:4.1/32GB(12.8%)-WD:2.1GB(6.6%) TRACKING:0 SPIKES:0 KILLS:0
2026-08-14 19:39:42   DIST CPU_IDLE(<1%):37 CPU_NORMAL(1-25%):0 CPU_HOT(>=25%):0
2026-08-14 19:44:47 HEARTBEAT PROCS:37 TOP_MEM:PID:5544/130.8MB TOP_CPU:PID:17472/0% SYS_CPU:1%-WD:0% SYS_MEM:4/32GB(12.5%)-WD:2GB(6.2%) TRACKING:0 SPIKES:1 KILLS:0
2026-08-14 19:44:47   DIST CPU_IDLE(<1%):37 CPU_NORMAL(1-25%):0 CPU_HOT(>=25%):0
2026-08-14 19:49:51 HEARTBEAT PROCS:55 TOP_MEM:PID:5544/130.8MB TOP_CPU:PID:2644/0% SYS_CPU:0%-WD:0% SYS_MEM:4.4/32GB(13.8%)-WD:2.7GB(8.4%) TRACKING:0 SPIKES:0 KILLS:0
2026-08-14 19:49:51   DIST CPU_IDLE(<1%):55 CPU_NORMAL(1-25%):0 CPU_HOT(>=25%):0
2026-08-14 19:54:56 HEARTBEAT PROCS:36 TOP_MEM:PID:5544/130.8MB TOP_CPU:PID:17916/0% SYS_CPU:1%-WD:0% SYS_MEM:4/32GB(12.5%)-WD:2GB(6.2%) TRACKING:0 SPIKES:1 KILLS:0
2026-08-14 19:54:56   DIST CPU_IDLE(<1%):36 CPU_NORMAL(1-25%):0 CPU_HOT(>=25%):0
2026-08-14 20:00:00 HEARTBEAT PROCS:36 TOP_MEM:PID:5544/130.8MB TOP_CPU:PID:13816/0% SYS_CPU:1%-WD:0% SYS_MEM:4.1/32GB(12.8%)-WD:2.1GB(6.6%) TRACKING:0 SPIKES:0 KILLS:0
2026-08-14 20:00:00   DIST CPU_IDLE(<1%):36 CPU_NORMAL(1-25%):0 CPU_HOT(>=25%):0
2026-08-14 20:05:04 HEARTBEAT PROCS:31 TOP_MEM:PID:5544/130.8MB TOP_CPU:PID:17916/0% SYS_CPU:1%-WD:0% SYS_MEM:4/32GB(12.5%)-WD:1.9GB(5.9%) TRACKING:0 SPIKES:0 KILLS:0
2026-08-14 20:05:04   DIST CPU_IDLE(<1%):31 CPU_NORMAL(1-25%):0 CPU_HOT(>=25%):0
2026-08-14 20:10:08 HEARTBEAT PROCS:36 TOP_MEM:PID:5544/130.8MB TOP_CPU:PID:5544/0% SYS_CPU:1%-WD:0% SYS_MEM:4/32GB(12.5%)-WD:2GB(6.2%) TRACKING:0 SPIKES:0 KILLS:0
2026-08-14 20:10:08   DIST CPU_IDLE(<1%):36 CPU_NORMAL(1-25%):0 CPU_HOT(>=25%):0
2026-08-14 20:15:12 HEARTBEAT PROCS:22 TOP_MEM:PID:5544/130.8MB TOP_CPU:PID:3268/0% SYS_CPU:1%-WD:0% SYS_MEM:3.8/32GB(11.9%)-WD:1.5GB(4.7%) TRACKING:0 SPIKES:0 KILLS:0
2026-08-14 20:15:12   DIST CPU_IDLE(<1%):22 CPU_NORMAL(1-25%):0 CPU_HOT(>=25%):0
2026-08-14 20:20:16 HEARTBEAT PROCS:16 TOP_MEM:PID:5544/130.8MB TOP_CPU:PID:12448/3.6% SYS_CPU:1%-WD:12.9% SYS_MEM:3.6/32GB(11.2%)-WD:1.1GB(3.4%) TRACKING:0 SPIKES:0 KILLS:0
2026-08-14 20:20:16   DIST CPU_IDLE(<1%):12 CPU_NORMAL(1-25%):4 CPU_HOT(>=25%):0
2026-08-14 20:25:20 HEARTBEAT PROCS:25 TOP_MEM:PID:5544/130.8MB TOP_CPU:PID:9932/0.6% SYS_CPU:2%-WD:0.6% SYS_MEM:3.4/32GB(10.6%)-WD:1.3GB(4.1%) TRACKING:0 SPIKES:0 KILLS:0
2026-08-14 20:25:20   DIST CPU_IDLE(<1%):25 CPU_NORMAL(1-25%):0 CPU_HOT(>=25%):0
2026-08-14 20:30:23 HEARTBEAT PROCS:15 TOP_MEM:PID:9628/120.3MB TOP_CPU:PID:14180/0% SYS_CPU:1%-WD:0% SYS_MEM:3.3/32GB(10.3%)-WD:0.8GB(2.5%) TRACKING:0 SPIKES:0 KILLS:0
2026-08-14 20:30:23   DIST CPU_IDLE(<1%):15 CPU_NORMAL(1-25%):0 CPU_HOT(>=25%):0
2026-08-14 20:35:28 HEARTBEAT PROCS:19 TOP_MEM:PID:9628/120.3MB TOP_CPU:PID:6452/0% SYS_CPU:1%-WD:0% SYS_MEM:3.4/32GB(10.6%)-WD:1GB(3.1%) TRACKING:0 SPIKES:0 KILLS:0
2026-08-14 20:35:28   DIST CPU_IDLE(<1%):19 CPU_NORMAL(1-25%):0 CPU_HOT(>=25%):0
2026-08-14 20:40:31 HEARTBEAT PROCS:12 TOP_MEM:PID:9628/120.3MB TOP_CPU:PID:8388/2.9% SYS_CPU:2%-WD:2.9% SYS_MEM:3.4/32GB(10.6%)-WD:0.8GB(2.5%) TRACKING:0 SPIKES:0 KILLS:0
2026-08-14 20:40:31   DIST CPU_IDLE(<1%):11 CPU_NORMAL(1-25%):1 CPU_HOT(>=25%):0
2026-08-14 20:45:35 HEARTBEAT PROCS:20 TOP_MEM:PID:9628/120.3MB TOP_CPU:PID:10636/0% SYS_CPU:1%-WD:0% SYS_MEM:3.5/32GB(10.9%)-WD:1.1GB(3.4%) TRACKING:0 SPIKES:0 KILLS:0
2026-08-14 20:45:35   DIST CPU_IDLE(<1%):20 CPU_NORMAL(1-25%):0 CPU_HOT(>=25%):0
2026-08-14 20:50:40 HEARTBEAT PROCS:31 TOP_MEM:PID:9628/120.3MB TOP_CPU:PID:3592/0% SYS_CPU:1%-WD:0% SYS_MEM:3.8/32GB(11.9%)-WD:1.5GB(4.7%) TRACKING:0 SPIKES:0 KILLS:0
2026-08-14 20:50:40   DIST CPU_IDLE(<1%):31 CPU_NORMAL(1-25%):0 CPU_HOT(>=25%):0
2026-08-14 20:55:44 HEARTBEAT PROCS:34 TOP_MEM:PID:9628/120.3MB TOP_CPU:PID:652/0% SYS_CPU:2%-WD:0% SYS_MEM:3.7/32GB(11.6%)-WD:1.6GB(5%) TRACKING:0 SPIKES:1 KILLS:0
2026-08-14 20:55:44   DIST CPU_IDLE(<1%):34 CPU_NORMAL(1-25%):0 CPU_HOT(>=25%):0
2026-08-14 21:00:47 HEARTBEAT PROCS:29 TOP_MEM:PID:9628/120.3MB TOP_CPU:PID:7888/5.1% SYS_CPU:1%-WD:14.6% SYS_MEM:3.7/32GB(11.6%)-WD:1.5GB(4.7%) TRACKING:0 SPIKES:0 KILLS:0
2026-08-14 21:00:47   DIST CPU_IDLE(<1%):26 CPU_NORMAL(1-25%):3 CPU_HOT(>=25%):0
2026-08-14 21:05:52 HEARTBEAT PROCS:35 TOP_MEM:PID:9628/120.3MB TOP_CPU:PID:6344/0% SYS_CPU:1%-WD:0% SYS_MEM:3.8/32GB(11.9%)-WD:1.7GB(5.3%) TRACKING:0 SPIKES:0 KILLS:0
2026-08-14 21:05:52   DIST CPU_IDLE(<1%):35 CPU_NORMAL(1-25%):0 CPU_HOT(>=25%):0
2026-08-14 21:10:56 HEARTBEAT PROCS:16 TOP_MEM:PID:9628/120.3MB TOP_CPU:PID:13324/0% SYS_CPU:1%-WD:0% SYS_MEM:3.4/32GB(10.6%)-WD:1GB(3.1%) TRACKING:0 SPIKES:0 KILLS:0
2026-08-14 21:10:56   DIST CPU_IDLE(<1%):16 CPU_NORMAL(1-25%):0 CPU_HOT(>=25%):0
2026-08-14 21:16:00 HEARTBEAT PROCS:37 TOP_MEM:PID:9628/120.3MB TOP_CPU:PID:13816/0% SYS_CPU:1%-WD:0% SYS_MEM:3.8/32GB(11.9%)-WD:1.8GB(5.6%) TRACKING:0 SPIKES:0 KILLS:0
2026-08-14 21:16:00   DIST CPU_IDLE(<1%):37 CPU_NORMAL(1-25%):0 CPU_HOT(>=25%):0
2026-08-14 21:21:04 HEARTBEAT PROCS:27 TOP_MEM:PID:9628/120.3MB TOP_CPU:PID:8532/0% SYS_CPU:1%-WD:0% SYS_MEM:3.6/32GB(11.2%)-WD:1.4GB(4.4%) TRACKING:0 SPIKES:0 KILLS:0
2026-08-14 21:21:04   DIST CPU_IDLE(<1%):27 CPU_NORMAL(1-25%):0 CPU_HOT(>=25%):0
2026-08-14 21:26:08 HEARTBEAT PROCS:21 TOP_MEM:PID:9628/120.3MB TOP_CPU:PID:6300/0% SYS_CPU:1%-WD:0% SYS_MEM:3.5/32GB(10.9%)-WD:1.3GB(4.1%) TRACKING:0 SPIKES:0 KILLS:0
2026-08-14 21:26:08   DIST CPU_IDLE(<1%):21 CPU_NORMAL(1-25%):0 CPU_HOT(>=25%):0
2026-08-14 21:31:12 HEARTBEAT PROCS:17 TOP_MEM:PID:9628/120.3MB TOP_CPU:PID:13588/0% SYS_CPU:1%-WD:0% SYS_MEM:3.4/32GB(10.6%)-WD:1GB(3.1%) TRACKING:0 SPIKES:0 KILLS:0
2026-08-14 21:31:12   DIST CPU_IDLE(<1%):17 CPU_NORMAL(1-25%):0 CPU_HOT(>=25%):0
2026-08-14 21:36:16 HEARTBEAT PROCS:16 TOP_MEM:PID:9628/120.3MB TOP_CPU:PID:15296/0% SYS_CPU:0%-WD:0% SYS_MEM:3.3/32GB(10.3%)-WD:0.9GB(2.8%) TRACKING:0 SPIKES:0 KILLS:0
2026-08-14 21:36:16   DIST CPU_IDLE(<1%):16 CPU_NORMAL(1-25%):0 CPU_HOT(>=25%):0
2026-08-14 21:41:20 HEARTBEAT PROCS:23 TOP_MEM:PID:15296/103.1MB TOP_CPU:PID:16396/1.4% SYS_CPU:2%-WD:1.4% SYS_MEM:3.4/32GB(10.6%)-WD:1.2GB(3.8%) TRACKING:0 SPIKES:0 KILLS:0
2026-08-14 21:41:20   DIST CPU_IDLE(<1%):22 CPU_NORMAL(1-25%):1 CPU_HOT(>=25%):0
2026-08-14 21:46:24 HEARTBEAT PROCS:15 TOP_MEM:PID:15296/103.1MB TOP_CPU:PID:15296/0% SYS_CPU:1%-WD:0% SYS_MEM:3.2/32GB(10%)-WD:0.7GB(2.2%) TRACKING:0 SPIKES:0 KILLS:0
2026-08-14 21:46:24   DIST CPU_IDLE(<1%):15 CPU_NORMAL(1-25%):0 CPU_HOT(>=25%):0
2026-08-14 21:51:27 HEARTBEAT PROCS:21 TOP_MEM:PID:15296/99.1MB TOP_CPU:PID:1476/3.4% SYS_CPU:1%-WD:3.4% SYS_MEM:3.3/32GB(10.3%)-WD:1GB(3.1%) TRACKING:0 SPIKES:0 KILLS:0
2026-08-14 21:51:27   DIST CPU_IDLE(<1%):20 CPU_NORMAL(1-25%):1 CPU_HOT(>=25%):0
2026-08-14 21:56:32 HEARTBEAT PROCS:11 TOP_MEM:PID:15296/99.4MB TOP_CPU:PID:17072/0% SYS_CPU:1%-WD:0% SYS_MEM:3.1/32GB(9.7%)-WD:0.7GB(2.2%) TRACKING:0 SPIKES:0 KILLS:0
2026-08-14 21:56:32   DIST CPU_IDLE(<1%):11 CPU_NORMAL(1-25%):0 CPU_HOT(>=25%):0
2026-08-14 22:01:35 HEARTBEAT PROCS:20 TOP_MEM:PID:16396/104.4MB TOP_CPU:PID:16448/0% SYS_CPU:1%-WD:0% SYS_MEM:3.3/32GB(10.3%)-WD:1GB(3.1%) TRACKING:0 SPIKES:0 KILLS:0
2026-08-14 22:01:35   DIST CPU_IDLE(<1%):20 CPU_NORMAL(1-25%):0 CPU_HOT(>=25%):0
2026-08-14 22:06:39 HEARTBEAT PROCS:12 TOP_MEM:PID:16396/101.9MB TOP_CPU:PID:15932/0% SYS_CPU:0%-WD:0% SYS_MEM:3.2/32GB(10%)-WD:0.7GB(2.2%) TRACKING:0 SPIKES:2 KILLS:0
2026-08-14 22:06:39   DIST CPU_IDLE(<1%):12 CPU_NORMAL(1-25%):0 CPU_HOT(>=25%):0
2026-08-14 22:11:44 HEARTBEAT PROCS:20 TOP_MEM:PID:16396/102.7MB TOP_CPU:PID:14544/0% SYS_CPU:0%-WD:0% SYS_MEM:3.3/32GB(10.3%)-WD:1GB(3.1%) TRACKING:0 SPIKES:0 KILLS:0
2026-08-14 22:11:44   DIST CPU_IDLE(<1%):20 CPU_NORMAL(1-25%):0 CPU_HOT(>=25%):0
2026-08-14 22:16:48 HEARTBEAT PROCS:35 TOP_MEM:PID:15296/101.1MB TOP_CPU:PID:12112/0% SYS_CPU:0%-WD:0% SYS_MEM:3.6/32GB(11.2%)-WD:1.5GB(4.7%) TRACKING:0 SPIKES:0 KILLS:0
2026-08-14 22:16:48   DIST CPU_IDLE(<1%):35 CPU_NORMAL(1-25%):0 CPU_HOT(>=25%):0
2026-08-14 22:21:51 HEARTBEAT PROCS:20 TOP_MEM:PID:15296/109.2MB TOP_CPU:PID:12296/0% SYS_CPU:1%-WD:0% SYS_MEM:3.3/32GB(10.3%)-WD:0.9GB(2.8%) TRACKING:0 SPIKES:0 KILLS:0
2026-08-14 22:21:51   DIST CPU_IDLE(<1%):20 CPU_NORMAL(1-25%):0 CPU_HOT(>=25%):0
2026-08-14 22:26:56 HEARTBEAT PROCS:35 TOP_MEM:PID:15296/109.2MB TOP_CPU:PID:9908/0% SYS_CPU:2%-WD:0% SYS_MEM:3.6/32GB(11.2%)-WD:1.5GB(4.7%) TRACKING:0 SPIKES:0 KILLS:0
2026-08-14 22:26:56   DIST CPU_IDLE(<1%):35 CPU_NORMAL(1-25%):0 CPU_HOT(>=25%):0
2026-08-14 22:32:00 HEARTBEAT PROCS:23 TOP_MEM:PID:3704/91.3MB TOP_CPU:PID:14592/0% SYS_CPU:1%-WD:0% SYS_MEM:3.4/32GB(10.6%)-WD:1.1GB(3.4%) TRACKING:0 SPIKES:1 KILLS:0
2026-08-14 22:32:00   DIST CPU_IDLE(<1%):23 CPU_NORMAL(1-25%):0 CPU_HOT(>=25%):0
2026-08-14 22:37:03 HEARTBEAT PROCS:16 TOP_MEM:PID:3704/98.3MB TOP_CPU:PID:10968/11.8% SYS_CPU:1%-WD:14.4% SYS_MEM:3.2/32GB(10%)-WD:0.8GB(2.5%) TRACKING:0 SPIKES:0 KILLS:0
2026-08-14 22:37:03   DIST CPU_IDLE(<1%):14 CPU_NORMAL(1-25%):2 CPU_HOT(>=25%):0
2026-08-14 22:42:08 HEARTBEAT PROCS:4 TOP_MEM:PID:13636/76.5MB TOP_CPU:PID:13636/0% SYS_CPU:1%-WD:0% SYS_MEM:2.9/32GB(9.1%)-WD:0.3GB(0.9%) TRACKING:0 SPIKES:0 KILLS:0
2026-08-14 22:42:08   DIST CPU_IDLE(<1%):4 CPU_NORMAL(1-25%):0 CPU_HOT(>=25%):0
2026-08-14 22:47:11 HEARTBEAT PROCS:21 TOP_MEM:PID:13636/82.1MB TOP_CPU:PID:17440/0% SYS_CPU:1%-WD:0% SYS_MEM:3.3/32GB(10.3%)-WD:1GB(3.1%) TRACKING:0 SPIKES:0 KILLS:0
2026-08-14 22:47:11   DIST CPU_IDLE(<1%):21 CPU_NORMAL(1-25%):0 CPU_HOT(>=25%):0
2026-08-14 22:52:15 HEARTBEAT PROCS:18 TOP_MEM:PID:13636/82.1MB TOP_CPU:PID:16000/0% SYS_CPU:1%-WD:0% SYS_MEM:3.2/32GB(10%)-WD:0.8GB(2.5%) TRACKING:0 SPIKES:0 KILLS:0
2026-08-14 22:52:15   DIST CPU_IDLE(<1%):18 CPU_NORMAL(1-25%):0 CPU_HOT(>=25%):0
2026-08-14 22:57:19 HEARTBEAT PROCS:24 TOP_MEM:PID:13636/82.1MB TOP_CPU:PID:7896/0% SYS_CPU:1%-WD:0% SYS_MEM:3.3/32GB(10.3%)-WD:1GB(3.1%) TRACKING:0 SPIKES:0 KILLS:0
2026-08-14 22:57:19   DIST CPU_IDLE(<1%):24 CPU_NORMAL(1-25%):0 CPU_HOT(>=25%):0
2026-08-14 23:02:23 HEARTBEAT PROCS:22 TOP_MEM:PID:13636/82.1MB TOP_CPU:PID:10408/0% SYS_CPU:1%-WD:0% SYS_MEM:3.3/32GB(10.3%)-WD:1GB(3.1%) TRACKING:0 SPIKES:0 KILLS:0
2026-08-14 23:02:23   DIST CPU_IDLE(<1%):22 CPU_NORMAL(1-25%):0 CPU_HOT(>=25%):0
2026-08-14 23:07:27 HEARTBEAT PROCS:14 TOP_MEM:PID:13636/82.1MB TOP_CPU:PID:14292/0% SYS_CPU:1%-WD:0% SYS_MEM:3.1/32GB(9.7%)-WD:0.6GB(1.9%) TRACKING:0 SPIKES:0 KILLS:0
2026-08-14 23:07:27   DIST CPU_IDLE(<1%):14 CPU_NORMAL(1-25%):0 CPU_HOT(>=25%):0
2026-08-14 23:12:30 HEARTBEAT PROCS:12 TOP_MEM:PID:17856/82.5MB TOP_CPU:PID:17856/0% SYS_CPU:1%-WD:0% SYS_MEM:3/32GB(9.4%)-WD:0.6GB(1.9%) TRACKING:0 SPIKES:0 KILLS:0
2026-08-14 23:12:30   DIST CPU_IDLE(<1%):12 CPU_NORMAL(1-25%):0 CPU_HOT(>=25%):0
2026-08-14 23:17:35 HEARTBEAT PROCS:8 TOP_MEM:PID:7376/49.7MB TOP_CPU:PID:10476/0% SYS_CPU:1%-WD:0% SYS_MEM:2.9/32GB(9.1%)-WD:0.3GB(0.9%) TRACKING:0 SPIKES:0 KILLS:0
2026-08-14 23:17:35   DIST CPU_IDLE(<1%):8 CPU_NORMAL(1-25%):0 CPU_HOT(>=25%):0
2026-08-14 23:22:38 HEARTBEAT PROCS:7 TOP_MEM:PID:17972/44.4MB TOP_CPU:PID:6296/0% SYS_CPU:1%-WD:0% SYS_MEM:2.9/32GB(9.1%)-WD:0.3GB(0.9%) TRACKING:0 SPIKES:0 KILLS:0
2026-08-14 23:22:38   DIST CPU_IDLE(<1%):7 CPU_NORMAL(1-25%):0 CPU_HOT(>=25%):0
2026-08-14 23:27:42 HEARTBEAT PROCS:8 TOP_MEM:PID:8384/50.5MB TOP_CPU:PID:17972/0% SYS_CPU:2%-WD:0% SYS_MEM:2.9/32GB(9.1%)-WD:0.4GB(1.2%) TRACKING:0 SPIKES:0 KILLS:0
2026-08-14 23:27:42   DIST CPU_IDLE(<1%):8 CPU_NORMAL(1-25%):0 CPU_HOT(>=25%):0
2026-08-14 23:32:46 HEARTBEAT PROCS:20 TOP_MEM:PID:17964/53.4MB TOP_CPU:PID:14408/0% SYS_CPU:1%-WD:0% SYS_MEM:3.1/32GB(9.7%)-WD:0.8GB(2.5%) TRACKING:0 SPIKES:0 KILLS:0
2026-08-14 23:32:46   DIST CPU_IDLE(<1%):20 CPU_NORMAL(1-25%):0 CPU_HOT(>=25%):0
2026-08-14 23:37:50 HEARTBEAT PROCS:13 TOP_MEM:PID:17964/53.7MB TOP_CPU:PID:13516/0% SYS_CPU:2%-WD:0% SYS_MEM:3/32GB(9.4%)-WD:0.5GB(1.6%) TRACKING:0 SPIKES:1 KILLS:0
2026-08-14 23:37:50   DIST CPU_IDLE(<1%):13 CPU_NORMAL(1-25%):0 CPU_HOT(>=25%):0
2026-08-14 23:42:53 HEARTBEAT PROCS:20 TOP_MEM:PID:10132/73.9MB TOP_CPU:PID:2420/0% SYS_CPU:1%-WD:0% SYS_MEM:3.2/32GB(10%)-WD:0.8GB(2.5%) TRACKING:0 SPIKES:0 KILLS:0
2026-08-14 23:42:53   DIST CPU_IDLE(<1%):20 CPU_NORMAL(1-25%):0 CPU_HOT(>=25%):0
2026-08-14 23:47:58 HEARTBEAT PROCS:10 TOP_MEM:PID:10132/74MB TOP_CPU:PID:2420/0% SYS_CPU:1%-WD:0% SYS_MEM:3/32GB(9.4%)-WD:0.5GB(1.6%) TRACKING:0 SPIKES:0 KILLS:0
2026-08-14 23:47:58   DIST CPU_IDLE(<1%):10 CPU_NORMAL(1-25%):0 CPU_HOT(>=25%):0
2026-08-14 23:53:01 HEARTBEAT PROCS:11 TOP_MEM:PID:10132/74MB TOP_CPU:PID:17952/0% SYS_CPU:1%-WD:0% SYS_MEM:3/32GB(9.4%)-WD:0.5GB(1.6%) TRACKING:0 SPIKES:0 KILLS:0
2026-08-14 23:53:01   DIST CPU_IDLE(<1%):11 CPU_NORMAL(1-25%):0 CPU_HOT(>=25%):0
2026-08-14 23:58:05 HEARTBEAT PROCS:8 TOP_MEM:PID:10132/73.3MB TOP_CPU:PID:10848/0% SYS_CPU:4%-WD:0% SYS_MEM:3/32GB(9.4%)-WD:0.4GB(1.2%) TRACKING:0 SPIKES:0 KILLS:0
2026-08-14 23:58:05   DIST CPU_IDLE(<1%):8 CPU_NORMAL(1-25%):0 CPU_HOT(>=25%):0
2026-08-15 00:00:01 DAILY-SUMMARY DATE:2026-08-14 SPIKES:1791 KILLS:9 UNIQUE_PIDS:513 PEAK_MEM:PID:11020/2452.5MB
2026-08-15 00:03:09 HEARTBEAT PROCS:7 TOP_MEM:PID:10132/110.1MB TOP_CPU:PID:12480/0% SYS_CPU:0%-WD:0% SYS_MEM:3/32GB(9.4%)-WD:0.4GB(1.2%) TRACKING:0 SPIKES:0 KILLS:0
2026-08-15 00:03:09   DIST CPU_IDLE(<1%):7 CPU_NORMAL(1-25%):0 CPU_HOT(>=25%):0
2026-08-15 00:08:13 HEARTBEAT PROCS:7 TOP_MEM:PID:10132/111.1MB TOP_CPU:PID:7672/0% SYS_CPU:1%-WD:0% SYS_MEM:3/32GB(9.4%)-WD:0.4GB(1.2%) TRACKING:0 SPIKES:0 KILLS:0
2026-08-15 00:08:13   DIST CPU_IDLE(<1%):7 CPU_NORMAL(1-25%):0 CPU_HOT(>=25%):0
2026-08-15 00:13:16 HEARTBEAT PROCS:4 TOP_MEM:PID:10132/111.5MB TOP_CPU:PID:11776/0% SYS_CPU:1%-WD:0% SYS_MEM:2.9/32GB(9.1%)-WD:0.3GB(0.9%) TRACKING:0 SPIKES:0 KILLS:0
2026-08-15 00:13:16   DIST CPU_IDLE(<1%):4 CPU_NORMAL(1-25%):0 CPU_HOT(>=25%):0
2026-08-15 00:18:20 HEARTBEAT PROCS:3 TOP_MEM:PID:2420/68.1MB TOP_CPU:PID:11776/0% SYS_CPU:1%-WD:0% SYS_MEM:2.9/32GB(9.1%)-WD:0.2GB(0.6%) TRACKING:0 SPIKES:0 KILLS:0
2026-08-15 00:18:20   DIST CPU_IDLE(<1%):3 CPU_NORMAL(1-25%):0 CPU_HOT(>=25%):0
2026-08-15 00:23:24 HEARTBEAT PROCS:3 TOP_MEM:PID:11492/86.1MB TOP_CPU:PID:11776/0% SYS_CPU:1%-WD:0% SYS_MEM:2.9/32GB(9.1%)-WD:0.2GB(0.6%) TRACKING:0 SPIKES:0 KILLS:0
2026-08-15 00:23:24   DIST CPU_IDLE(<1%):3 CPU_NORMAL(1-25%):0 CPU_HOT(>=25%):0
2026-08-15 00:28:28 HEARTBEAT PROCS:8 TOP_MEM:PID:11492/86.1MB TOP_CPU:PID:18168/0% SYS_CPU:1%-WD:0% SYS_MEM:3/32GB(9.4%)-WD:0.4GB(1.2%) TRACKING:0 SPIKES:0 KILLS:0
2026-08-15 00:28:28   DIST CPU_IDLE(<1%):8 CPU_NORMAL(1-25%):0 CPU_HOT(>=25%):0
2026-08-15 00:33:32 HEARTBEAT PROCS:3 TOP_MEM:PID:2420/68.1MB TOP_CPU:PID:11776/0% SYS_CPU:1%-WD:0% SYS_MEM:2.9/32GB(9.1%)-WD:0.2GB(0.6%) TRACKING:0 SPIKES:0 KILLS:0
2026-08-15 00:33:32   DIST CPU_IDLE(<1%):3 CPU_NORMAL(1-25%):0 CPU_HOT(>=25%):0
2026-08-15 00:38:36 HEARTBEAT PROCS:11 TOP_MEM:PID:2420/68.1MB TOP_CPU:PID:15916/0% SYS_CPU:2%-WD:0% SYS_MEM:3/32GB(9.4%)-WD:0.5GB(1.6%) TRACKING:0 SPIKES:0 KILLS:0
2026-08-15 00:38:36   DIST CPU_IDLE(<1%):11 CPU_NORMAL(1-25%):0 CPU_HOT(>=25%):0
2026-08-15 00:43:39 HEARTBEAT PROCS:8 TOP_MEM:PID:11776/82.3MB TOP_CPU:PID:17292/0% SYS_CPU:0%-WD:0% SYS_MEM:2.9/32GB(9.1%)-WD:0.4GB(1.2%) TRACKING:0 SPIKES:0 KILLS:0
2026-08-15 00:43:39   DIST CPU_IDLE(<1%):8 CPU_NORMAL(1-25%):0 CPU_HOT(>=25%):0
2026-08-15 00:48:43 HEARTBEAT PROCS:3 TOP_MEM:PID:11776/82.7MB TOP_CPU:PID:11776/0% SYS_CPU:2%-WD:0% SYS_MEM:2.9/32GB(9.1%)-WD:0.2GB(0.6%) TRACKING:0 SPIKES:0 KILLS:0
2026-08-15 00:48:43   DIST CPU_IDLE(<1%):3 CPU_NORMAL(1-25%):0 CPU_HOT(>=25%):0
2026-08-15 00:53:47 HEARTBEAT PROCS:2 TOP_MEM:PID:11776/88.8MB TOP_CPU:PID:11776/0% SYS_CPU:1%-WD:0% SYS_MEM:2.8/32GB(8.8%)-WD:0.1GB(0.3%) TRACKING:0 SPIKES:0 KILLS:0
2026-08-15 00:53:47   DIST CPU_IDLE(<1%):2 CPU_NORMAL(1-25%):0 CPU_HOT(>=25%):0
2026-08-15 00:58:51 HEARTBEAT PROCS:2 TOP_MEM:PID:11776/92.6MB TOP_CPU:PID:11776/0% SYS_CPU:0%-WD:0% SYS_MEM:2.8/32GB(8.8%)-WD:0.1GB(0.3%) TRACKING:0 SPIKES:0 KILLS:0
2026-08-15 00:58:51   DIST CPU_IDLE(<1%):2 CPU_NORMAL(1-25%):0 CPU_HOT(>=25%):0
2026-08-15 01:03:54 HEARTBEAT PROCS:6 TOP_MEM:PID:11776/101.5MB TOP_CPU:PID:804/0% SYS_CPU:1%-WD:0% SYS_MEM:2.9/32GB(9.1%)-WD:0.3GB(0.9%) TRACKING:0 SPIKES:0 KILLS:0
2026-08-15 01:03:54   DIST CPU_IDLE(<1%):6 CPU_NORMAL(1-25%):0 CPU_HOT(>=25%):0
2026-08-15 01:08:59 HEARTBEAT PROCS:2 TOP_MEM:PID:11776/101.5MB TOP_CPU:PID:11776/0% SYS_CPU:1%-WD:0% SYS_MEM:2.8/32GB(8.8%)-WD:0.1GB(0.3%) TRACKING:0 SPIKES:0 KILLS:0
2026-08-15 01:08:59   DIST CPU_IDLE(<1%):2 CPU_NORMAL(1-25%):0 CPU_HOT(>=25%):0
2026-08-15 01:14:02 HEARTBEAT PROCS:1 TOP_MEM:PID:11776/101.5MB TOP_CPU:PID:11776/0% SYS_CPU:0%-WD:0% SYS_MEM:2.8/32GB(8.8%)-WD:0.1GB(0.3%) TRACKING:0 SPIKES:0 KILLS:0
2026-08-15 01:14:02   DIST CPU_IDLE(<1%):1 CPU_NORMAL(1-25%):0 CPU_HOT(>=25%):0
2026-08-15 01:19:06 HEARTBEAT PROCS:1 TOP_MEM:PID:11776/99.7MB TOP_CPU:PID:11776/0% SYS_CPU:1%-WD:0% SYS_MEM:2.8/32GB(8.8%)-WD:0.1GB(0.3%) TRACKING:0 SPIKES:0 KILLS:0
2026-08-15 01:19:06   DIST CPU_IDLE(<1%):1 CPU_NORMAL(1-25%):0 CPU_HOT(>=25%):0
2026-08-15 01:24:10 HEARTBEAT PROCS:1 TOP_MEM:PID:11776/97.1MB TOP_CPU:PID:11776/0% SYS_CPU:0%-WD:0% SYS_MEM:2.8/32GB(8.8%)-WD:0.1GB(0.3%) TRACKING:0 SPIKES:0 KILLS:0
2026-08-15 01:24:10   DIST CPU_IDLE(<1%):1 CPU_NORMAL(1-25%):0 CPU_HOT(>=25%):0
2026-08-15 01:29:14 HEARTBEAT PROCS:9 TOP_MEM:PID:11776/100.8MB TOP_CPU:PID:2260/0% SYS_CPU:0%-WD:0% SYS_MEM:3/32GB(9.4%)-WD:0.4GB(1.2%) TRACKING:0 SPIKES:0 KILLS:0
2026-08-15 01:29:14   DIST CPU_IDLE(<1%):9 CPU_NORMAL(1-25%):0 CPU_HOT(>=25%):0
2026-08-15 01:34:17 HEARTBEAT PROCS:1 TOP_MEM:PID:11776/105.3MB TOP_CPU:PID:11776/0% SYS_CPU:1%-WD:0% SYS_MEM:2.8/32GB(8.8%)-WD:0.1GB(0.3%) TRACKING:0 SPIKES:0 KILLS:0
2026-08-15 01:34:17   DIST CPU_IDLE(<1%):1 CPU_NORMAL(1-25%):0 CPU_HOT(>=25%):0
2026-08-15 01:39:21 HEARTBEAT PROCS:3 TOP_MEM:PID:11776/102.7MB TOP_CPU:PID:6860/0% SYS_CPU:1%-WD:0% SYS_MEM:2.9/32GB(9.1%)-WD:0.2GB(0.6%) TRACKING:0 SPIKES:0 KILLS:0
2026-08-15 01:39:21   DIST CPU_IDLE(<1%):3 CPU_NORMAL(1-25%):0 CPU_HOT(>=25%):0
2026-08-15 01:44:25 HEARTBEAT PROCS:2 TOP_MEM:PID:11776/104.7MB TOP_CPU:PID:11776/0% SYS_CPU:2%-WD:0% SYS_MEM:2.8/32GB(8.8%)-WD:0.1GB(0.3%) TRACKING:0 SPIKES:0 KILLS:0
2026-08-15 01:44:25   DIST CPU_IDLE(<1%):2 CPU_NORMAL(1-25%):0 CPU_HOT(>=25%):0
2026-08-15 01:49:29 HEARTBEAT PROCS:21 TOP_MEM:PID:11776/104.4MB TOP_CPU:PID:12584/0% SYS_CPU:1%-WD:0% SYS_MEM:3.2/32GB(10%)-WD:0.8GB(2.5%) TRACKING:0 SPIKES:0 KILLS:0
2026-08-15 01:49:29   DIST CPU_IDLE(<1%):21 CPU_NORMAL(1-25%):0 CPU_HOT(>=25%):0
2026-08-15 01:54:33 HEARTBEAT PROCS:1 TOP_MEM:PID:11776/105.9MB TOP_CPU:PID:11776/0% SYS_CPU:1%-WD:0% SYS_MEM:2.8/32GB(8.8%)-WD:0.1GB(0.3%) TRACKING:0 SPIKES:0 KILLS:0
2026-08-15 01:54:33   DIST CPU_IDLE(<1%):1 CPU_NORMAL(1-25%):0 CPU_HOT(>=25%):0
2026-08-15 01:59:37 HEARTBEAT PROCS:1 TOP_MEM:PID:11776/105.9MB TOP_CPU:PID:11776/0% SYS_CPU:1%-WD:0% SYS_MEM:2.8/32GB(8.8%)-WD:0.1GB(0.3%) TRACKING:0 SPIKES:0 KILLS:0
2026-08-15 01:59:37   DIST CPU_IDLE(<1%):1 CPU_NORMAL(1-25%):0 CPU_HOT(>=25%):0
2026-08-15 02:04:40 HEARTBEAT PROCS:1 TOP_MEM:PID:11776/105.9MB TOP_CPU:PID:11776/0% SYS_CPU:1%-WD:0% SYS_MEM:2.7/32GB(8.4%)-WD:0.1GB(0.3%) TRACKING:0 SPIKES:0 KILLS:0
2026-08-15 02:04:40   DIST CPU_IDLE(<1%):1 CPU_NORMAL(1-25%):0 CPU_HOT(>=25%):0
2026-08-15 02:09:44 HEARTBEAT PROCS:0 TOP_MEM:none TOP_CPU:none SYS_CPU:1%-WD:0% SYS_MEM:2.7/32GB(8.4%)-WD:0GB(0%) TRACKING:0 SPIKES:0 KILLS:0
2026-08-15 02:09:44   DIST CPU_IDLE(<1%):0 CPU_NORMAL(1-25%):0 CPU_HOT(>=25%):0
2026-08-15 02:14:47 HEARTBEAT PROCS:4 TOP_MEM:PID:8860/34.4MB TOP_CPU:PID:9816/0% SYS_CPU:0%-WD:0% SYS_MEM:2.8/32GB(8.8%)-WD:0.1GB(0.3%) TRACKING:0 SPIKES:0 KILLS:0
2026-08-15 02:14:47   DIST CPU_IDLE(<1%):4 CPU_NORMAL(1-25%):0 CPU_HOT(>=25%):0
2026-08-15 02:19:50 HEARTBEAT PROCS:0 TOP_MEM:none TOP_CPU:none SYS_CPU:0%-WD:0% SYS_MEM:2.7/32GB(8.4%)-WD:0GB(0%) TRACKING:0 SPIKES:0 KILLS:0
2026-08-15 02:19:50   DIST CPU_IDLE(<1%):0 CPU_NORMAL(1-25%):0 CPU_HOT(>=25%):0
2026-08-15 02:24:54 HEARTBEAT PROCS:2 TOP_MEM:PID:13256/43.5MB TOP_CPU:PID:6648/0% SYS_CPU:1%-WD:0% SYS_MEM:2.8/32GB(8.8%)-WD:0.1GB(0.3%) TRACKING:0 SPIKES:0 KILLS:0
2026-08-15 02:24:54   DIST CPU_IDLE(<1%):2 CPU_NORMAL(1-25%):0 CPU_HOT(>=25%):0
2026-08-15 02:29:57 HEARTBEAT PROCS:0 TOP_MEM:none TOP_CPU:none SYS_CPU:1%-WD:0% SYS_MEM:2.7/32GB(8.4%)-WD:0GB(0%) TRACKING:0 SPIKES:0 KILLS:0
2026-08-15 02:29:57   DIST CPU_IDLE(<1%):0 CPU_NORMAL(1-25%):0 CPU_HOT(>=25%):0
2026-08-15 02:35:00 HEARTBEAT PROCS:3 TOP_MEM:PID:6228/43.7MB TOP_CPU:PID:14576/0% SYS_CPU:1%-WD:0% SYS_MEM:2.8/32GB(8.8%)-WD:0.1GB(0.3%) TRACKING:0 SPIKES:0 KILLS:0
2026-08-15 02:35:00   DIST CPU_IDLE(<1%):3 CPU_NORMAL(1-25%):0 CPU_HOT(>=25%):0
2026-08-15 02:40:04 HEARTBEAT PROCS:0 TOP_MEM:none TOP_CPU:none SYS_CPU:1%-WD:0% SYS_MEM:2.7/32GB(8.4%)-WD:0GB(0%) TRACKING:0 SPIKES:0 KILLS:0
2026-08-15 02:40:04   DIST CPU_IDLE(<1%):0 CPU_NORMAL(1-25%):0 CPU_HOT(>=25%):0
2026-08-15 02:45:08 HEARTBEAT PROCS:2 TOP_MEM:PID:8592/43.9MB TOP_CPU:PID:5712/0% SYS_CPU:0%-WD:0% SYS_MEM:2.8/32GB(8.8%)-WD:0.1GB(0.3%) TRACKING:0 SPIKES:0 KILLS:0
2026-08-15 02:45:08   DIST CPU_IDLE(<1%):2 CPU_NORMAL(1-25%):0 CPU_HOT(>=25%):0
2026-08-15 02:50:11 HEARTBEAT PROCS:0 TOP_MEM:none TOP_CPU:none SYS_CPU:2%-WD:0% SYS_MEM:2.7/32GB(8.4%)-WD:0GB(0%) TRACKING:0 SPIKES:0 KILLS:0
2026-08-15 02:50:11   DIST CPU_IDLE(<1%):0 CPU_NORMAL(1-25%):0 CPU_HOT(>=25%):0
2026-08-15 02:55:15 HEARTBEAT PROCS:12 TOP_MEM:PID:14616/63MB TOP_CPU:PID:1364/0% SYS_CPU:1%-WD:0% SYS_MEM:3/32GB(9.4%)-WD:0.5GB(1.6%) TRACKING:0 SPIKES:0 KILLS:0
2026-08-15 02:55:15   DIST CPU_IDLE(<1%):12 CPU_NORMAL(1-25%):0 CPU_HOT(>=25%):0
2026-08-15 03:00:19 HEARTBEAT PROCS:4 TOP_MEM:PID:14616/79MB TOP_CPU:PID:14168/3.6% SYS_CPU:2%-WD:7.2% SYS_MEM:2.9/32GB(9.1%)-WD:0.2GB(0.6%) TRACKING:0 SPIKES:1 KILLS:0
2026-08-15 03:00:19   DIST CPU_IDLE(<1%):3 CPU_NORMAL(1-25%):1 CPU_HOT(>=25%):0
2026-08-15 03:05:22 HEARTBEAT PROCS:1 TOP_MEM:PID:14616/92MB TOP_CPU:PID:14616/0% SYS_CPU:0%-WD:0% SYS_MEM:2.8/32GB(8.8%)-WD:0.1GB(0.3%) TRACKING:0 SPIKES:0 KILLS:0
2026-08-15 03:05:22   DIST CPU_IDLE(<1%):1 CPU_NORMAL(1-25%):0 CPU_HOT(>=25%):0
2026-08-15 03:10:26 HEARTBEAT PROCS:0 TOP_MEM:none TOP_CPU:none SYS_CPU:1%-WD:0% SYS_MEM:2.7/32GB(8.4%)-WD:0GB(0%) TRACKING:0 SPIKES:0 KILLS:0
2026-08-15 03:10:26   DIST CPU_IDLE(<1%):0 CPU_NORMAL(1-25%):0 CPU_HOT(>=25%):0
2026-08-15 03:15:29 HEARTBEAT PROCS:0 TOP_MEM:none TOP_CPU:none SYS_CPU:0%-WD:0% SYS_MEM:2.7/32GB(8.4%)-WD:0GB(0%) TRACKING:0 SPIKES:0 KILLS:0
2026-08-15 03:15:29   DIST CPU_IDLE(<1%):0 CPU_NORMAL(1-25%):0 CPU_HOT(>=25%):0
2026-08-15 03:20:32 HEARTBEAT PROCS:0 TOP_MEM:none TOP_CPU:none SYS_CPU:1%-WD:0% SYS_MEM:2.7/32GB(8.4%)-WD:0GB(0%) TRACKING:0 SPIKES:0 KILLS:0
2026-08-15 03:20:32   DIST CPU_IDLE(<1%):0 CPU_NORMAL(1-25%):0 CPU_HOT(>=25%):0
2026-08-15 03:25:35 HEARTBEAT PROCS:2 TOP_MEM:PID:10756/48.2MB TOP_CPU:PID:10756/0% SYS_CPU:1%-WD:0% SYS_MEM:2.8/32GB(8.8%)-WD:0.1GB(0.3%) TRACKING:0 SPIKES:0 KILLS:0
2026-08-15 03:25:35   DIST CPU_IDLE(<1%):2 CPU_NORMAL(1-25%):0 CPU_HOT(>=25%):0
2026-08-15 03:30:39 HEARTBEAT PROCS:0 TOP_MEM:none TOP_CPU:none SYS_CPU:0%-WD:0% SYS_MEM:2.7/32GB(8.4%)-WD:0GB(0%) TRACKING:0 SPIKES:0 KILLS:0
2026-08-15 03:30:39   DIST CPU_IDLE(<1%):0 CPU_NORMAL(1-25%):0 CPU_HOT(>=25%):0
2026-08-15 03:35:42 HEARTBEAT PROCS:1 TOP_MEM:PID:13872/34.6MB TOP_CPU:PID:13872/0% SYS_CPU:0%-WD:0% SYS_MEM:2.7/32GB(8.4%)-WD:0GB(0%) TRACKING:0 SPIKES:0 KILLS:0
2026-08-15 03:35:42   DIST CPU_IDLE(<1%):1 CPU_NORMAL(1-25%):0 CPU_HOT(>=25%):0
2026-08-15 03:40:46 HEARTBEAT PROCS:1 TOP_MEM:PID:13872/34.6MB TOP_CPU:PID:13872/0% SYS_CPU:1%-WD:0% SYS_MEM:2.7/32GB(8.4%)-WD:0GB(0%) TRACKING:0 SPIKES:0 KILLS:0
2026-08-15 03:40:46   DIST CPU_IDLE(<1%):1 CPU_NORMAL(1-25%):0 CPU_HOT(>=25%):0
2026-08-15 03:45:50 HEARTBEAT PROCS:0 TOP_MEM:none TOP_CPU:none SYS_CPU:1%-WD:0% SYS_MEM:2.6/32GB(8.1%)-WD:0GB(0%) TRACKING:0 SPIKES:0 KILLS:0
2026-08-15 03:45:50   DIST CPU_IDLE(<1%):0 CPU_NORMAL(1-25%):0 CPU_HOT(>=25%):0
2026-08-15 03:50:53 HEARTBEAT PROCS:4 TOP_MEM:PID:12380/34.4MB TOP_CPU:PID:12380/0% SYS_CPU:2%-WD:0% SYS_MEM:2.7/32GB(8.4%)-WD:0.1GB(0.3%) TRACKING:0 SPIKES:0 KILLS:0
2026-08-15 03:50:53   DIST CPU_IDLE(<1%):4 CPU_NORMAL(1-25%):0 CPU_HOT(>=25%):0
2026-08-15 03:55:56 HEARTBEAT PROCS:0 TOP_MEM:none TOP_CPU:none SYS_CPU:4%-WD:0% SYS_MEM:2.6/32GB(8.1%)-WD:0GB(0%) TRACKING:0 SPIKES:0 KILLS:0
2026-08-15 03:55:56   DIST CPU_IDLE(<1%):0 CPU_NORMAL(1-25%):0 CPU_HOT(>=25%):0
2026-08-15 04:01:00 HEARTBEAT PROCS:5 TOP_MEM:PID:11360/44MB TOP_CPU:PID:6820/0% SYS_CPU:1%-WD:0% SYS_MEM:2.7/32GB(8.4%)-WD:0.2GB(0.6%) TRACKING:0 SPIKES:0 KILLS:0
2026-08-15 04:01:00   DIST CPU_IDLE(<1%):5 CPU_NORMAL(1-25%):0 CPU_HOT(>=25%):0
2026-08-15 04:06:04 HEARTBEAT PROCS:0 TOP_MEM:none TOP_CPU:none SYS_CPU:1%-WD:0% SYS_MEM:2.7/32GB(8.4%)-WD:0GB(0%) TRACKING:0 SPIKES:0 KILLS:0
2026-08-15 04:06:04   DIST CPU_IDLE(<1%):0 CPU_NORMAL(1-25%):0 CPU_HOT(>=25%):0
2026-08-15 04:11:06 HEARTBEAT PROCS:0 TOP_MEM:none TOP_CPU:none SYS_CPU:1%-WD:0% SYS_MEM:2.7/32GB(8.4%)-WD:0GB(0%) TRACKING:0 SPIKES:0 KILLS:0
2026-08-15 04:11:06   DIST CPU_IDLE(<1%):0 CPU_NORMAL(1-25%):0 CPU_HOT(>=25%):0
2026-08-15 04:16:09 HEARTBEAT PROCS:0 TOP_MEM:none TOP_CPU:none SYS_CPU:1%-WD:0% SYS_MEM:2.7/32GB(8.4%)-WD:0GB(0%) TRACKING:0 SPIKES:0 KILLS:0
2026-08-15 04:16:09   DIST CPU_IDLE(<1%):0 CPU_NORMAL(1-25%):0 CPU_HOT(>=25%):0
2026-08-15 04:21:13 HEARTBEAT PROCS:2 TOP_MEM:PID:596/44.2MB TOP_CPU:PID:14008/0% SYS_CPU:1%-WD:0% SYS_MEM:2.7/32GB(8.4%)-WD:0.1GB(0.3%) TRACKING:0 SPIKES:0 KILLS:0
2026-08-15 04:21:13   DIST CPU_IDLE(<1%):2 CPU_NORMAL(1-25%):0 CPU_HOT(>=25%):0
2026-08-15 04:26:16 HEARTBEAT PROCS:2 TOP_MEM:PID:596/44.2MB TOP_CPU:PID:14008/0% SYS_CPU:0%-WD:0% SYS_MEM:2.7/32GB(8.4%)-WD:0.1GB(0.3%) TRACKING:0 SPIKES:0 KILLS:0
2026-08-15 04:26:16   DIST CPU_IDLE(<1%):2 CPU_NORMAL(1-25%):0 CPU_HOT(>=25%):0
2026-08-15 04:31:20 HEARTBEAT PROCS:2 TOP_MEM:PID:596/44.2MB TOP_CPU:PID:14008/0% SYS_CPU:0%-WD:0% SYS_MEM:2.7/32GB(8.4%)-WD:0.1GB(0.3%) TRACKING:0 SPIKES:0 KILLS:0
2026-08-15 04:31:20   DIST CPU_IDLE(<1%):2 CPU_NORMAL(1-25%):0 CPU_HOT(>=25%):0
2026-08-15 04:36:24 HEARTBEAT PROCS:0 TOP_MEM:none TOP_CPU:none SYS_CPU:0%-WD:0% SYS_MEM:2.7/32GB(8.4%)-WD:0GB(0%) TRACKING:0 SPIKES:0 KILLS:0
2026-08-15 04:36:24   DIST CPU_IDLE(<1%):0 CPU_NORMAL(1-25%):0 CPU_HOT(>=25%):0
2026-08-15 04:41:27 HEARTBEAT PROCS:1 TOP_MEM:PID:652/35.2MB TOP_CPU:PID:652/0% SYS_CPU:1%-WD:0% SYS_MEM:2.7/32GB(8.4%)-WD:0GB(0%) TRACKING:0 SPIKES:0 KILLS:0
2026-08-15 04:41:27   DIST CPU_IDLE(<1%):1 CPU_NORMAL(1-25%):0 CPU_HOT(>=25%):0
2026-08-15 04:46:31 HEARTBEAT PROCS:2 TOP_MEM:PID:7988/34.3MB TOP_CPU:PID:11588/0% SYS_CPU:1%-WD:0% SYS_MEM:2.8/32GB(8.8%)-WD:0.1GB(0.3%) TRACKING:0 SPIKES:0 KILLS:0
2026-08-15 04:46:31   DIST CPU_IDLE(<1%):2 CPU_NORMAL(1-25%):0 CPU_HOT(>=25%):0
2026-08-15 04:51:35 HEARTBEAT PROCS:0 TOP_MEM:none TOP_CPU:none SYS_CPU:0%-WD:0% SYS_MEM:2.7/32GB(8.4%)-WD:0GB(0%) TRACKING:0 SPIKES:0 KILLS:0
2026-08-15 04:51:35   DIST CPU_IDLE(<1%):0 CPU_NORMAL(1-25%):0 CPU_HOT(>=25%):0
2026-08-15 04:56:37 HEARTBEAT PROCS:0 TOP_MEM:none TOP_CPU:none SYS_CPU:1%-WD:0% SYS_MEM:2.7/32GB(8.4%)-WD:0GB(0%) TRACKING:0 SPIKES:0 KILLS:0
2026-08-15 04:56:37   DIST CPU_IDLE(<1%):0 CPU_NORMAL(1-25%):0 CPU_HOT(>=25%):0
2026-08-15 05:01:40 HEARTBEAT PROCS:0 TOP_MEM:none TOP_CPU:none SYS_CPU:1%-WD:0% SYS_MEM:2.7/32GB(8.4%)-WD:0GB(0%) TRACKING:0 SPIKES:0 KILLS:0
2026-08-15 05:01:40   DIST CPU_IDLE(<1%):0 CPU_NORMAL(1-25%):0 CPU_HOT(>=25%):0
2026-08-15 05:06:43 HEARTBEAT PROCS:0 TOP_MEM:none TOP_CPU:none SYS_CPU:1%-WD:0% SYS_MEM:2.7/32GB(8.4%)-WD:0GB(0%) TRACKING:0 SPIKES:0 KILLS:0
2026-08-15 05:06:43   DIST CPU_IDLE(<1%):0 CPU_NORMAL(1-25%):0 CPU_HOT(>=25%):0
2026-08-15 05:11:46 HEARTBEAT PROCS:0 TOP_MEM:none TOP_CPU:none SYS_CPU:1%-WD:0% SYS_MEM:2.7/32GB(8.4%)-WD:0GB(0%) TRACKING:0 SPIKES:0 KILLS:0
2026-08-15 05:11:46   DIST CPU_IDLE(<1%):0 CPU_NORMAL(1-25%):0 CPU_HOT(>=25%):0
2026-08-15 05:16:49 HEARTBEAT PROCS:0 TOP_MEM:none TOP_CPU:none SYS_CPU:1%-WD:0% SYS_MEM:2.7/32GB(8.4%)-WD:0GB(0%) TRACKING:0 SPIKES:0 KILLS:0
2026-08-15 05:16:49   DIST CPU_IDLE(<1%):0 CPU_NORMAL(1-25%):0 CPU_HOT(>=25%):0
2026-08-15 05:21:51 HEARTBEAT PROCS:0 TOP_MEM:none TOP_CPU:none SYS_CPU:0%-WD:0% SYS_MEM:2.7/32GB(8.4%)-WD:0GB(0%) TRACKING:0 SPIKES:0 KILLS:0
2026-08-15 05:21:51   DIST CPU_IDLE(<1%):0 CPU_NORMAL(1-25%):0 CPU_HOT(>=25%):0
2026-08-15 05:26:55 HEARTBEAT PROCS:0 TOP_MEM:none TOP_CPU:none SYS_CPU:2%-WD:0% SYS_MEM:2.7/32GB(8.4%)-WD:0GB(0%) TRACKING:0 SPIKES:0 KILLS:0
2026-08-15 05:26:55   DIST CPU_IDLE(<1%):0 CPU_NORMAL(1-25%):0 CPU_HOT(>=25%):0
2026-08-15 05:31:58 HEARTBEAT PROCS:3 TOP_MEM:PID:17356/46.1MB TOP_CPU:PID:14220/0% SYS_CPU:2%-WD:0% SYS_MEM:2.8/32GB(8.8%)-WD:0.1GB(0.3%) TRACKING:0 SPIKES:0 KILLS:0
2026-08-15 05:31:58   DIST CPU_IDLE(<1%):3 CPU_NORMAL(1-25%):0 CPU_HOT(>=25%):0
2026-08-15 05:37:01 HEARTBEAT PROCS:1 TOP_MEM:PID:17356/46.2MB TOP_CPU:PID:17356/0% SYS_CPU:1%-WD:0% SYS_MEM:2.7/32GB(8.4%)-WD:0GB(0%) TRACKING:0 SPIKES:0 KILLS:0
2026-08-15 05:37:01   DIST CPU_IDLE(<1%):1 CPU_NORMAL(1-25%):0 CPU_HOT(>=25%):0
2026-08-15 05:42:06 HEARTBEAT PROCS:1 TOP_MEM:PID:17356/46.1MB TOP_CPU:PID:17356/0% SYS_CPU:0%-WD:0% SYS_MEM:2.7/32GB(8.4%)-WD:0GB(0%) TRACKING:0 SPIKES:0 KILLS:0
2026-08-15 05:42:06   DIST CPU_IDLE(<1%):1 CPU_NORMAL(1-25%):0 CPU_HOT(>=25%):0
2026-08-15 05:47:09 HEARTBEAT PROCS:11 TOP_MEM:PID:17356/46.1MB TOP_CPU:PID:10596/0% SYS_CPU:1%-WD:0% SYS_MEM:2.9/32GB(9.1%)-WD:0.4GB(1.2%) TRACKING:0 SPIKES:0 KILLS:0
2026-08-15 05:47:09   DIST CPU_IDLE(<1%):11 CPU_NORMAL(1-25%):0 CPU_HOT(>=25%):0
2026-08-15 05:52:13 HEARTBEAT PROCS:4 TOP_MEM:PID:14492/35MB TOP_CPU:PID:14492/0% SYS_CPU:1%-WD:0% SYS_MEM:2.8/32GB(8.8%)-WD:0.1GB(0.3%) TRACKING:0 SPIKES:0 KILLS:0
2026-08-15 05:52:13   DIST CPU_IDLE(<1%):4 CPU_NORMAL(1-25%):0 CPU_HOT(>=25%):0
2026-08-15 05:57:17 HEARTBEAT PROCS:4 TOP_MEM:PID:16536/35.1MB TOP_CPU:PID:12448/0% SYS_CPU:1%-WD:0% SYS_MEM:2.8/32GB(8.8%)-WD:0.1GB(0.3%) TRACKING:0 SPIKES:0 KILLS:0
2026-08-15 05:57:17   DIST CPU_IDLE(<1%):4 CPU_NORMAL(1-25%):0 CPU_HOT(>=25%):0
2026-08-15 06:02:21 HEARTBEAT PROCS:1 TOP_MEM:PID:2152/50MB TOP_CPU:PID:2152/0% SYS_CPU:1%-WD:0% SYS_MEM:2.7/32GB(8.4%)-WD:0GB(0%) TRACKING:0 SPIKES:0 KILLS:0
2026-08-15 06:02:21   DIST CPU_IDLE(<1%):1 CPU_NORMAL(1-25%):0 CPU_HOT(>=25%):0
2026-08-15 06:07:24 HEARTBEAT PROCS:1 TOP_MEM:PID:2152/50MB TOP_CPU:PID:2152/0% SYS_CPU:1%-WD:0% SYS_MEM:2.7/32GB(8.4%)-WD:0GB(0%) TRACKING:0 SPIKES:0 KILLS:0
2026-08-15 06:07:24   DIST CPU_IDLE(<1%):1 CPU_NORMAL(1-25%):0 CPU_HOT(>=25%):0
2026-08-15 06:12:28 HEARTBEAT PROCS:0 TOP_MEM:none TOP_CPU:none SYS_CPU:1%-WD:0% SYS_MEM:2.7/32GB(8.4%)-WD:0GB(0%) TRACKING:0 SPIKES:0 KILLS:0
2026-08-15 06:12:28   DIST CPU_IDLE(<1%):0 CPU_NORMAL(1-25%):0 CPU_HOT(>=25%):0
2026-08-15 06:17:31 HEARTBEAT PROCS:12 TOP_MEM:PID:6684/49.5MB TOP_CPU:PID:16188/0% SYS_CPU:1%-WD:0% SYS_MEM:3/32GB(9.4%)-WD:0.4GB(1.2%) TRACKING:0 SPIKES:0 KILLS:0
2026-08-15 06:17:31   DIST CPU_IDLE(<1%):12 CPU_NORMAL(1-25%):0 CPU_HOT(>=25%):0
2026-08-15 06:22:35 HEARTBEAT PROCS:4 TOP_MEM:PID:13488/35MB TOP_CPU:PID:13644/0% SYS_CPU:0%-WD:0% SYS_MEM:2.8/32GB(8.8%)-WD:0.1GB(0.3%) TRACKING:0 SPIKES:0 KILLS:0
2026-08-15 06:22:35   DIST CPU_IDLE(<1%):4 CPU_NORMAL(1-25%):0 CPU_HOT(>=25%):0
2026-08-15 06:27:38 HEARTBEAT PROCS:0 TOP_MEM:none TOP_CPU:none SYS_CPU:1%-WD:0% SYS_MEM:2.7/32GB(8.4%)-WD:0GB(0%) TRACKING:0 SPIKES:0 KILLS:0
2026-08-15 06:27:38   DIST CPU_IDLE(<1%):0 CPU_NORMAL(1-25%):0 CPU_HOT(>=25%):0
2026-08-15 06:32:41 HEARTBEAT PROCS:1 TOP_MEM:PID:2448/43.4MB TOP_CPU:PID:2448/0% SYS_CPU:1%-WD:0% SYS_MEM:2.7/32GB(8.4%)-WD:0GB(0%) TRACKING:0 SPIKES:0 KILLS:0
2026-08-15 06:32:41   DIST CPU_IDLE(<1%):1 CPU_NORMAL(1-25%):0 CPU_HOT(>=25%):0
2026-08-15 06:37:45 HEARTBEAT PROCS:3 TOP_MEM:PID:7864/62.8MB TOP_CPU:PID:7864/0.6% SYS_CPU:4%-WD:0.6% SYS_MEM:2.8/32GB(8.8%)-WD:0.1GB(0.3%) TRACKING:0 SPIKES:0 KILLS:0
2026-08-15 06:37:45   DIST CPU_IDLE(<1%):3 CPU_NORMAL(1-25%):0 CPU_HOT(>=25%):0
2026-08-15 06:42:49 HEARTBEAT PROCS:8 TOP_MEM:PID:7864/63.5MB TOP_CPU:PID:13488/0% SYS_CPU:0%-WD:0% SYS_MEM:2.9/32GB(9.1%)-WD:0.3GB(0.9%) TRACKING:0 SPIKES:0 KILLS:0
2026-08-15 06:42:49   DIST CPU_IDLE(<1%):8 CPU_NORMAL(1-25%):0 CPU_HOT(>=25%):0
2026-08-15 06:47:53 HEARTBEAT PROCS:13 TOP_MEM:PID:9744/50.3MB TOP_CPU:PID:6300/0% SYS_CPU:0%-WD:0% SYS_MEM:3/32GB(9.4%)-WD:0.5GB(1.6%) TRACKING:0 SPIKES:0 KILLS:0
2026-08-15 06:47:53   DIST CPU_IDLE(<1%):13 CPU_NORMAL(1-25%):0 CPU_HOT(>=25%):0
2026-08-15 06:52:56 HEARTBEAT PROCS:20 TOP_MEM:PID:13904/85.6MB TOP_CPU:PID:5784/0% SYS_CPU:1%-WD:0% SYS_MEM:3.2/32GB(10%)-WD:0.8GB(2.5%) TRACKING:0 SPIKES:0 KILLS:0
2026-08-15 06:52:56   DIST CPU_IDLE(<1%):20 CPU_NORMAL(1-25%):0 CPU_HOT(>=25%):0
2026-08-15 06:58:00 HEARTBEAT PROCS:9 TOP_MEM:PID:13904/85.6MB TOP_CPU:PID:16816/0% SYS_CPU:2%-WD:0% SYS_MEM:3/32GB(9.4%)-WD:0.5GB(1.6%) TRACKING:0 SPIKES:0 KILLS:0
2026-08-15 06:58:00   DIST CPU_IDLE(<1%):9 CPU_NORMAL(1-25%):0 CPU_HOT(>=25%):0
2026-08-15 07:03:04 HEARTBEAT PROCS:16 TOP_MEM:PID:13904/85.6MB TOP_CPU:PID:3784/0% SYS_CPU:1%-WD:0% SYS_MEM:3.2/32GB(10%)-WD:0.7GB(2.2%) TRACKING:0 SPIKES:0 KILLS:0
2026-08-15 07:03:04   DIST CPU_IDLE(<1%):16 CPU_NORMAL(1-25%):0 CPU_HOT(>=25%):0
2026-08-15 07:08:08 HEARTBEAT PROCS:19 TOP_MEM:PID:13904/85.6MB TOP_CPU:PID:5416/0% SYS_CPU:1%-WD:0% SYS_MEM:3.2/32GB(10%)-WD:0.9GB(2.8%) TRACKING:0 SPIKES:1 KILLS:0
2026-08-15 07:08:08   DIST CPU_IDLE(<1%):19 CPU_NORMAL(1-25%):0 CPU_HOT(>=25%):0
2026-08-15 07:13:12 HEARTBEAT PROCS:17 TOP_MEM:PID:13904/85.6MB TOP_CPU:PID:15892/0% SYS_CPU:1%-WD:0% SYS_MEM:3.2/32GB(10%)-WD:0.8GB(2.5%) TRACKING:0 SPIKES:0 KILLS:0
2026-08-15 07:13:12   DIST CPU_IDLE(<1%):17 CPU_NORMAL(1-25%):0 CPU_HOT(>=25%):0
2026-08-15 07:18:16 HEARTBEAT PROCS:18 TOP_MEM:PID:13904/85.6MB TOP_CPU:PID:9256/0% SYS_CPU:2%-WD:0% SYS_MEM:3.3/32GB(10.3%)-WD:0.9GB(2.8%) TRACKING:0 SPIKES:2 KILLS:0
2026-08-15 07:18:16   DIST CPU_IDLE(<1%):18 CPU_NORMAL(1-25%):0 CPU_HOT(>=25%):0
2026-08-15 07:23:20 HEARTBEAT PROCS:11 TOP_MEM:PID:13904/85.6MB TOP_CPU:PID:15892/0.6% SYS_CPU:1%-WD:0.6% SYS_MEM:3.2/32GB(10%)-WD:0.7GB(2.2%) TRACKING:0 SPIKES:0 KILLS:0
2026-08-15 07:23:20   DIST CPU_IDLE(<1%):11 CPU_NORMAL(1-25%):0 CPU_HOT(>=25%):0
2026-08-15 07:28:23 HEARTBEAT PROCS:24 TOP_MEM:PID:12440/93.2MB TOP_CPU:PID:10612/0.6% SYS_CPU:0%-WD:0.6% SYS_MEM:3.5/32GB(10.9%)-WD:1.3GB(4.1%) TRACKING:0 SPIKES:0 KILLS:0
2026-08-15 07:28:23   DIST CPU_IDLE(<1%):24 CPU_NORMAL(1-25%):0 CPU_HOT(>=25%):0
2026-08-15 07:33:28 HEARTBEAT PROCS:23 TOP_MEM:PID:10612/101.8MB TOP_CPU:PID:5432/0% SYS_CPU:2%-WD:0% SYS_MEM:3.4/32GB(10.6%)-WD:1.2GB(3.8%) TRACKING:0 SPIKES:1 KILLS:0
2026-08-15 07:33:28   DIST CPU_IDLE(<1%):23 CPU_NORMAL(1-25%):0 CPU_HOT(>=25%):0
2026-08-15 07:38:32 HEARTBEAT PROCS:40 TOP_MEM:PID:17940/92.1MB TOP_CPU:PID:14452/0% SYS_CPU:1%-WD:0% SYS_MEM:3.8/32GB(11.9%)-WD:1.9GB(5.9%) TRACKING:0 SPIKES:0 KILLS:0
2026-08-15 07:38:32   DIST CPU_IDLE(<1%):40 CPU_NORMAL(1-25%):0 CPU_HOT(>=25%):0
2026-08-15 07:43:36 HEARTBEAT PROCS:27 TOP_MEM:PID:17940/92.1MB TOP_CPU:PID:836/0% SYS_CPU:1%-WD:0% SYS_MEM:3.5/32GB(10.9%)-WD:1.3GB(4.1%) TRACKING:0 SPIKES:1 KILLS:0
2026-08-15 07:43:36   DIST CPU_IDLE(<1%):27 CPU_NORMAL(1-25%):0 CPU_HOT(>=25%):0
2026-08-15 07:48:40 HEARTBEAT PROCS:33 TOP_MEM:PID:17940/94.6MB TOP_CPU:PID:3240/0% SYS_CPU:1%-WD:0% SYS_MEM:3.6/32GB(11.2%)-WD:1.6GB(5%) TRACKING:0 SPIKES:1 KILLS:0
2026-08-15 07:48:40   DIST CPU_IDLE(<1%):33 CPU_NORMAL(1-25%):0 CPU_HOT(>=25%):0
2026-08-15 07:53:44 HEARTBEAT PROCS:19 TOP_MEM:PID:12440/96.2MB TOP_CPU:PID:7412/0% SYS_CPU:1%-WD:0% SYS_MEM:3.4/32GB(10.6%)-WD:1.1GB(3.4%) TRACKING:0 SPIKES:0 KILLS:0
2026-08-15 07:53:44   DIST CPU_IDLE(<1%):19 CPU_NORMAL(1-25%):0 CPU_HOT(>=25%):0
2026-08-15 07:58:48 HEARTBEAT PROCS:23 TOP_MEM:PID:4000/115.7MB TOP_CPU:PID:7412/0% SYS_CPU:1%-WD:0% SYS_MEM:3.5/32GB(10.9%)-WD:1.3GB(4.1%) TRACKING:0 SPIKES:0 KILLS:0
2026-08-15 07:58:48   DIST CPU_IDLE(<1%):23 CPU_NORMAL(1-25%):0 CPU_HOT(>=25%):0
2026-08-15 08:03:52 HEARTBEAT PROCS:12 TOP_MEM:PID:10612/103.8MB TOP_CPU:PID:10612/0% SYS_CPU:1%-WD:0% SYS_MEM:3.4/32GB(10.6%)-WD:0.9GB(2.8%) TRACKING:0 SPIKES:0 KILLS:0
2026-08-15 08:03:52   DIST CPU_IDLE(<1%):12 CPU_NORMAL(1-25%):0 CPU_HOT(>=25%):0
2026-08-15 08:08:56 HEARTBEAT PROCS:33 TOP_MEM:PID:10612/103.8MB TOP_CPU:PID:17828/0% SYS_CPU:0%-WD:0% SYS_MEM:3.8/32GB(11.9%)-WD:1.7GB(5.3%) TRACKING:0 SPIKES:0 KILLS:0
2026-08-15 08:08:56   DIST CPU_IDLE(<1%):33 CPU_NORMAL(1-25%):0 CPU_HOT(>=25%):0
2026-08-15 08:14:00 HEARTBEAT PROCS:22 TOP_MEM:PID:10612/103.8MB TOP_CPU:PID:10612/0% SYS_CPU:4%-WD:0% SYS_MEM:3.6/32GB(11.2%)-WD:1.3GB(4.1%) TRACKING:0 SPIKES:0 KILLS:0
2026-08-15 08:14:00   DIST CPU_IDLE(<1%):22 CPU_NORMAL(1-25%):0 CPU_HOT(>=25%):0
2026-08-15 08:19:04 HEARTBEAT PROCS:28 TOP_MEM:PID:10612/103.8MB TOP_CPU:PID:8764/0% SYS_CPU:1%-WD:0% SYS_MEM:3.7/32GB(11.6%)-WD:1.6GB(5%) TRACKING:0 SPIKES:0 KILLS:0
2026-08-15 08:19:04   DIST CPU_IDLE(<1%):28 CPU_NORMAL(1-25%):0 CPU_HOT(>=25%):0
2026-08-15 08:24:08 HEARTBEAT PROCS:38 TOP_MEM:PID:10612/103.8MB TOP_CPU:PID:5224/0% SYS_CPU:0%-WD:0% SYS_MEM:3.9/32GB(12.2%)-WD:1.9GB(5.9%) TRACKING:0 SPIKES:0 KILLS:0
2026-08-15 08:24:08   DIST CPU_IDLE(<1%):38 CPU_NORMAL(1-25%):0 CPU_HOT(>=25%):0
2026-08-15 08:29:12 HEARTBEAT PROCS:46 TOP_MEM:PID:10612/124.8MB TOP_CPU:PID:12400/0% SYS_CPU:1%-WD:0% SYS_MEM:4.1/32GB(12.8%)-WD:2.2GB(6.9%) TRACKING:0 SPIKES:1 KILLS:0
2026-08-15 08:29:12   DIST CPU_IDLE(<1%):46 CPU_NORMAL(1-25%):0 CPU_HOT(>=25%):0
2026-08-15 08:34:16 HEARTBEAT PROCS:24 TOP_MEM:PID:4000/106.1MB TOP_CPU:PID:9852/0% SYS_CPU:1%-WD:0% SYS_MEM:3.7/32GB(11.6%)-WD:1.5GB(4.7%) TRACKING:0 SPIKES:0 KILLS:0
2026-08-15 08:34:16   DIST CPU_IDLE(<1%):24 CPU_NORMAL(1-25%):0 CPU_HOT(>=25%):0
2026-08-15 08:39:21 HEARTBEAT PROCS:49 TOP_MEM:PID:4000/106.1MB TOP_CPU:PID:12400/0% SYS_CPU:1%-WD:0% SYS_MEM:4.2/32GB(13.1%)-WD:2.4GB(7.5%) TRACKING:0 SPIKES:0 KILLS:0
2026-08-15 08:39:21   DIST CPU_IDLE(<1%):49 CPU_NORMAL(1-25%):0 CPU_HOT(>=25%):0
2026-08-15 08:44:25 HEARTBEAT PROCS:35 TOP_MEM:PID:4000/106.1MB TOP_CPU:PID:6920/0.6% SYS_CPU:1%-WD:0.6% SYS_MEM:3.9/32GB(12.2%)-WD:1.8GB(5.6%) TRACKING:0 SPIKES:0 KILLS:0
2026-08-15 08:44:25   DIST CPU_IDLE(<1%):35 CPU_NORMAL(1-25%):0 CPU_HOT(>=25%):0
2026-08-15 08:49:30 HEARTBEAT PROCS:44 TOP_MEM:PID:4000/106.1MB TOP_CPU:PID:1096/0% SYS_CPU:1%-WD:0% SYS_MEM:4.1/32GB(12.8%)-WD:2.3GB(7.2%) TRACKING:0 SPIKES:1 KILLS:0
2026-08-15 08:49:30   DIST CPU_IDLE(<1%):44 CPU_NORMAL(1-25%):0 CPU_HOT(>=25%):0
2026-08-15 08:54:35 HEARTBEAT PROCS:57 TOP_MEM:PID:4000/106.1MB TOP_CPU:PID:5544/0% SYS_CPU:1%-WD:0% SYS_MEM:4.5/32GB(14.1%)-WD:2.9GB(9.1%) TRACKING:0 SPIKES:1 KILLS:0
2026-08-15 08:54:35   DIST CPU_IDLE(<1%):57 CPU_NORMAL(1-25%):0 CPU_HOT(>=25%):0
2026-08-15 08:59:39 HEARTBEAT PROCS:53 TOP_MEM:PID:4000/106.1MB TOP_CPU:PID:8564/0% SYS_CPU:0%-WD:0% SYS_MEM:4.4/32GB(13.8%)-WD:2.7GB(8.4%) TRACKING:0 SPIKES:11 KILLS:0
2026-08-15 08:59:39   DIST CPU_IDLE(<1%):53 CPU_NORMAL(1-25%):0 CPU_HOT(>=25%):0
2026-08-15 09:04:44 HEARTBEAT PROCS:66 TOP_MEM:PID:4000/106.1MB TOP_CPU:PID:14432/0% SYS_CPU:1%-WD:0% SYS_MEM:4.8/32GB(15%)-WD:3.4GB(10.6%) TRACKING:0 SPIKES:1 KILLS:0
2026-08-15 09:04:44   DIST CPU_IDLE(<1%):66 CPU_NORMAL(1-25%):0 CPU_HOT(>=25%):0
2026-08-15 09:09:44 HEARTBEAT PROCS:61 TOP_MEM:PID:8576/118.4MB TOP_CPU:PID:6576/0% SYS_CPU:1%-WD:0% SYS_MEM:4.8/32GB(15%)-WD:3.2GB(10%) TRACKING:0 SPIKES:2 KILLS:0
2026-08-15 09:09:44   DIST CPU_IDLE(<1%):61 CPU_NORMAL(1-25%):0 CPU_HOT(>=25%):0
2026-08-15 09:14:49 HEARTBEAT PROCS:59 TOP_MEM:PID:8576/118.4MB TOP_CPU:PID:16936/0% SYS_CPU:0%-WD:0% SYS_MEM:4.8/32GB(15%)-WD:3.2GB(10%) TRACKING:0 SPIKES:8 KILLS:0
2026-08-15 09:14:49   DIST CPU_IDLE(<1%):59 CPU_NORMAL(1-25%):0 CPU_HOT(>=25%):0
2026-08-15 09:19:53 HEARTBEAT PROCS:33 TOP_MEM:PID:8576/118.4MB TOP_CPU:PID:18180/0% SYS_CPU:4%-WD:0% SYS_MEM:4.3/32GB(13.4%)-WD:2.2GB(6.9%) TRACKING:0 SPIKES:4 KILLS:0
2026-08-15 09:19:53   DIST CPU_IDLE(<1%):33 CPU_NORMAL(1-25%):0 CPU_HOT(>=25%):0
2026-08-15 09:24:58 HEARTBEAT PROCS:55 TOP_MEM:PID:8576/118.4MB TOP_CPU:PID:18180/0% SYS_CPU:0%-WD:0% SYS_MEM:4.6/32GB(14.4%)-WD:2.9GB(9.1%) TRACKING:0 SPIKES:0 KILLS:0
2026-08-15 09:24:58   DIST CPU_IDLE(<1%):55 CPU_NORMAL(1-25%):0 CPU_HOT(>=25%):0
2026-08-15 09:30:03 HEARTBEAT PROCS:45 TOP_MEM:PID:8576/118.4MB TOP_CPU:PID:14300/291.9% SYS_CPU:1%-WD:399.2% SYS_MEM:4.5/32GB(14.1%)-WD:2.7GB(8.4%) TRACKING:3 SPIKES:9 KILLS:0
2026-08-15 09:30:03   DIST CPU_IDLE(<1%):37 CPU_NORMAL(1-25%):5 CPU_HOT(>=25%):3
2026-08-15 09:35:08 HEARTBEAT PROCS:61 TOP_MEM:PID:8576/118.4MB TOP_CPU:PID:7936/0% SYS_CPU:0%-WD:0% SYS_MEM:5/32GB(15.6%)-WD:3.5GB(10.9%) TRACKING:0 SPIKES:6 KILLS:0
2026-08-15 09:35:08   DIST CPU_IDLE(<1%):61 CPU_NORMAL(1-25%):0 CPU_HOT(>=25%):0
2026-08-15 09:40:08 HEARTBEAT PROCS:61 TOP_MEM:PID:8576/118.4MB TOP_CPU:PID:11596/0% SYS_CPU:1%-WD:0% SYS_MEM:4.9/32GB(15.3%)-WD:3.3GB(10.3%) TRACKING:0 SPIKES:0 KILLS:0
2026-08-15 09:40:08   DIST CPU_IDLE(<1%):61 CPU_NORMAL(1-25%):0 CPU_HOT(>=25%):0
2026-08-15 09:45:13 HEARTBEAT PROCS:76 TOP_MEM:PID:8576/118.4MB TOP_CPU:PID:7948/0% SYS_CPU:0%-WD:0% SYS_MEM:5.2/32GB(16.2%)-WD:3.9GB(12.2%) TRACKING:0 SPIKES:3 KILLS:0
2026-08-15 09:45:13   DIST CPU_IDLE(<1%):76 CPU_NORMAL(1-25%):0 CPU_HOT(>=25%):0
2026-08-15 09:50:18 HEARTBEAT PROCS:57 TOP_MEM:PID:8576/118.4MB TOP_CPU:PID:11912/0% SYS_CPU:5%-WD:0% SYS_MEM:4.9/32GB(15.3%)-WD:3.3GB(10.3%) TRACKING:0 SPIKES:3 KILLS:0
2026-08-15 09:50:18   DIST CPU_IDLE(<1%):57 CPU_NORMAL(1-25%):0 CPU_HOT(>=25%):0
2026-08-15 09:55:23 HEARTBEAT PROCS:51 TOP_MEM:PID:8576/118.4MB TOP_CPU:PID:18140/15.9% SYS_CPU:0%-WD:58.9% SYS_MEM:4.8/32GB(15%)-WD:3.1GB(9.7%) TRACKING:0 SPIKES:0 KILLS:0
2026-08-15 09:55:23   DIST CPU_IDLE(<1%):41 CPU_NORMAL(1-25%):10 CPU_HOT(>=25%):0
2026-08-15 10:00:28 HEARTBEAT PROCS:63 TOP_MEM:PID:4000/119.7MB TOP_CPU:PID:17308/5.1% SYS_CPU:1%-WD:8.7% SYS_MEM:5/32GB(15.6%)-WD:3.6GB(11.2%) TRACKING:0 SPIKES:0 KILLS:0
2026-08-15 10:00:28   DIST CPU_IDLE(<1%):61 CPU_NORMAL(1-25%):2 CPU_HOT(>=25%):0
2026-08-15 10:05:32 HEARTBEAT PROCS:41 TOP_MEM:PID:4000/119.8MB TOP_CPU:PID:13072/0.6% SYS_CPU:1%-WD:0.6% SYS_MEM:4.5/32GB(14.1%)-WD:2.7GB(8.4%) TRACKING:0 SPIKES:2 KILLS:0
2026-08-15 10:05:32   DIST CPU_IDLE(<1%):41 CPU_NORMAL(1-25%):0 CPU_HOT(>=25%):0
2026-08-15 10:10:37 HEARTBEAT PROCS:39 TOP_MEM:PID:4000/122.9MB TOP_CPU:PID:18096/0% SYS_CPU:8%-WD:0% SYS_MEM:4.5/32GB(14.1%)-WD:2.6GB(8.1%) TRACKING:0 SPIKES:0 KILLS:0
2026-08-15 10:10:37   DIST CPU_IDLE(<1%):39 CPU_NORMAL(1-25%):0 CPU_HOT(>=25%):0
2026-08-15 10:15:42 HEARTBEAT PROCS:68 TOP_MEM:PID:4000/123.3MB TOP_CPU:PID:8576/0.6% SYS_CPU:1%-WD:0.6% SYS_MEM:5.1/32GB(15.9%)-WD:3.7GB(11.6%) TRACKING:0 SPIKES:0 KILLS:0
2026-08-15 10:15:42   DIST CPU_IDLE(<1%):68 CPU_NORMAL(1-25%):0 CPU_HOT(>=25%):0
2026-08-15 10:20:47 HEARTBEAT PROCS:72 TOP_MEM:PID:4000/119.5MB TOP_CPU:PID:5384/0% SYS_CPU:1%-WD:0% SYS_MEM:5.1/32GB(15.9%)-WD:3.8GB(11.9%) TRACKING:0 SPIKES:0 KILLS:0
2026-08-15 10:20:47   DIST CPU_IDLE(<1%):72 CPU_NORMAL(1-25%):0 CPU_HOT(>=25%):0
2026-08-15 10:25:52 HEARTBEAT PROCS:71 TOP_MEM:PID:4000/120.4MB TOP_CPU:PID:7540/0% SYS_CPU:1%-WD:0% SYS_MEM:5.2/32GB(16.2%)-WD:3.8GB(11.9%) TRACKING:0 SPIKES:1 KILLS:0
2026-08-15 10:25:52   DIST CPU_IDLE(<1%):71 CPU_NORMAL(1-25%):0 CPU_HOT(>=25%):0
2026-08-15 10:30:52 HEARTBEAT PROCS:69 TOP_MEM:PID:4000/133.2MB TOP_CPU:PID:4792/0% SYS_CPU:5%-WD:0% SYS_MEM:5.1/32GB(15.9%)-WD:3.8GB(11.9%) TRACKING:0 SPIKES:2 KILLS:0
2026-08-15 10:30:52   DIST CPU_IDLE(<1%):69 CPU_NORMAL(1-25%):0 CPU_HOT(>=25%):0
2026-08-15 10:35:57 HEARTBEAT PROCS:70 TOP_MEM:PID:4000/127.6MB TOP_CPU:PID:5788/0% SYS_CPU:2%-WD:0% SYS_MEM:5.1/32GB(15.9%)-WD:3.7GB(11.6%) TRACKING:0 SPIKES:0 KILLS:0
2026-08-15 10:35:57   DIST CPU_IDLE(<1%):70 CPU_NORMAL(1-25%):0 CPU_HOT(>=25%):0
2026-08-15 10:41:02 HEARTBEAT PROCS:52 TOP_MEM:PID:4000/127.6MB TOP_CPU:PID:8576/0% SYS_CPU:2%-WD:0% SYS_MEM:4.8/32GB(15%)-WD:3.1GB(9.7%) TRACKING:0 SPIKES:2 KILLS:0
2026-08-15 10:41:02   DIST CPU_IDLE(<1%):52 CPU_NORMAL(1-25%):0 CPU_HOT(>=25%):0
2026-08-15 10:46:02 HEARTBEAT PROCS:72 TOP_MEM:PID:4000/127.6MB TOP_CPU:PID:9940/0% SYS_CPU:2%-WD:0% SYS_MEM:5.2/32GB(16.2%)-WD:3.8GB(11.9%) TRACKING:0 SPIKES:0 KILLS:0
2026-08-15 10:46:02   DIST CPU_IDLE(<1%):72 CPU_NORMAL(1-25%):0 CPU_HOT(>=25%):0
2026-08-15 10:51:07 HEARTBEAT PROCS:33 TOP_MEM:PID:4000/126.2MB TOP_CPU:PID:10896/0% SYS_CPU:1%-WD:0% SYS_MEM:4.3/32GB(13.4%)-WD:2.3GB(7.2%) TRACKING:0 SPIKES:2 KILLS:0
2026-08-15 10:51:07   DIST CPU_IDLE(<1%):33 CPU_NORMAL(1-25%):0 CPU_HOT(>=25%):0
2026-08-15 10:56:11 HEARTBEAT PROCS:29 TOP_MEM:PID:5908/168.6MB TOP_CPU:PID:8576/0% SYS_CPU:7%-WD:0% SYS_MEM:4.4/32GB(13.8%)-WD:2.2GB(6.9%) TRACKING:0 SPIKES:0 KILLS:0
2026-08-15 10:56:11   DIST CPU_IDLE(<1%):29 CPU_NORMAL(1-25%):0 CPU_HOT(>=25%):0
2026-08-15 11:01:15 HEARTBEAT PROCS:48 TOP_MEM:PID:4000/126.2MB TOP_CPU:PID:16320/0% SYS_CPU:1%-WD:0% SYS_MEM:4.5/32GB(14.1%)-WD:2.7GB(8.4%) TRACKING:0 SPIKES:3 KILLS:0
2026-08-15 11:01:15   DIST CPU_IDLE(<1%):48 CPU_NORMAL(1-25%):0 CPU_HOT(>=25%):0
2026-08-15 11:06:20 HEARTBEAT PROCS:52 TOP_MEM:PID:4000/126.2MB TOP_CPU:PID:16760/0% SYS_CPU:1%-WD:0% SYS_MEM:4.7/32GB(14.7%)-WD:3GB(9.4%) TRACKING:0 SPIKES:4 KILLS:0
2026-08-15 11:06:20   DIST CPU_IDLE(<1%):52 CPU_NORMAL(1-25%):0 CPU_HOT(>=25%):0
2026-08-15 11:11:25 HEARTBEAT PROCS:36 TOP_MEM:PID:4000/126.2MB TOP_CPU:PID:16112/0.6% SYS_CPU:1%-WD:0.6% SYS_MEM:4.5/32GB(14.1%)-WD:2.5GB(7.8%) TRACKING:0 SPIKES:0 KILLS:0
2026-08-15 11:11:25   DIST CPU_IDLE(<1%):36 CPU_NORMAL(1-25%):0 CPU_HOT(>=25%):0
2026-08-15 11:16:30 HEARTBEAT PROCS:57 TOP_MEM:PID:4000/126.2MB TOP_CPU:PID:13028/0% SYS_CPU:2%-WD:0% SYS_MEM:4.9/32GB(15.3%)-WD:3.3GB(10.3%) TRACKING:0 SPIKES:0 KILLS:0
2026-08-15 11:16:30   DIST CPU_IDLE(<1%):57 CPU_NORMAL(1-25%):0 CPU_HOT(>=25%):0
2026-08-15 11:21:34 HEARTBEAT PROCS:74 TOP_MEM:PID:4000/123.4MB TOP_CPU:PID:7560/0% SYS_CPU:0%-WD:0% SYS_MEM:5.3/32GB(16.6%)-WD:4GB(12.5%) TRACKING:0 SPIKES:3 KILLS:0
2026-08-15 11:21:34   DIST CPU_IDLE(<1%):74 CPU_NORMAL(1-25%):0 CPU_HOT(>=25%):0
2026-08-15 11:26:40 HEARTBEAT PROCS:71 TOP_MEM:PID:13700/168.9MB TOP_CPU:PID:17612/0% SYS_CPU:0%-WD:0% SYS_MEM:5.5/32GB(17.2%)-WD:4.2GB(13.1%) TRACKING:0 SPIKES:0 KILLS:0
2026-08-15 11:26:40   DIST CPU_IDLE(<1%):71 CPU_NORMAL(1-25%):0 CPU_HOT(>=25%):0
2026-08-15 11:31:40 HEARTBEAT PROCS:46 TOP_MEM:PID:4000/127.4MB TOP_CPU:PID:13028/0% SYS_CPU:1%-WD:0% SYS_MEM:4.9/32GB(15.3%)-WD:3.1GB(9.7%) TRACKING:0 SPIKES:4 KILLS:0
2026-08-15 11:31:40   DIST CPU_IDLE(<1%):46 CPU_NORMAL(1-25%):0 CPU_HOT(>=25%):0
2026-08-15 11:36:44 HEARTBEAT PROCS:64 TOP_MEM:PID:4000/127.4MB TOP_CPU:PID:4928/0% SYS_CPU:4%-WD:0% SYS_MEM:5.2/32GB(16.2%)-WD:3.7GB(11.6%) TRACKING:0 SPIKES:0 KILLS:0
2026-08-15 11:36:44   DIST CPU_IDLE(<1%):64 CPU_NORMAL(1-25%):0 CPU_HOT(>=25%):0
2026-08-15 11:41:49 HEARTBEAT PROCS:59 TOP_MEM:PID:4000/127.4MB TOP_CPU:PID:6008/2.1% SYS_CPU:0%-WD:2.1% SYS_MEM:5.1/32GB(15.9%)-WD:3.6GB(11.2%) TRACKING:0 SPIKES:0 KILLS:0
2026-08-15 11:41:49   DIST CPU_IDLE(<1%):58 CPU_NORMAL(1-25%):1 CPU_HOT(>=25%):0
2026-08-15 11:46:54 HEARTBEAT PROCS:57 TOP_MEM:PID:4000/127.4MB TOP_CPU:PID:1716/0% SYS_CPU:4%-WD:0% SYS_MEM:4.9/32GB(15.3%)-WD:3.3GB(10.3%) TRACKING:0 SPIKES:0 KILLS:0
2026-08-15 11:46:54   DIST CPU_IDLE(<1%):57 CPU_NORMAL(1-25%):0 CPU_HOT(>=25%):0
2026-08-15 11:51:59 HEARTBEAT PROCS:45 TOP_MEM:PID:4000/127.4MB TOP_CPU:PID:16668/0% SYS_CPU:1%-WD:0% SYS_MEM:4.6/32GB(14.4%)-WD:2.9GB(9.1%) TRACKING:0 SPIKES:0 KILLS:0
2026-08-15 11:51:59   DIST CPU_IDLE(<1%):45 CPU_NORMAL(1-25%):0 CPU_HOT(>=25%):0
2026-08-15 11:57:04 HEARTBEAT PROCS:70 TOP_MEM:PID:4000/120.4MB TOP_CPU:PID:5924/0% SYS_CPU:0%-WD:0% SYS_MEM:5.2/32GB(16.2%)-WD:3.8GB(11.9%) TRACKING:0 SPIKES:0 KILLS:0
2026-08-15 11:57:04   DIST CPU_IDLE(<1%):70 CPU_NORMAL(1-25%):0 CPU_HOT(>=25%):0
2026-08-15 12:02:09 HEARTBEAT PROCS:51 TOP_MEM:PID:4000/117.8MB TOP_CPU:PID:5636/0% SYS_CPU:2%-WD:0% SYS_MEM:4.8/32GB(15%)-WD:3.1GB(9.7%) TRACKING:0 SPIKES:2 KILLS:0
2026-08-15 12:02:09   DIST CPU_IDLE(<1%):51 CPU_NORMAL(1-25%):0 CPU_HOT(>=25%):0
2026-08-15 12:07:14 HEARTBEAT PROCS:45 TOP_MEM:PID:4000/117.8MB TOP_CPU:PID:13204/2.9% SYS_CPU:1%-WD:2.9% SYS_MEM:4.7/32GB(14.7%)-WD:2.9GB(9.1%) TRACKING:0 SPIKES:0 KILLS:0
2026-08-15 12:07:14   DIST CPU_IDLE(<1%):44 CPU_NORMAL(1-25%):1 CPU_HOT(>=25%):0
2026-08-15 12:12:19 HEARTBEAT PROCS:59 TOP_MEM:PID:4000/120.3MB TOP_CPU:PID:8576/0% SYS_CPU:5%-WD:0% SYS_MEM:4.9/32GB(15.3%)-WD:3.3GB(10.3%) TRACKING:0 SPIKES:0 KILLS:0
2026-08-15 12:12:19   DIST CPU_IDLE(<1%):59 CPU_NORMAL(1-25%):0 CPU_HOT(>=25%):0
2026-08-15 12:17:23 HEARTBEAT PROCS:53 TOP_MEM:PID:4000/129.2MB TOP_CPU:PID:6788/0% SYS_CPU:1%-WD:0% SYS_MEM:4.8/32GB(15%)-WD:3.2GB(10%) TRACKING:0 SPIKES:0 KILLS:0
2026-08-15 12:17:23   DIST CPU_IDLE(<1%):53 CPU_NORMAL(1-25%):0 CPU_HOT(>=25%):0
2026-08-15 12:22:28 HEARTBEAT PROCS:53 TOP_MEM:PID:4000/129.2MB TOP_CPU:PID:6008/1.4% SYS_CPU:1%-WD:1.4% SYS_MEM:4.9/32GB(15.3%)-WD:3.2GB(10%) TRACKING:0 SPIKES:0 KILLS:0
2026-08-15 12:22:28   DIST CPU_IDLE(<1%):52 CPU_NORMAL(1-25%):1 CPU_HOT(>=25%):0
2026-08-15 12:27:33 HEARTBEAT PROCS:47 TOP_MEM:PID:10612/116.5MB TOP_CPU:PID:10420/8% SYS_CPU:0%-WD:8% SYS_MEM:4.6/32GB(14.4%)-WD:2.8GB(8.8%) TRACKING:0 SPIKES:0 KILLS:0
2026-08-15 12:27:33   DIST CPU_IDLE(<1%):46 CPU_NORMAL(1-25%):1 CPU_HOT(>=25%):0
2026-08-15 12:32:38 HEARTBEAT PROCS:49 TOP_MEM:PID:10612/116.5MB TOP_CPU:PID:3204/0.6% SYS_CPU:4%-WD:0.6% SYS_MEM:4.8/32GB(15%)-WD:3GB(9.4%) TRACKING:0 SPIKES:0 KILLS:0
2026-08-15 12:32:38   DIST CPU_IDLE(<1%):49 CPU_NORMAL(1-25%):0 CPU_HOT(>=25%):0
2026-08-15 12:37:43 HEARTBEAT PROCS:60 TOP_MEM:PID:4000/135.6MB TOP_CPU:PID:14280/0% SYS_CPU:0%-WD:0% SYS_MEM:5/32GB(15.6%)-WD:3.5GB(10.9%) TRACKING:0 SPIKES:0 KILLS:0
2026-08-15 12:37:43   DIST CPU_IDLE(<1%):60 CPU_NORMAL(1-25%):0 CPU_HOT(>=25%):0
2026-08-15 12:42:48 HEARTBEAT PROCS:49 TOP_MEM:PID:17628/131.4MB TOP_CPU:PID:11596/0% SYS_CPU:1%-WD:0% SYS_MEM:5/32GB(15.6%)-WD:3.2GB(10%) TRACKING:0 SPIKES:2 KILLS:0
2026-08-15 12:42:48   DIST CPU_IDLE(<1%):49 CPU_NORMAL(1-25%):0 CPU_HOT(>=25%):0
2026-08-15 12:47:52 HEARTBEAT PROCS:54 TOP_MEM:PID:17628/131.4MB TOP_CPU:PID:5636/0% SYS_CPU:1%-WD:0% SYS_MEM:5.4/32GB(16.9%)-WD:3.5GB(10.9%) TRACKING:0 SPIKES:0 KILLS:0
2026-08-15 12:47:52   DIST CPU_IDLE(<1%):54 CPU_NORMAL(1-25%):0 CPU_HOT(>=25%):0
2026-08-15 12:52:57 HEARTBEAT PROCS:52 TOP_MEM:PID:5052/163.1MB TOP_CPU:PID:5368/0% SYS_CPU:0%-WD:0% SYS_MEM:5.2/32GB(16.2%)-WD:3.3GB(10.3%) TRACKING:0 SPIKES:0 KILLS:0
2026-08-15 12:52:57   DIST CPU_IDLE(<1%):52 CPU_NORMAL(1-25%):0 CPU_HOT(>=25%):0
2026-08-15 12:58:02 HEARTBEAT PROCS:74 TOP_MEM:PID:4000/119.9MB TOP_CPU:PID:15064/0% SYS_CPU:0%-WD:0% SYS_MEM:5.5/32GB(17.2%)-WD:4GB(12.5%) TRACKING:0 SPIKES:0 KILLS:0
2026-08-15 12:58:02   DIST CPU_IDLE(<1%):74 CPU_NORMAL(1-25%):0 CPU_HOT(>=25%):0
2026-08-15 13:03:07 HEARTBEAT PROCS:36 TOP_MEM:PID:4000/119.9MB TOP_CPU:PID:5636/0% SYS_CPU:0%-WD:0% SYS_MEM:4.3/32GB(13.4%)-WD:2.3GB(7.2%) TRACKING:0 SPIKES:1 KILLS:0
2026-08-15 13:03:07   DIST CPU_IDLE(<1%):36 CPU_NORMAL(1-25%):0 CPU_HOT(>=25%):0
2026-08-15 13:08:12 HEARTBEAT PROCS:36 TOP_MEM:PID:4000/130.1MB TOP_CPU:PID:17688/11.8% SYS_CPU:1%-WD:11.8% SYS_MEM:4.3/32GB(13.4%)-WD:2.2GB(6.9%) TRACKING:0 SPIKES:1 KILLS:0
2026-08-15 13:08:12   DIST CPU_IDLE(<1%):35 CPU_NORMAL(1-25%):1 CPU_HOT(>=25%):0
2026-08-15 13:13:16 HEARTBEAT PROCS:32 TOP_MEM:PID:11596/103.1MB TOP_CPU:PID:17044/0% SYS_CPU:1%-WD:0% SYS_MEM:4/32GB(12.5%)-WD:1.9GB(5.9%) TRACKING:0 SPIKES:0 KILLS:0
2026-08-15 13:13:16   DIST CPU_IDLE(<1%):32 CPU_NORMAL(1-25%):0 CPU_HOT(>=25%):0
2026-08-15 13:18:20 HEARTBEAT PROCS:40 TOP_MEM:PID:6008/103.9MB TOP_CPU:PID:13028/0% SYS_CPU:1%-WD:0% SYS_MEM:4.2/32GB(13.1%)-WD:2.2GB(6.9%) TRACKING:0 SPIKES:0 KILLS:0
2026-08-15 13:18:20   DIST CPU_IDLE(<1%):40 CPU_NORMAL(1-25%):0 CPU_HOT(>=25%):0
2026-08-15 13:23:25 HEARTBEAT PROCS:35 TOP_MEM:PID:6008/103.3MB TOP_CPU:PID:13028/0% SYS_CPU:1%-WD:0% SYS_MEM:4/32GB(12.5%)-WD:2GB(6.2%) TRACKING:0 SPIKES:1 KILLS:0
2026-08-15 13:23:25   DIST CPU_IDLE(<1%):35 CPU_NORMAL(1-25%):0 CPU_HOT(>=25%):0
2026-08-15 13:28:30 HEARTBEAT PROCS:49 TOP_MEM:PID:6008/108.1MB TOP_CPU:PID:18004/0% SYS_CPU:1%-WD:0% SYS_MEM:4.4/32GB(13.8%)-WD:2.6GB(8.1%) TRACKING:0 SPIKES:3 KILLS:0
2026-08-15 13:28:30   DIST CPU_IDLE(<1%):49 CPU_NORMAL(1-25%):0 CPU_HOT(>=25%):0
2026-08-15 13:33:34 HEARTBEAT PROCS:38 TOP_MEM:PID:6008/107.7MB TOP_CPU:PID:13028/0% SYS_CPU:1%-WD:0% SYS_MEM:4.1/32GB(12.8%)-WD:2.1GB(6.6%) TRACKING:0 SPIKES:3 KILLS:0
2026-08-15 13:33:34   DIST CPU_IDLE(<1%):38 CPU_NORMAL(1-25%):0 CPU_HOT(>=25%):0
2026-08-15 13:38:39 HEARTBEAT PROCS:34 TOP_MEM:PID:6008/107.7MB TOP_CPU:PID:8640/0% SYS_CPU:1%-WD:0% SYS_MEM:3.9/32GB(12.2%)-WD:1.8GB(5.6%) TRACKING:0 SPIKES:0 KILLS:0
2026-08-15 13:38:39   DIST CPU_IDLE(<1%):34 CPU_NORMAL(1-25%):0 CPU_HOT(>=25%):0
2026-08-15 13:43:44 HEARTBEAT PROCS:45 TOP_MEM:PID:6008/107.8MB TOP_CPU:PID:15244/0% SYS_CPU:1%-WD:0% SYS_MEM:4.2/32GB(13.1%)-WD:2.4GB(7.5%) TRACKING:0 SPIKES:2 KILLS:0
2026-08-15 13:43:44   DIST CPU_IDLE(<1%):45 CPU_NORMAL(1-25%):0 CPU_HOT(>=25%):0
2026-08-15 13:48:48 HEARTBEAT PROCS:23 TOP_MEM:PID:6008/107.8MB TOP_CPU:PID:6068/0% SYS_CPU:0%-WD:0% SYS_MEM:3.8/32GB(11.9%)-WD:1.5GB(4.7%) TRACKING:0 SPIKES:0 KILLS:0
2026-08-15 13:48:48   DIST CPU_IDLE(<1%):23 CPU_NORMAL(1-25%):0 CPU_HOT(>=25%):0
2026-08-15 13:53:51 HEARTBEAT PROCS:23 TOP_MEM:PID:6008/109.9MB TOP_CPU:PID:14292/0% SYS_CPU:2%-WD:0% SYS_MEM:3.8/32GB(11.9%)-WD:1.5GB(4.7%) TRACKING:0 SPIKES:2 KILLS:0
2026-08-15 13:53:51   DIST CPU_IDLE(<1%):23 CPU_NORMAL(1-25%):0 CPU_HOT(>=25%):0
2026-08-15 13:58:56 HEARTBEAT PROCS:25 TOP_MEM:PID:6008/108.1MB TOP_CPU:PID:10076/0% SYS_CPU:1%-WD:0% SYS_MEM:3.6/32GB(11.2%)-WD:1.5GB(4.7%) TRACKING:0 SPIKES:0 KILLS:0
2026-08-15 13:58:56   DIST CPU_IDLE(<1%):25 CPU_NORMAL(1-25%):0 CPU_HOT(>=25%):0
2026-08-15 14:03:59 HEARTBEAT PROCS:28 TOP_MEM:PID:6008/108.1MB TOP_CPU:PID:9200/0% SYS_CPU:2%-WD:0% SYS_MEM:3.7/32GB(11.6%)-WD:1.5GB(4.7%) TRACKING:0 SPIKES:0 KILLS:0
2026-08-15 14:03:59   DIST CPU_IDLE(<1%):28 CPU_NORMAL(1-25%):0 CPU_HOT(>=25%):0
2026-08-15 14:09:03 HEARTBEAT PROCS:27 TOP_MEM:PID:6008/108.1MB TOP_CPU:PID:11596/0% SYS_CPU:1%-WD:0% SYS_MEM:3.6/32GB(11.2%)-WD:1.4GB(4.4%) TRACKING:0 SPIKES:1 KILLS:0
2026-08-15 14:09:03   DIST CPU_IDLE(<1%):27 CPU_NORMAL(1-25%):0 CPU_HOT(>=25%):0
2026-08-15 14:14:08 HEARTBEAT PROCS:38 TOP_MEM:PID:7420/169.5MB TOP_CPU:PID:11124/0% SYS_CPU:1%-WD:0% SYS_MEM:4.1/32GB(12.8%)-WD:2.2GB(6.9%) TRACKING:0 SPIKES:1 KILLS:0
2026-08-15 14:14:08   DIST CPU_IDLE(<1%):38 CPU_NORMAL(1-25%):0 CPU_HOT(>=25%):0
2026-08-15 14:19:12 HEARTBEAT PROCS:45 TOP_MEM:PID:6008/109MB TOP_CPU:PID:9108/0% SYS_CPU:0%-WD:0% SYS_MEM:4.1/32GB(12.8%)-WD:2.3GB(7.2%) TRACKING:0 SPIKES:8 KILLS:0
2026-08-15 14:19:12   DIST CPU_IDLE(<1%):45 CPU_NORMAL(1-25%):0 CPU_HOT(>=25%):0
2026-08-15 14:24:16 HEARTBEAT PROCS:20 TOP_MEM:PID:6008/108.5MB TOP_CPU:PID:11072/0% SYS_CPU:1%-WD:0% SYS_MEM:3.6/32GB(11.2%)-WD:1.2GB(3.8%) TRACKING:0 SPIKES:1 KILLS:0
2026-08-15 14:24:16   DIST CPU_IDLE(<1%):20 CPU_NORMAL(1-25%):0 CPU_HOT(>=25%):0
2026-08-15 14:29:21 HEARTBEAT PROCS:23 TOP_MEM:PID:6008/107.6MB TOP_CPU:PID:2456/0% SYS_CPU:1%-WD:0% SYS_MEM:3.6/32GB(11.2%)-WD:1.3GB(4.1%) TRACKING:0 SPIKES:1 KILLS:0
2026-08-15 14:29:21   DIST CPU_IDLE(<1%):23 CPU_NORMAL(1-25%):0 CPU_HOT(>=25%):0
2026-08-15 14:34:25 HEARTBEAT PROCS:39 TOP_MEM:PID:6008/107.6MB TOP_CPU:PID:12188/5.1% SYS_CPU:1%-WD:5.1% SYS_MEM:4/32GB(12.5%)-WD:2GB(6.2%) TRACKING:0 SPIKES:0 KILLS:0
2026-08-15 14:34:25   DIST CPU_IDLE(<1%):38 CPU_NORMAL(1-25%):1 CPU_HOT(>=25%):0
2026-08-15 14:39:29 HEARTBEAT PROCS:25 TOP_MEM:PID:6008/107.6MB TOP_CPU:PID:11620/2.8% SYS_CPU:2%-WD:2.8% SYS_MEM:3.7/32GB(11.6%)-WD:1.5GB(4.7%) TRACKING:0 SPIKES:2 KILLS:0
2026-08-15 14:39:29   DIST CPU_IDLE(<1%):24 CPU_NORMAL(1-25%):1 CPU_HOT(>=25%):0
2026-08-15 14:44:33 HEARTBEAT PROCS:24 TOP_MEM:PID:6008/107.6MB TOP_CPU:PID:13516/0% SYS_CPU:0%-WD:0% SYS_MEM:3.7/32GB(11.6%)-WD:1.4GB(4.4%) TRACKING:0 SPIKES:0 KILLS:0
2026-08-15 14:44:33   DIST CPU_IDLE(<1%):24 CPU_NORMAL(1-25%):0 CPU_HOT(>=25%):0
2026-08-15 14:49:37 HEARTBEAT PROCS:34 TOP_MEM:PID:6008/108.1MB TOP_CPU:PID:11596/0% SYS_CPU:2%-WD:0% SYS_MEM:3.9/32GB(12.2%)-WD:1.8GB(5.6%) TRACKING:0 SPIKES:0 KILLS:0
2026-08-15 14:49:37   DIST CPU_IDLE(<1%):34 CPU_NORMAL(1-25%):0 CPU_HOT(>=25%):0
2026-08-15 14:54:41 HEARTBEAT PROCS:40 TOP_MEM:PID:11596/102.4MB TOP_CPU:PID:5372/0% SYS_CPU:2%-WD:0% SYS_MEM:4/32GB(12.5%)-WD:2GB(6.2%) TRACKING:0 SPIKES:0 KILLS:0
2026-08-15 14:54:41   DIST CPU_IDLE(<1%):40 CPU_NORMAL(1-25%):0 CPU_HOT(>=25%):0
2026-08-15 14:59:45 HEARTBEAT PROCS:19 TOP_MEM:PID:11596/102.4MB TOP_CPU:PID:7572/0% SYS_CPU:2%-WD:0% SYS_MEM:3.6/32GB(11.2%)-WD:1.3GB(4.1%) TRACKING:0 SPIKES:0 KILLS:0
2026-08-15 14:59:45   DIST CPU_IDLE(<1%):19 CPU_NORMAL(1-25%):0 CPU_HOT(>=25%):0
2026-08-15 15:04:50 HEARTBEAT PROCS:30 TOP_MEM:PID:15528/104.6MB TOP_CPU:PID:7060/0% SYS_CPU:4%-WD:0% SYS_MEM:3.8/32GB(11.9%)-WD:1.7GB(5.3%) TRACKING:0 SPIKES:1 KILLS:0
2026-08-15 15:04:50   DIST CPU_IDLE(<1%):30 CPU_NORMAL(1-25%):0 CPU_HOT(>=25%):0
2026-08-15 15:09:53 HEARTBEAT PROCS:29 TOP_MEM:PID:15528/106.9MB TOP_CPU:PID:12212/0% SYS_CPU:0%-WD:0% SYS_MEM:3.8/32GB(11.9%)-WD:1.6GB(5%) TRACKING:0 SPIKES:0 KILLS:0
2026-08-15 15:09:53   DIST CPU_IDLE(<1%):29 CPU_NORMAL(1-25%):0 CPU_HOT(>=25%):0
2026-08-15 15:14:57 HEARTBEAT PROCS:16 TOP_MEM:PID:15528/108.8MB TOP_CPU:PID:3124/0% SYS_CPU:1%-WD:0% SYS_MEM:3.5/32GB(10.9%)-WD:1.1GB(3.4%) TRACKING:0 SPIKES:0 KILLS:0
2026-08-15 15:14:57   DIST CPU_IDLE(<1%):16 CPU_NORMAL(1-25%):0 CPU_HOT(>=25%):0
2026-08-15 15:20:01 HEARTBEAT PROCS:18 TOP_MEM:PID:15528/108.8MB TOP_CPU:PID:11596/0% SYS_CPU:1%-WD:0% SYS_MEM:3.5/32GB(10.9%)-WD:1.2GB(3.8%) TRACKING:0 SPIKES:0 KILLS:0
2026-08-15 15:20:01   DIST CPU_IDLE(<1%):18 CPU_NORMAL(1-25%):0 CPU_HOT(>=25%):0
2026-08-15 15:25:05 HEARTBEAT PROCS:26 TOP_MEM:PID:11596/103.2MB TOP_CPU:PID:12592/0% SYS_CPU:0%-WD:0% SYS_MEM:3.6/32GB(11.2%)-WD:1.4GB(4.4%) TRACKING:0 SPIKES:0 KILLS:0
2026-08-15 15:25:05   DIST CPU_IDLE(<1%):26 CPU_NORMAL(1-25%):0 CPU_HOT(>=25%):0
2026-08-15 15:30:09 HEARTBEAT PROCS:15 TOP_MEM:PID:18240/163.4MB TOP_CPU:PID:3404/0% SYS_CPU:1%-WD:0% SYS_MEM:3.5/32GB(10.9%)-WD:1.1GB(3.4%) TRACKING:0 SPIKES:0 KILLS:0
2026-08-15 15:30:09   DIST CPU_IDLE(<1%):15 CPU_NORMAL(1-25%):0 CPU_HOT(>=25%):0
2026-08-15 15:35:13 HEARTBEAT PROCS:14 TOP_MEM:PID:18240/163.6MB TOP_CPU:PID:7412/0% SYS_CPU:1%-WD:0% SYS_MEM:3.5/32GB(10.9%)-WD:1GB(3.1%) TRACKING:0 SPIKES:1 KILLS:0
2026-08-15 15:35:13   DIST CPU_IDLE(<1%):14 CPU_NORMAL(1-25%):0 CPU_HOT(>=25%):0
2026-08-15 15:40:17 HEARTBEAT PROCS:24 TOP_MEM:PID:18240/163.6MB TOP_CPU:PID:18240/0% SYS_CPU:1%-WD:0% SYS_MEM:3.6/32GB(11.2%)-WD:1.3GB(4.1%) TRACKING:0 SPIKES:0 KILLS:0
2026-08-15 15:40:17   DIST CPU_IDLE(<1%):24 CPU_NORMAL(1-25%):0 CPU_HOT(>=25%):0
2026-08-15 15:45:21 HEARTBEAT PROCS:36 TOP_MEM:PID:18240/163.5MB TOP_CPU:PID:3848/0% SYS_CPU:1%-WD:0% SYS_MEM:3.9/32GB(12.2%)-WD:1.9GB(5.9%) TRACKING:0 SPIKES:0 KILLS:0
2026-08-15 15:45:21   DIST CPU_IDLE(<1%):36 CPU_NORMAL(1-25%):0 CPU_HOT(>=25%):0
2026-08-15 15:50:26 HEARTBEAT PROCS:22 TOP_MEM:PID:9360/103.6MB TOP_CPU:PID:11596/0% SYS_CPU:0%-WD:0% SYS_MEM:3.5/32GB(10.9%)-WD:1.2GB(3.8%) TRACKING:0 SPIKES:4 KILLS:0
2026-08-15 15:50:26   DIST CPU_IDLE(<1%):22 CPU_NORMAL(1-25%):0 CPU_HOT(>=25%):0
2026-08-15 15:55:29 HEARTBEAT PROCS:16 TOP_MEM:PID:9360/104MB TOP_CPU:PID:6300/0% SYS_CPU:1%-WD:0% SYS_MEM:3.4/32GB(10.6%)-WD:1GB(3.1%) TRACKING:0 SPIKES:0 KILLS:0
2026-08-15 15:55:29   DIST CPU_IDLE(<1%):16 CPU_NORMAL(1-25%):0 CPU_HOT(>=25%):0
2026-08-15 16:00:33 HEARTBEAT PROCS:20 TOP_MEM:PID:9360/105.6MB TOP_CPU:PID:7000/0% SYS_CPU:1%-WD:0% SYS_MEM:3.5/32GB(10.9%)-WD:1.1GB(3.4%) TRACKING:0 SPIKES:0 KILLS:0
2026-08-15 16:00:33   DIST CPU_IDLE(<1%):20 CPU_NORMAL(1-25%):0 CPU_HOT(>=25%):0
2026-08-15 16:05:37 HEARTBEAT PROCS:27 TOP_MEM:PID:9360/105.5MB TOP_CPU:PID:10804/0% SYS_CPU:0%-WD:0% SYS_MEM:3.6/32GB(11.2%)-WD:1.4GB(4.4%) TRACKING:0 SPIKES:0 KILLS:0
2026-08-15 16:05:37   DIST CPU_IDLE(<1%):27 CPU_NORMAL(1-25%):0 CPU_HOT(>=25%):0
2026-08-15 16:10:41 HEARTBEAT PROCS:18 TOP_MEM:PID:9360/105.4MB TOP_CPU:PID:9092/2.9% SYS_CPU:1%-WD:2.9% SYS_MEM:3.5/32GB(10.9%)-WD:1.1GB(3.4%) TRACKING:0 SPIKES:0 KILLS:0
2026-08-15 16:10:41   DIST CPU_IDLE(<1%):17 CPU_NORMAL(1-25%):1 CPU_HOT(>=25%):0
2026-08-15 16:15:45 HEARTBEAT PROCS:18 TOP_MEM:PID:9360/104.6MB TOP_CPU:PID:6300/0% SYS_CPU:2%-WD:0% SYS_MEM:3.5/32GB(10.9%)-WD:1.1GB(3.4%) TRACKING:0 SPIKES:0 KILLS:0
2026-08-15 16:15:45   DIST CPU_IDLE(<1%):18 CPU_NORMAL(1-25%):0 CPU_HOT(>=25%):0
2026-08-15 16:20:49 HEARTBEAT PROCS:26 TOP_MEM:PID:9360/106.2MB TOP_CPU:PID:15108/0% SYS_CPU:0%-WD:0% SYS_MEM:3.7/32GB(11.6%)-WD:1.4GB(4.4%) TRACKING:0 SPIKES:0 KILLS:0
2026-08-15 16:20:49   DIST CPU_IDLE(<1%):26 CPU_NORMAL(1-25%):0 CPU_HOT(>=25%):0
2026-08-15 16:25:53 HEARTBEAT PROCS:40 TOP_MEM:PID:9360/108.1MB TOP_CPU:PID:7608/2.9% SYS_CPU:1%-WD:2.9% SYS_MEM:3.9/32GB(12.2%)-WD:2GB(6.2%) TRACKING:0 SPIKES:1 KILLS:0
2026-08-15 16:25:53   DIST CPU_IDLE(<1%):39 CPU_NORMAL(1-25%):1 CPU_HOT(>=25%):0
2026-08-15 16:30:57 HEARTBEAT PROCS:33 TOP_MEM:PID:9360/108.1MB TOP_CPU:PID:12092/5.1% SYS_CPU:1%-WD:8.7% SYS_MEM:3.8/32GB(11.9%)-WD:1.7GB(5.3%) TRACKING:0 SPIKES:2 KILLS:0
2026-08-15 16:30:57   DIST CPU_IDLE(<1%):31 CPU_NORMAL(1-25%):2 CPU_HOT(>=25%):0
2026-08-15 16:36:01 HEARTBEAT PROCS:28 TOP_MEM:PID:15892/109.3MB TOP_CPU:PID:9020/0% SYS_CPU:1%-WD:0% SYS_MEM:3.7/32GB(11.6%)-WD:1.6GB(5%) TRACKING:0 SPIKES:0 KILLS:0
2026-08-15 16:36:01   DIST CPU_IDLE(<1%):28 CPU_NORMAL(1-25%):0 CPU_HOT(>=25%):0
2026-08-15 16:41:05 HEARTBEAT PROCS:37 TOP_MEM:PID:15892/114MB TOP_CPU:PID:11596/0% SYS_CPU:1%-WD:0% SYS_MEM:3.9/32GB(12.2%)-WD:1.9GB(5.9%) TRACKING:0 SPIKES:0 KILLS:0
2026-08-15 16:41:05   DIST CPU_IDLE(<1%):37 CPU_NORMAL(1-25%):0 CPU_HOT(>=25%):0
2026-08-15 16:46:10 HEARTBEAT PROCS:38 TOP_MEM:PID:15892/115.3MB TOP_CPU:PID:15892/0% SYS_CPU:1%-WD:0% SYS_MEM:3.7/32GB(11.6%)-WD:1.8GB(5.6%) TRACKING:0 SPIKES:0 KILLS:0
2026-08-15 16:46:10   DIST CPU_IDLE(<1%):38 CPU_NORMAL(1-25%):0 CPU_HOT(>=25%):0
2026-08-15 16:51:13 HEARTBEAT PROCS:19 TOP_MEM:PID:15892/115.3MB TOP_CPU:PID:12704/0% SYS_CPU:1%-WD:0% SYS_MEM:3.5/32GB(10.9%)-WD:1.1GB(3.4%) TRACKING:0 SPIKES:0 KILLS:0
2026-08-15 16:51:13   DIST CPU_IDLE(<1%):19 CPU_NORMAL(1-25%):0 CPU_HOT(>=25%):0
2026-08-15 16:56:18 HEARTBEAT PROCS:18 TOP_MEM:PID:15892/116.3MB TOP_CPU:PID:16736/0% SYS_CPU:2%-WD:0% SYS_MEM:3.5/32GB(10.9%)-WD:1.1GB(3.4%) TRACKING:0 SPIKES:0 KILLS:0
2026-08-15 16:56:18   DIST CPU_IDLE(<1%):18 CPU_NORMAL(1-25%):0 CPU_HOT(>=25%):0
2026-08-15 17:01:21 HEARTBEAT PROCS:19 TOP_MEM:PID:15892/116.1MB TOP_CPU:PID:11596/0% SYS_CPU:1%-WD:0% SYS_MEM:3.4/32GB(10.6%)-WD:1GB(3.1%) TRACKING:0 SPIKES:0 KILLS:0
2026-08-15 17:01:21   DIST CPU_IDLE(<1%):19 CPU_NORMAL(1-25%):0 CPU_HOT(>=25%):0
2026-08-15 17:06:25 HEARTBEAT PROCS:25 TOP_MEM:PID:15892/116MB TOP_CPU:PID:5564/0% SYS_CPU:0%-WD:0% SYS_MEM:3.6/32GB(11.2%)-WD:1.4GB(4.4%) TRACKING:0 SPIKES:0 KILLS:0
2026-08-15 17:06:25   DIST CPU_IDLE(<1%):25 CPU_NORMAL(1-25%):0 CPU_HOT(>=25%):0
2026-08-15 17:11:30 HEARTBEAT PROCS:22 TOP_MEM:PID:15892/117.5MB TOP_CPU:PID:11560/0% SYS_CPU:1%-WD:0% SYS_MEM:3.5/32GB(10.9%)-WD:1.2GB(3.8%) TRACKING:0 SPIKES:2 KILLS:0
2026-08-15 17:11:30   DIST CPU_IDLE(<1%):22 CPU_NORMAL(1-25%):0 CPU_HOT(>=25%):0
2026-08-15 17:16:33 HEARTBEAT PROCS:23 TOP_MEM:PID:15892/122.9MB TOP_CPU:PID:11596/0% SYS_CPU:0%-WD:0% SYS_MEM:3.5/32GB(10.9%)-WD:1.2GB(3.8%) TRACKING:0 SPIKES:1 KILLS:0
2026-08-15 17:16:33   DIST CPU_IDLE(<1%):23 CPU_NORMAL(1-25%):0 CPU_HOT(>=25%):0
2026-08-15 17:21:37 HEARTBEAT PROCS:10 TOP_MEM:PID:15892/122.9MB TOP_CPU:PID:8084/0% SYS_CPU:0%-WD:0% SYS_MEM:3.3/32GB(10.3%)-WD:0.8GB(2.5%) TRACKING:0 SPIKES:0 KILLS:0
2026-08-15 17:21:37   DIST CPU_IDLE(<1%):10 CPU_NORMAL(1-25%):0 CPU_HOT(>=25%):0
2026-08-15 17:26:41 HEARTBEAT PROCS:15 TOP_MEM:PID:15892/124.2MB TOP_CPU:PID:5564/0% SYS_CPU:2%-WD:0% SYS_MEM:3.4/32GB(10.6%)-WD:0.9GB(2.8%) TRACKING:0 SPIKES:0 KILLS:0
2026-08-15 17:26:41   DIST CPU_IDLE(<1%):15 CPU_NORMAL(1-25%):0 CPU_HOT(>=25%):0
2026-08-15 17:31:45 HEARTBEAT PROCS:23 TOP_MEM:PID:15892/124.1MB TOP_CPU:PID:5564/0% SYS_CPU:5%-WD:0% SYS_MEM:3.5/32GB(10.9%)-WD:1.2GB(3.8%) TRACKING:0 SPIKES:0 KILLS:0
2026-08-15 17:31:45   DIST CPU_IDLE(<1%):23 CPU_NORMAL(1-25%):0 CPU_HOT(>=25%):0
2026-08-15 17:36:49 HEARTBEAT PROCS:29 TOP_MEM:PID:15892/118.2MB TOP_CPU:PID:5564/0% SYS_CPU:1%-WD:0% SYS_MEM:3.7/32GB(11.6%)-WD:1.5GB(4.7%) TRACKING:0 SPIKES:0 KILLS:0
2026-08-15 17:36:49   DIST CPU_IDLE(<1%):29 CPU_NORMAL(1-25%):0 CPU_HOT(>=25%):0
2026-08-15 17:41:53 HEARTBEAT PROCS:29 TOP_MEM:PID:15892/127.3MB TOP_CPU:PID:9736/0% SYS_CPU:1%-WD:0% SYS_MEM:3.7/32GB(11.6%)-WD:1.6GB(5%) TRACKING:0 SPIKES:0 KILLS:0
2026-08-15 17:41:53   DIST CPU_IDLE(<1%):29 CPU_NORMAL(1-25%):0 CPU_HOT(>=25%):0
2026-08-15 17:46:57 HEARTBEAT PROCS:23 TOP_MEM:PID:15892/127.8MB TOP_CPU:PID:5564/0% SYS_CPU:0%-WD:0% SYS_MEM:3.6/32GB(11.2%)-WD:1.3GB(4.1%) TRACKING:0 SPIKES:0 KILLS:0
2026-08-15 17:46:57   DIST CPU_IDLE(<1%):23 CPU_NORMAL(1-25%):0 CPU_HOT(>=25%):0
2026-08-15 17:52:01 HEARTBEAT PROCS:17 TOP_MEM:PID:15892/127.5MB TOP_CPU:PID:11740/0% SYS_CPU:2%-WD:0% SYS_MEM:3.5/32GB(10.9%)-WD:1.1GB(3.4%) TRACKING:0 SPIKES:0 KILLS:0
2026-08-15 17:52:01   DIST CPU_IDLE(<1%):17 CPU_NORMAL(1-25%):0 CPU_HOT(>=25%):0
2026-08-15 17:57:05 HEARTBEAT PROCS:34 TOP_MEM:PID:15892/128.8MB TOP_CPU:PID:16052/0% SYS_CPU:1%-WD:0% SYS_MEM:3.9/32GB(12.2%)-WD:1.8GB(5.6%) TRACKING:0 SPIKES:0 KILLS:0
2026-08-15 17:57:05   DIST CPU_IDLE(<1%):34 CPU_NORMAL(1-25%):0 CPU_HOT(>=25%):0
2026-08-15 18:02:09 HEARTBEAT PROCS:23 TOP_MEM:PID:8084/104.2MB TOP_CPU:PID:18028/0% SYS_CPU:1%-WD:0% SYS_MEM:3.5/32GB(10.9%)-WD:1.3GB(4.1%) TRACKING:0 SPIKES:0 KILLS:0
2026-08-15 18:02:09   DIST CPU_IDLE(<1%):23 CPU_NORMAL(1-25%):0 CPU_HOT(>=25%):0
2026-08-15 18:07:12 HEARTBEAT PROCS:29 TOP_MEM:PID:8084/104.2MB TOP_CPU:PID:14888/0% SYS_CPU:1%-WD:0% SYS_MEM:3.6/32GB(11.2%)-WD:1.4GB(4.4%) TRACKING:0 SPIKES:0 KILLS:0
2026-08-15 18:07:12   DIST CPU_IDLE(<1%):29 CPU_NORMAL(1-25%):0 CPU_HOT(>=25%):0
2026-08-15 18:12:16 HEARTBEAT PROCS:31 TOP_MEM:PID:8084/104.2MB TOP_CPU:PID:18176/0% SYS_CPU:0%-WD:0% SYS_MEM:3.7/32GB(11.6%)-WD:1.5GB(4.7%) TRACKING:0 SPIKES:3 KILLS:0
2026-08-15 18:12:16   DIST CPU_IDLE(<1%):31 CPU_NORMAL(1-25%):0 CPU_HOT(>=25%):0
2026-08-15 18:17:20 HEARTBEAT PROCS:22 TOP_MEM:PID:8084/104.2MB TOP_CPU:PID:10684/0% SYS_CPU:1%-WD:0% SYS_MEM:3.5/32GB(10.9%)-WD:1.2GB(3.8%) TRACKING:0 SPIKES:0 KILLS:0
2026-08-15 18:17:20   DIST CPU_IDLE(<1%):22 CPU_NORMAL(1-25%):0 CPU_HOT(>=25%):0
2026-08-15 18:22:24 HEARTBEAT PROCS:19 TOP_MEM:PID:8084/104.2MB TOP_CPU:PID:9412/0% SYS_CPU:1%-WD:0% SYS_MEM:3.4/32GB(10.6%)-WD:1.1GB(3.4%) TRACKING:0 SPIKES:0 KILLS:0
2026-08-15 18:22:24   DIST CPU_IDLE(<1%):19 CPU_NORMAL(1-25%):0 CPU_HOT(>=25%):0
2026-08-15 18:27:28 HEARTBEAT PROCS:21 TOP_MEM:PID:8084/104.2MB TOP_CPU:PID:5564/0% SYS_CPU:1%-WD:0% SYS_MEM:3.5/32GB(10.9%)-WD:1.1GB(3.4%) TRACKING:0 SPIKES:1 KILLS:0
2026-08-15 18:27:28   DIST CPU_IDLE(<1%):21 CPU_NORMAL(1-25%):0 CPU_HOT(>=25%):0
2026-08-15 18:32:32 HEARTBEAT PROCS:30 TOP_MEM:PID:8084/104.2MB TOP_CPU:PID:8136/0% SYS_CPU:4%-WD:0% SYS_MEM:3.7/32GB(11.6%)-WD:1.5GB(4.7%) TRACKING:0 SPIKES:0 KILLS:0
2026-08-15 18:32:32   DIST CPU_IDLE(<1%):30 CPU_NORMAL(1-25%):0 CPU_HOT(>=25%):0
2026-08-15 18:37:36 HEARTBEAT PROCS:25 TOP_MEM:PID:8084/104.2MB TOP_CPU:PID:4524/0% SYS_CPU:1%-WD:0% SYS_MEM:3.5/32GB(10.9%)-WD:1.3GB(4.1%) TRACKING:0 SPIKES:0 KILLS:0
2026-08-15 18:37:36   DIST CPU_IDLE(<1%):25 CPU_NORMAL(1-25%):0 CPU_HOT(>=25%):0
2026-08-15 18:42:40 HEARTBEAT PROCS:19 TOP_MEM:PID:5564/88.5MB TOP_CPU:PID:15884/0% SYS_CPU:1%-WD:0% SYS_MEM:3.3/32GB(10.3%)-WD:0.9GB(2.8%) TRACKING:0 SPIKES:0 KILLS:0
2026-08-15 18:42:40   DIST CPU_IDLE(<1%):19 CPU_NORMAL(1-25%):0 CPU_HOT(>=25%):0
2026-08-15 18:47:44 HEARTBEAT PROCS:9 TOP_MEM:PID:5564/87.9MB TOP_CPU:PID:16340/0% SYS_CPU:0%-WD:0% SYS_MEM:3.1/32GB(9.7%)-WD:0.5GB(1.6%) TRACKING:0 SPIKES:0 KILLS:0
2026-08-15 18:47:44   DIST CPU_IDLE(<1%):9 CPU_NORMAL(1-25%):0 CPU_HOT(>=25%):0
2026-08-15 18:52:48 HEARTBEAT PROCS:12 TOP_MEM:PID:5564/82MB TOP_CPU:PID:9508/0% SYS_CPU:1%-WD:0% SYS_MEM:3.1/32GB(9.7%)-WD:0.6GB(1.9%) TRACKING:0 SPIKES:0 KILLS:0
2026-08-15 18:52:48   DIST CPU_IDLE(<1%):12 CPU_NORMAL(1-25%):0 CPU_HOT(>=25%):0
2026-08-15 18:57:52 HEARTBEAT PROCS:21 TOP_MEM:PID:5564/87.3MB TOP_CPU:PID:9116/0% SYS_CPU:2%-WD:0% SYS_MEM:3.4/32GB(10.6%)-WD:1GB(3.1%) TRACKING:0 SPIKES:0 KILLS:0
2026-08-15 18:57:52   DIST CPU_IDLE(<1%):21 CPU_NORMAL(1-25%):0 CPU_HOT(>=25%):0
2026-08-15 19:02:56 HEARTBEAT PROCS:22 TOP_MEM:PID:5564/87.3MB TOP_CPU:PID:5564/0% SYS_CPU:2%-WD:0% SYS_MEM:3.4/32GB(10.6%)-WD:1.1GB(3.4%) TRACKING:0 SPIKES:3 KILLS:0
2026-08-15 19:02:56   DIST CPU_IDLE(<1%):22 CPU_NORMAL(1-25%):0 CPU_HOT(>=25%):0
2026-08-15 19:08:00 HEARTBEAT PROCS:22 TOP_MEM:PID:5564/87.3MB TOP_CPU:PID:15404/0% SYS_CPU:0%-WD:0% SYS_MEM:3.4/32GB(10.6%)-WD:1.1GB(3.4%) TRACKING:0 SPIKES:0 KILLS:0
2026-08-15 19:08:00   DIST CPU_IDLE(<1%):22 CPU_NORMAL(1-25%):0 CPU_HOT(>=25%):0
2026-08-15 19:13:04 HEARTBEAT PROCS:19 TOP_MEM:PID:5564/87.3MB TOP_CPU:PID:16284/0.6% SYS_CPU:1%-WD:0.6% SYS_MEM:3.3/32GB(10.3%)-WD:0.9GB(2.8%) TRACKING:0 SPIKES:0 KILLS:0
2026-08-15 19:13:04   DIST CPU_IDLE(<1%):19 CPU_NORMAL(1-25%):0 CPU_HOT(>=25%):0
2026-08-15 19:18:08 HEARTBEAT PROCS:15 TOP_MEM:PID:5564/87.3MB TOP_CPU:PID:5564/0% SYS_CPU:1%-WD:0% SYS_MEM:3.3/32GB(10.3%)-WD:0.8GB(2.5%) TRACKING:0 SPIKES:0 KILLS:0
2026-08-15 19:18:08   DIST CPU_IDLE(<1%):15 CPU_NORMAL(1-25%):0 CPU_HOT(>=25%):0
2026-08-15 19:23:11 HEARTBEAT PROCS:27 TOP_MEM:PID:9116/74.2MB TOP_CPU:PID:9548/0% SYS_CPU:4%-WD:0% SYS_MEM:3.4/32GB(10.6%)-WD:1.2GB(3.8%) TRACKING:0 SPIKES:0 KILLS:0
2026-08-15 19:23:11   DIST CPU_IDLE(<1%):27 CPU_NORMAL(1-25%):0 CPU_HOT(>=25%):0
2026-08-15 19:28:15 HEARTBEAT PROCS:24 TOP_MEM:PID:1440/84.9MB TOP_CPU:PID:13188/0% SYS_CPU:0%-WD:0% SYS_MEM:3.3/32GB(10.3%)-WD:1.1GB(3.4%) TRACKING:0 SPIKES:2 KILLS:0
2026-08-15 19:28:15   DIST CPU_IDLE(<1%):24 CPU_NORMAL(1-25%):0 CPU_HOT(>=25%):0
2026-08-15 19:33:19 HEARTBEAT PROCS:14 TOP_MEM:PID:1440/83.4MB TOP_CPU:PID:9968/0% SYS_CPU:1%-WD:0% SYS_MEM:3.2/32GB(10%)-WD:0.7GB(2.2%) TRACKING:0 SPIKES:0 KILLS:0
2026-08-15 19:33:19   DIST CPU_IDLE(<1%):14 CPU_NORMAL(1-25%):0 CPU_HOT(>=25%):0
2026-08-15 19:38:23 HEARTBEAT PROCS:14 TOP_MEM:PID:1440/93.2MB TOP_CPU:PID:6300/0% SYS_CPU:1%-WD:0% SYS_MEM:3.1/32GB(9.7%)-WD:0.7GB(2.2%) TRACKING:0 SPIKES:0 KILLS:0
2026-08-15 19:38:23   DIST CPU_IDLE(<1%):14 CPU_NORMAL(1-25%):0 CPU_HOT(>=25%):0
2026-08-15 19:43:27 HEARTBEAT PROCS:22 TOP_MEM:PID:1440/93.2MB TOP_CPU:PID:8740/0% SYS_CPU:1%-WD:0% SYS_MEM:3.3/32GB(10.3%)-WD:1GB(3.1%) TRACKING:0 SPIKES:0 KILLS:0
2026-08-15 19:43:27   DIST CPU_IDLE(<1%):22 CPU_NORMAL(1-25%):0 CPU_HOT(>=25%):0
2026-08-15 19:48:31 HEARTBEAT PROCS:30 TOP_MEM:PID:1440/93.2MB TOP_CPU:PID:8400/0% SYS_CPU:0%-WD:0% SYS_MEM:3.5/32GB(10.9%)-WD:1.3GB(4.1%) TRACKING:0 SPIKES:0 KILLS:0
2026-08-15 19:48:31   DIST CPU_IDLE(<1%):30 CPU_NORMAL(1-25%):0 CPU_HOT(>=25%):0
2026-08-15 19:53:35 HEARTBEAT PROCS:23 TOP_MEM:PID:1440/99.9MB TOP_CPU:PID:12996/0% SYS_CPU:1%-WD:0% SYS_MEM:3.4/32GB(10.6%)-WD:1.1GB(3.4%) TRACKING:0 SPIKES:0 KILLS:0
2026-08-15 19:53:35   DIST CPU_IDLE(<1%):23 CPU_NORMAL(1-25%):0 CPU_HOT(>=25%):0
2026-08-15 19:58:39 HEARTBEAT PROCS:14 TOP_MEM:PID:9116/84.2MB TOP_CPU:PID:18028/0% SYS_CPU:1%-WD:0% SYS_MEM:3.1/32GB(9.7%)-WD:0.7GB(2.2%) TRACKING:0 SPIKES:1 KILLS:0
2026-08-15 19:58:39   DIST CPU_IDLE(<1%):14 CPU_NORMAL(1-25%):0 CPU_HOT(>=25%):0
2026-08-15 20:03:42 HEARTBEAT PROCS:8 TOP_MEM:PID:9116/88.9MB TOP_CPU:PID:9116/0% SYS_CPU:1%-WD:0% SYS_MEM:3/32GB(9.4%)-WD:0.5GB(1.6%) TRACKING:0 SPIKES:0 KILLS:0
2026-08-15 20:03:42   DIST CPU_IDLE(<1%):8 CPU_NORMAL(1-25%):0 CPU_HOT(>=25%):0
2026-08-15 20:08:47 HEARTBEAT PROCS:5 TOP_MEM:PID:9116/88.9MB TOP_CPU:PID:9116/0% SYS_CPU:0%-WD:0% SYS_MEM:3/32GB(9.4%)-WD:0.3GB(0.9%) TRACKING:0 SPIKES:0 KILLS:0
2026-08-15 20:08:47   DIST CPU_IDLE(<1%):5 CPU_NORMAL(1-25%):0 CPU_HOT(>=25%):0
2026-08-15 20:13:50 HEARTBEAT PROCS:5 TOP_MEM:PID:5824/67.6MB TOP_CPU:PID:6792/0% SYS_CPU:1%-WD:0% SYS_MEM:2.9/32GB(9.1%)-WD:0.3GB(0.9%) TRACKING:0 SPIKES:0 KILLS:0
2026-08-15 20:13:50   DIST CPU_IDLE(<1%):5 CPU_NORMAL(1-25%):0 CPU_HOT(>=25%):0
2026-08-15 20:18:54 HEARTBEAT PROCS:9 TOP_MEM:PID:5824/67.6MB TOP_CPU:PID:1908/0% SYS_CPU:2%-WD:0% SYS_MEM:3/32GB(9.4%)-WD:0.4GB(1.2%) TRACKING:0 SPIKES:0 KILLS:0
2026-08-15 20:18:54   DIST CPU_IDLE(<1%):9 CPU_NORMAL(1-25%):0 CPU_HOT(>=25%):0
2026-08-15 20:23:58 HEARTBEAT PROCS:16 TOP_MEM:PID:5824/67.6MB TOP_CPU:PID:11712/0% SYS_CPU:1%-WD:0% SYS_MEM:3.1/32GB(9.7%)-WD:0.7GB(2.2%) TRACKING:0 SPIKES:0 KILLS:0
2026-08-15 20:23:58   DIST CPU_IDLE(<1%):16 CPU_NORMAL(1-25%):0 CPU_HOT(>=25%):0
2026-08-15 20:29:02 HEARTBEAT PROCS:15 TOP_MEM:PID:5824/67.6MB TOP_CPU:PID:8300/0% SYS_CPU:0%-WD:0% SYS_MEM:3.1/32GB(9.7%)-WD:0.7GB(2.2%) TRACKING:0 SPIKES:0 KILLS:0
2026-08-15 20:29:02   DIST CPU_IDLE(<1%):15 CPU_NORMAL(1-25%):0 CPU_HOT(>=25%):0
2026-08-15 20:34:06 HEARTBEAT PROCS:23 TOP_MEM:PID:5824/67.6MB TOP_CPU:PID:17868/0% SYS_CPU:1%-WD:0% SYS_MEM:3.3/32GB(10.3%)-WD:1GB(3.1%) TRACKING:0 SPIKES:0 KILLS:0
2026-08-15 20:34:06   DIST CPU_IDLE(<1%):23 CPU_NORMAL(1-25%):0 CPU_HOT(>=25%):0
2026-08-15 20:39:10 HEARTBEAT PROCS:36 TOP_MEM:PID:5824/67.8MB TOP_CPU:PID:15608/0% SYS_CPU:0%-WD:0% SYS_MEM:3.6/32GB(11.2%)-WD:1.5GB(4.7%) TRACKING:0 SPIKES:0 KILLS:0
2026-08-15 20:39:10   DIST CPU_IDLE(<1%):36 CPU_NORMAL(1-25%):0 CPU_HOT(>=25%):0
2026-08-15 20:44:14 HEARTBEAT PROCS:17 TOP_MEM:PID:5824/67.8MB TOP_CPU:PID:5824/0% SYS_CPU:1%-WD:0% SYS_MEM:3.2/32GB(10%)-WD:0.8GB(2.5%) TRACKING:0 SPIKES:0 KILLS:0
2026-08-15 20:44:14   DIST CPU_IDLE(<1%):17 CPU_NORMAL(1-25%):0 CPU_HOT(>=25%):0
2026-08-15 20:49:18 HEARTBEAT PROCS:13 TOP_MEM:PID:5824/67.8MB TOP_CPU:PID:18028/0% SYS_CPU:1%-WD:0% SYS_MEM:3.1/32GB(9.7%)-WD:0.6GB(1.9%) TRACKING:0 SPIKES:0 KILLS:0
2026-08-15 20:49:18   DIST CPU_IDLE(<1%):13 CPU_NORMAL(1-25%):0 CPU_HOT(>=25%):0
2026-08-15 20:54:22 HEARTBEAT PROCS:20 TOP_MEM:PID:11960/70.8MB TOP_CPU:PID:5368/0% SYS_CPU:4%-WD:0% SYS_MEM:3.3/32GB(10.3%)-WD:0.9GB(2.8%) TRACKING:0 SPIKES:0 KILLS:0
2026-08-15 20:54:22   DIST CPU_IDLE(<1%):20 CPU_NORMAL(1-25%):0 CPU_HOT(>=25%):0
2026-08-15 20:59:26 HEARTBEAT PROCS:15 TOP_MEM:PID:6220/78.5MB TOP_CPU:PID:18028/0% SYS_CPU:1%-WD:0% SYS_MEM:3.2/32GB(10%)-WD:0.7GB(2.2%) TRACKING:0 SPIKES:1 KILLS:0
2026-08-15 20:59:26   DIST CPU_IDLE(<1%):15 CPU_NORMAL(1-25%):0 CPU_HOT(>=25%):0
2026-08-15 21:04:29 HEARTBEAT PROCS:20 TOP_MEM:PID:1364/83.3MB TOP_CPU:PID:15848/0% SYS_CPU:1%-WD:0% SYS_MEM:3.3/32GB(10.3%)-WD:0.9GB(2.8%) TRACKING:0 SPIKES:0 KILLS:0
2026-08-15 21:04:29   DIST CPU_IDLE(<1%):20 CPU_NORMAL(1-25%):0 CPU_HOT(>=25%):0
2026-08-15 21:09:33 HEARTBEAT PROCS:32 TOP_MEM:PID:1364/83.3MB TOP_CPU:PID:296/0% SYS_CPU:2%-WD:0% SYS_MEM:3.5/32GB(10.9%)-WD:1.4GB(4.4%) TRACKING:0 SPIKES:0 KILLS:0
2026-08-15 21:09:33   DIST CPU_IDLE(<1%):32 CPU_NORMAL(1-25%):0 CPU_HOT(>=25%):0
2026-08-15 21:14:37 HEARTBEAT PROCS:24 TOP_MEM:PID:1364/83.3MB TOP_CPU:PID:8468/0% SYS_CPU:2%-WD:0% SYS_MEM:3.5/32GB(10.9%)-WD:1.2GB(3.8%) TRACKING:0 SPIKES:0 KILLS:0
2026-08-15 21:14:37   DIST CPU_IDLE(<1%):24 CPU_NORMAL(1-25%):0 CPU_HOT(>=25%):0
2026-08-15 21:19:41 HEARTBEAT PROCS:25 TOP_MEM:PID:16716/78.7MB TOP_CPU:PID:18324/0% SYS_CPU:1%-WD:0% SYS_MEM:3.4/32GB(10.6%)-WD:1.1GB(3.4%) TRACKING:0 SPIKES:0 KILLS:0
2026-08-15 21:19:41   DIST CPU_IDLE(<1%):25 CPU_NORMAL(1-25%):0 CPU_HOT(>=25%):0
2026-08-15 21:24:45 HEARTBEAT PROCS:28 TOP_MEM:PID:16716/78.7MB TOP_CPU:PID:15608/0% SYS_CPU:1%-WD:0% SYS_MEM:3.4/32GB(10.6%)-WD:1.2GB(3.8%) TRACKING:0 SPIKES:0 KILLS:0
2026-08-15 21:24:45   DIST CPU_IDLE(<1%):28 CPU_NORMAL(1-25%):0 CPU_HOT(>=25%):0
2026-08-15 21:29:49 HEARTBEAT PROCS:27 TOP_MEM:PID:16716/78.7MB TOP_CPU:PID:7828/0% SYS_CPU:1%-WD:0% SYS_MEM:3.4/32GB(10.6%)-WD:1.2GB(3.8%) TRACKING:0 SPIKES:0 KILLS:0
2026-08-15 21:29:49   DIST CPU_IDLE(<1%):27 CPU_NORMAL(1-25%):0 CPU_HOT(>=25%):0
2026-08-15 21:34:53 HEARTBEAT PROCS:30 TOP_MEM:PID:16716/78.7MB TOP_CPU:PID:13828/0% SYS_CPU:1%-WD:0% SYS_MEM:3.5/32GB(10.9%)-WD:1.3GB(4.1%) TRACKING:0 SPIKES:1 KILLS:0
2026-08-15 21:34:53   DIST CPU_IDLE(<1%):30 CPU_NORMAL(1-25%):0 CPU_HOT(>=25%):0
2026-08-15 21:39:57 HEARTBEAT PROCS:17 TOP_MEM:PID:16716/78.7MB TOP_CPU:PID:14072/0% SYS_CPU:1%-WD:0% SYS_MEM:3.2/32GB(10%)-WD:0.8GB(2.5%) TRACKING:0 SPIKES:0 KILLS:0
2026-08-15 21:39:57   DIST CPU_IDLE(<1%):17 CPU_NORMAL(1-25%):0 CPU_HOT(>=25%):0
2026-08-15 21:45:01 HEARTBEAT PROCS:11 TOP_MEM:PID:16716/78.7MB TOP_CPU:PID:13144/0% SYS_CPU:2%-WD:0% SYS_MEM:3.1/32GB(9.7%)-WD:0.6GB(1.9%) TRACKING:0 SPIKES:0 KILLS:0
2026-08-15 21:45:01   DIST CPU_IDLE(<1%):11 CPU_NORMAL(1-25%):0 CPU_HOT(>=25%):0
2026-08-15 21:50:05 HEARTBEAT PROCS:24 TOP_MEM:PID:15792/82.9MB TOP_CPU:PID:16404/0% SYS_CPU:1%-WD:0% SYS_MEM:3.3/32GB(10.3%)-WD:1GB(3.1%) TRACKING:0 SPIKES:0 KILLS:0
2026-08-15 21:50:05   DIST CPU_IDLE(<1%):24 CPU_NORMAL(1-25%):0 CPU_HOT(>=25%):0
2026-08-15 21:55:09 HEARTBEAT PROCS:32 TOP_MEM:PID:15792/97.8MB TOP_CPU:PID:3984/7.2% SYS_CPU:0%-WD:31.1% SYS_MEM:3.5/32GB(10.9%)-WD:1.4GB(4.4%) TRACKING:0 SPIKES:0 KILLS:0
2026-08-15 21:55:09   DIST CPU_IDLE(<1%):24 CPU_NORMAL(1-25%):8 CPU_HOT(>=25%):0
2026-08-15 22:00:13 HEARTBEAT PROCS:27 TOP_MEM:PID:16716/78.7MB TOP_CPU:PID:11960/0% SYS_CPU:1%-WD:0% SYS_MEM:3.5/32GB(10.9%)-WD:1.2GB(3.8%) TRACKING:0 SPIKES:0 KILLS:0
2026-08-15 22:00:13   DIST CPU_IDLE(<1%):27 CPU_NORMAL(1-25%):0 CPU_HOT(>=25%):0
2026-08-15 22:05:17 HEARTBEAT PROCS:21 TOP_MEM:PID:16716/78.7MB TOP_CPU:PID:11960/0% SYS_CPU:1%-WD:0% SYS_MEM:3.3/32GB(10.3%)-WD:1GB(3.1%) TRACKING:0 SPIKES:0 KILLS:0
2026-08-15 22:05:17   DIST CPU_IDLE(<1%):21 CPU_NORMAL(1-25%):0 CPU_HOT(>=25%):0
2026-08-15 22:10:21 HEARTBEAT PROCS:16 TOP_MEM:PID:16716/78.7MB TOP_CPU:PID:11960/0% SYS_CPU:7%-WD:0% SYS_MEM:3.2/32GB(10%)-WD:0.8GB(2.5%) TRACKING:0 SPIKES:0 KILLS:0
2026-08-15 22:10:21   DIST CPU_IDLE(<1%):16 CPU_NORMAL(1-25%):0 CPU_HOT(>=25%):0
2026-08-15 22:15:25 HEARTBEAT PROCS:25 TOP_MEM:PID:16716/78.7MB TOP_CPU:PID:15964/0% SYS_CPU:1%-WD:0% SYS_MEM:3.4/32GB(10.6%)-WD:1.1GB(3.4%) TRACKING:0 SPIKES:0 KILLS:0
2026-08-15 22:15:25   DIST CPU_IDLE(<1%):25 CPU_NORMAL(1-25%):0 CPU_HOT(>=25%):0
2026-08-15 22:20:28 HEARTBEAT PROCS:13 TOP_MEM:PID:16716/78.7MB TOP_CPU:PID:2244/8% SYS_CPU:1%-WD:13.8% SYS_MEM:3.1/32GB(9.7%)-WD:0.6GB(1.9%) TRACKING:0 SPIKES:0 KILLS:0
2026-08-15 22:20:28   DIST CPU_IDLE(<1%):10 CPU_NORMAL(1-25%):3 CPU_HOT(>=25%):0
2026-08-15 22:25:32 HEARTBEAT PROCS:12 TOP_MEM:PID:16716/78.7MB TOP_CPU:PID:7416/0% SYS_CPU:1%-WD:0% SYS_MEM:3.1/32GB(9.7%)-WD:0.6GB(1.9%) TRACKING:0 SPIKES:0 KILLS:0
2026-08-15 22:25:32   DIST CPU_IDLE(<1%):12 CPU_NORMAL(1-25%):0 CPU_HOT(>=25%):0
2026-08-15 22:30:36 HEARTBEAT PROCS:8 TOP_MEM:PID:16716/78.7MB TOP_CPU:PID:16204/0% SYS_CPU:1%-WD:0% SYS_MEM:3/32GB(9.4%)-WD:0.5GB(1.6%) TRACKING:0 SPIKES:0 KILLS:0
2026-08-15 22:30:36   DIST CPU_IDLE(<1%):8 CPU_NORMAL(1-25%):0 CPU_HOT(>=25%):0
2026-08-15 22:35:40 HEARTBEAT PROCS:15 TOP_MEM:PID:5356/82MB TOP_CPU:PID:7416/0% SYS_CPU:2%-WD:0% SYS_MEM:3.2/32GB(10%)-WD:0.8GB(2.5%) TRACKING:0 SPIKES:0 KILLS:0
2026-08-15 22:35:40   DIST CPU_IDLE(<1%):15 CPU_NORMAL(1-25%):0 CPU_HOT(>=25%):0
2026-08-15 22:40:44 HEARTBEAT PROCS:17 TOP_MEM:PID:5356/83.1MB TOP_CPU:PID:7084/0% SYS_CPU:2%-WD:0% SYS_MEM:3.2/32GB(10%)-WD:0.8GB(2.5%) TRACKING:0 SPIKES:0 KILLS:0
2026-08-15 22:40:44   DIST CPU_IDLE(<1%):17 CPU_NORMAL(1-25%):0 CPU_HOT(>=25%):0
2026-08-15 22:45:47 HEARTBEAT PROCS:10 TOP_MEM:PID:5356/83.1MB TOP_CPU:PID:7416/0% SYS_CPU:2%-WD:0% SYS_MEM:3.1/32GB(9.7%)-WD:0.6GB(1.9%) TRACKING:0 SPIKES:0 KILLS:0
2026-08-15 22:45:47   DIST CPU_IDLE(<1%):10 CPU_NORMAL(1-25%):0 CPU_HOT(>=25%):0
2026-08-15 22:50:52 HEARTBEAT PROCS:16 TOP_MEM:PID:5356/84.2MB TOP_CPU:PID:11776/0% SYS_CPU:2%-WD:0% SYS_MEM:3.2/32GB(10%)-WD:0.8GB(2.5%) TRACKING:0 SPIKES:0 KILLS:0
2026-08-15 22:50:52   DIST CPU_IDLE(<1%):16 CPU_NORMAL(1-25%):0 CPU_HOT(>=25%):0
2026-08-15 22:55:55 HEARTBEAT PROCS:5 TOP_MEM:PID:5356/88.5MB TOP_CPU:PID:5356/0% SYS_CPU:1%-WD:0% SYS_MEM:3/32GB(9.4%)-WD:0.4GB(1.2%) TRACKING:0 SPIKES:0 KILLS:0
2026-08-15 22:55:55   DIST CPU_IDLE(<1%):5 CPU_NORMAL(1-25%):0 CPU_HOT(>=25%):0
2026-08-15 23:00:59 HEARTBEAT PROCS:4 TOP_MEM:PID:7416/90.2MB TOP_CPU:PID:5356/0% SYS_CPU:1%-WD:0% SYS_MEM:3/32GB(9.4%)-WD:0.3GB(0.9%) TRACKING:0 SPIKES:0 KILLS:0
2026-08-15 23:00:59   DIST CPU_IDLE(<1%):4 CPU_NORMAL(1-25%):0 CPU_HOT(>=25%):0
2026-08-15 23:06:03 HEARTBEAT PROCS:9 TOP_MEM:PID:5356/88.5MB TOP_CPU:PID:16716/0% SYS_CPU:0%-WD:0% SYS_MEM:3/32GB(9.4%)-WD:0.5GB(1.6%) TRACKING:0 SPIKES:0 KILLS:0
2026-08-15 23:06:03   DIST CPU_IDLE(<1%):9 CPU_NORMAL(1-25%):0 CPU_HOT(>=25%):0
2026-08-15 23:11:07 HEARTBEAT PROCS:8 TOP_MEM:PID:5356/88.5MB TOP_CPU:PID:16716/0% SYS_CPU:0%-WD:0% SYS_MEM:3/32GB(9.4%)-WD:0.4GB(1.2%) TRACKING:0 SPIKES:0 KILLS:0
2026-08-15 23:11:07   DIST CPU_IDLE(<1%):8 CPU_NORMAL(1-25%):0 CPU_HOT(>=25%):0
2026-08-15 23:16:11 HEARTBEAT PROCS:5 TOP_MEM:PID:5356/88.5MB TOP_CPU:PID:5356/0% SYS_CPU:1%-WD:0% SYS_MEM:3/32GB(9.4%)-WD:0.3GB(0.9%) TRACKING:0 SPIKES:0 KILLS:0
2026-08-15 23:16:11   DIST CPU_IDLE(<1%):5 CPU_NORMAL(1-25%):0 CPU_HOT(>=25%):0
2026-08-15 23:21:15 HEARTBEAT PROCS:7 TOP_MEM:PID:5356/88.7MB TOP_CPU:PID:16716/0% SYS_CPU:1%-WD:0% SYS_MEM:3/32GB(9.4%)-WD:0.4GB(1.2%) TRACKING:0 SPIKES:0 KILLS:0
2026-08-15 23:21:15   DIST CPU_IDLE(<1%):7 CPU_NORMAL(1-25%):0 CPU_HOT(>=25%):0
2026-08-15 23:26:19 HEARTBEAT PROCS:5 TOP_MEM:PID:5356/88.7MB TOP_CPU:PID:5356/0% SYS_CPU:2%-WD:0% SYS_MEM:2.9/32GB(9.1%)-WD:0.3GB(0.9%) TRACKING:0 SPIKES:0 KILLS:0
2026-08-15 23:26:19   DIST CPU_IDLE(<1%):5 CPU_NORMAL(1-25%):0 CPU_HOT(>=25%):0
2026-08-15 23:31:22 HEARTBEAT PROCS:4 TOP_MEM:PID:16716/78.7MB TOP_CPU:PID:8128/0% SYS_CPU:1%-WD:0% SYS_MEM:2.9/32GB(9.1%)-WD:0.2GB(0.6%) TRACKING:0 SPIKES:0 KILLS:0
2026-08-15 23:31:22   DIST CPU_IDLE(<1%):4 CPU_NORMAL(1-25%):0 CPU_HOT(>=25%):0
2026-08-15 23:36:26 HEARTBEAT PROCS:11 TOP_MEM:PID:16716/78.7MB TOP_CPU:PID:16716/0% SYS_CPU:2%-WD:0% SYS_MEM:3/32GB(9.4%)-WD:0.5GB(1.6%) TRACKING:0 SPIKES:0 KILLS:0
2026-08-15 23:36:26   DIST CPU_IDLE(<1%):11 CPU_NORMAL(1-25%):0 CPU_HOT(>=25%):0
2026-08-15 23:41:30 HEARTBEAT PROCS:16 TOP_MEM:PID:16716/78.7MB TOP_CPU:PID:14752/0% SYS_CPU:1%-WD:0% SYS_MEM:3.1/32GB(9.7%)-WD:0.7GB(2.2%) TRACKING:0 SPIKES:0 KILLS:0
2026-08-15 23:41:30   DIST CPU_IDLE(<1%):16 CPU_NORMAL(1-25%):0 CPU_HOT(>=25%):0
2026-08-15 23:46:34 HEARTBEAT PROCS:7 TOP_MEM:PID:16716/78.7MB TOP_CPU:PID:16776/0% SYS_CPU:1%-WD:0% SYS_MEM:2.9/32GB(9.1%)-WD:0.3GB(0.9%) TRACKING:0 SPIKES:0 KILLS:0
2026-08-15 23:46:34   DIST CPU_IDLE(<1%):7 CPU_NORMAL(1-25%):0 CPU_HOT(>=25%):0
2026-08-15 23:51:38 HEARTBEAT PROCS:8 TOP_MEM:PID:16716/78.7MB TOP_CPU:PID:16716/0% SYS_CPU:1%-WD:0% SYS_MEM:3/32GB(9.4%)-WD:0.4GB(1.2%) TRACKING:0 SPIKES:0 KILLS:0
2026-08-15 23:51:38   DIST CPU_IDLE(<1%):8 CPU_NORMAL(1-25%):0 CPU_HOT(>=25%):0
2026-08-15 23:56:42 HEARTBEAT PROCS:7 TOP_MEM:PID:16716/78.7MB TOP_CPU:PID:14664/0% SYS_CPU:1%-WD:0% SYS_MEM:3/32GB(9.4%)-WD:0.4GB(1.2%) TRACKING:0 SPIKES:0 KILLS:0
2026-08-15 23:56:42   DIST CPU_IDLE(<1%):7 CPU_NORMAL(1-25%):0 CPU_HOT(>=25%):0
2026-08-16 00:00:03 DAILY-SUMMARY DATE:2026-08-15 SPIKES:135 KILLS:0 UNIQUE_PIDS:83 PEAK_MEM:PID:5052/249MB
2026-08-16 00:01:45 HEARTBEAT PROCS:7 TOP_MEM:PID:16716/78.7MB TOP_CPU:PID:15120/0% SYS_CPU:1%-WD:0% SYS_MEM:3/32GB(9.4%)-WD:0.4GB(1.2%) TRACKING:0 SPIKES:0 KILLS:0
2026-08-16 00:01:45   DIST CPU_IDLE(<1%):7 CPU_NORMAL(1-25%):0 CPU_HOT(>=25%):0
2026-08-16 00:06:50 HEARTBEAT PROCS:15 TOP_MEM:PID:16716/78.7MB TOP_CPU:PID:14664/0% SYS_CPU:1%-WD:0% SYS_MEM:3.1/32GB(9.7%)-WD:0.6GB(1.9%) TRACKING:0 SPIKES:0 KILLS:0
2026-08-16 00:06:50   DIST CPU_IDLE(<1%):15 CPU_NORMAL(1-25%):0 CPU_HOT(>=25%):0
2026-08-16 00:11:53 HEARTBEAT PROCS:11 TOP_MEM:PID:16716/78.7MB TOP_CPU:PID:16716/0% SYS_CPU:2%-WD:0% SYS_MEM:3.1/32GB(9.7%)-WD:0.5GB(1.6%) TRACKING:0 SPIKES:0 KILLS:0
2026-08-16 00:11:53   DIST CPU_IDLE(<1%):11 CPU_NORMAL(1-25%):0 CPU_HOT(>=25%):0
2026-08-16 00:16:57 HEARTBEAT PROCS:8 TOP_MEM:PID:16716/78.7MB TOP_CPU:PID:7828/0% SYS_CPU:1%-WD:0% SYS_MEM:3/32GB(9.4%)-WD:0.4GB(1.2%) TRACKING:0 SPIKES:0 KILLS:0
2026-08-16 00:16:57   DIST CPU_IDLE(<1%):8 CPU_NORMAL(1-25%):0 CPU_HOT(>=25%):0
2026-08-16 00:22:01 HEARTBEAT PROCS:6 TOP_MEM:PID:16104/77.7MB TOP_CPU:PID:7828/0% SYS_CPU:1%-WD:0% SYS_MEM:2.9/32GB(9.1%)-WD:0.3GB(0.9%) TRACKING:0 SPIKES:0 KILLS:0
2026-08-16 00:22:01   DIST CPU_IDLE(<1%):6 CPU_NORMAL(1-25%):0 CPU_HOT(>=25%):0
2026-08-16 00:27:05 HEARTBEAT PROCS:3 TOP_MEM:PID:16104/77.7MB TOP_CPU:PID:7828/0% SYS_CPU:1%-WD:0% SYS_MEM:2.9/32GB(9.1%)-WD:0.2GB(0.6%) TRACKING:0 SPIKES:0 KILLS:0
2026-08-16 00:27:05   DIST CPU_IDLE(<1%):3 CPU_NORMAL(1-25%):0 CPU_HOT(>=25%):0
2026-08-16 00:32:09 HEARTBEAT PROCS:3 TOP_MEM:PID:16104/77.7MB TOP_CPU:PID:7828/0% SYS_CPU:2%-WD:0% SYS_MEM:2.9/32GB(9.1%)-WD:0.2GB(0.6%) TRACKING:0 SPIKES:0 KILLS:0
2026-08-16 00:32:09   DIST CPU_IDLE(<1%):3 CPU_NORMAL(1-25%):0 CPU_HOT(>=25%):0
2026-08-16 00:37:12 HEARTBEAT PROCS:5 TOP_MEM:PID:16104/77.7MB TOP_CPU:PID:3740/0% SYS_CPU:1%-WD:0% SYS_MEM:2.9/32GB(9.1%)-WD:0.2GB(0.6%) TRACKING:0 SPIKES:0 KILLS:0
2026-08-16 00:37:12   DIST CPU_IDLE(<1%):5 CPU_NORMAL(1-25%):0 CPU_HOT(>=25%):0
2026-08-16 00:42:16 HEARTBEAT PROCS:2 TOP_MEM:PID:16104/77.7MB TOP_CPU:PID:16104/0% SYS_CPU:1%-WD:0% SYS_MEM:2.8/32GB(8.8%)-WD:0.1GB(0.3%) TRACKING:0 SPIKES:0 KILLS:0
2026-08-16 00:42:16   DIST CPU_IDLE(<1%):2 CPU_NORMAL(1-25%):0 CPU_HOT(>=25%):0
2026-08-16 00:47:20 HEARTBEAT PROCS:1 TOP_MEM:PID:15792/44.6MB TOP_CPU:PID:15792/0% SYS_CPU:1%-WD:0% SYS_MEM:2.8/32GB(8.8%)-WD:0GB(0%) TRACKING:0 SPIKES:0 KILLS:0
2026-08-16 00:47:20   DIST CPU_IDLE(<1%):1 CPU_NORMAL(1-25%):0 CPU_HOT(>=25%):0
2026-08-16 00:52:24 HEARTBEAT PROCS:1 TOP_MEM:PID:15792/44.6MB TOP_CPU:PID:15792/0% SYS_CPU:0%-WD:0% SYS_MEM:2.8/32GB(8.8%)-WD:0GB(0%) TRACKING:0 SPIKES:0 KILLS:0
2026-08-16 00:52:24   DIST CPU_IDLE(<1%):1 CPU_NORMAL(1-25%):0 CPU_HOT(>=25%):0
2026-08-16 00:57:28 HEARTBEAT PROCS:1 TOP_MEM:PID:15792/44.6MB TOP_CPU:PID:15792/0% SYS_CPU:1%-WD:0% SYS_MEM:2.8/32GB(8.8%)-WD:0GB(0%) TRACKING:0 SPIKES:0 KILLS:0
2026-08-16 00:57:28   DIST CPU_IDLE(<1%):1 CPU_NORMAL(1-25%):0 CPU_HOT(>=25%):0
2026-08-16 01:02:32 HEARTBEAT PROCS:0 TOP_MEM:none TOP_CPU:none SYS_CPU:1%-WD:0% SYS_MEM:2.7/32GB(8.4%)-WD:0GB(0%) TRACKING:0 SPIKES:0 KILLS:0
2026-08-16 01:02:32   DIST CPU_IDLE(<1%):0 CPU_NORMAL(1-25%):0 CPU_HOT(>=25%):0
2026-08-16 01:07:34 HEARTBEAT PROCS:4 TOP_MEM:PID:17732/35MB TOP_CPU:PID:4076/0% SYS_CPU:1%-WD:0% SYS_MEM:2.8/32GB(8.8%)-WD:0.1GB(0.3%) TRACKING:0 SPIKES:0 KILLS:0
2026-08-16 01:07:34   DIST CPU_IDLE(<1%):4 CPU_NORMAL(1-25%):0 CPU_HOT(>=25%):0
2026-08-16 01:12:39 HEARTBEAT PROCS:4 TOP_MEM:PID:17732/35MB TOP_CPU:PID:4076/0% SYS_CPU:0%-WD:0% SYS_MEM:2.8/32GB(8.8%)-WD:0.1GB(0.3%) TRACKING:0 SPIKES:0 KILLS:0
2026-08-16 01:12:39   DIST CPU_IDLE(<1%):4 CPU_NORMAL(1-25%):0 CPU_HOT(>=25%):0
2026-08-16 01:17:42 HEARTBEAT PROCS:4 TOP_MEM:PID:14440/34.3MB TOP_CPU:PID:14744/0% SYS_CPU:1%-WD:0% SYS_MEM:2.8/32GB(8.8%)-WD:0.1GB(0.3%) TRACKING:0 SPIKES:0 KILLS:0
2026-08-16 01:17:42   DIST CPU_IDLE(<1%):4 CPU_NORMAL(1-25%):0 CPU_HOT(>=25%):0
2026-08-16 01:22:45 HEARTBEAT PROCS:3 TOP_MEM:PID:18300/49.4MB TOP_CPU:PID:18300/0% SYS_CPU:1%-WD:0% SYS_MEM:2.8/32GB(8.8%)-WD:0.1GB(0.3%) TRACKING:0 SPIKES:0 KILLS:0
2026-08-16 01:22:45   DIST CPU_IDLE(<1%):3 CPU_NORMAL(1-25%):0 CPU_HOT(>=25%):0
2026-08-16 01:27:49 HEARTBEAT PROCS:6 TOP_MEM:PID:18300/49.5MB TOP_CPU:PID:5976/0% SYS_CPU:0%-WD:0% SYS_MEM:2.9/32GB(9.1%)-WD:0.3GB(0.9%) TRACKING:0 SPIKES:0 KILLS:0
2026-08-16 01:27:49   DIST CPU_IDLE(<1%):6 CPU_NORMAL(1-25%):0 CPU_HOT(>=25%):0
2026-08-16 01:32:53 HEARTBEAT PROCS:3 TOP_MEM:PID:14956/44.5MB TOP_CPU:PID:12160/0% SYS_CPU:1%-WD:0% SYS_MEM:2.8/32GB(8.8%)-WD:0.1GB(0.3%) TRACKING:0 SPIKES:0 KILLS:0
2026-08-16 01:32:53   DIST CPU_IDLE(<1%):3 CPU_NORMAL(1-25%):0 CPU_HOT(>=25%):0
2026-08-16 01:37:57 HEARTBEAT PROCS:10 TOP_MEM:PID:14956/44.5MB TOP_CPU:PID:16868/0% SYS_CPU:1%-WD:0% SYS_MEM:2.9/32GB(9.1%)-WD:0.4GB(1.2%) TRACKING:0 SPIKES:0 KILLS:0
2026-08-16 01:37:57   DIST CPU_IDLE(<1%):10 CPU_NORMAL(1-25%):0 CPU_HOT(>=25%):0
2026-08-16 01:43:01 HEARTBEAT PROCS:0 TOP_MEM:none TOP_CPU:none SYS_CPU:1%-WD:0% SYS_MEM:2.8/32GB(8.8%)-WD:0GB(0%) TRACKING:0 SPIKES:0 KILLS:0
2026-08-16 01:43:01   DIST CPU_IDLE(<1%):0 CPU_NORMAL(1-25%):0 CPU_HOT(>=25%):0
2026-08-16 01:48:04 HEARTBEAT PROCS:0 TOP_MEM:none TOP_CPU:none SYS_CPU:0%-WD:0% SYS_MEM:2.7/32GB(8.4%)-WD:0GB(0%) TRACKING:0 SPIKES:0 KILLS:0
2026-08-16 01:48:04   DIST CPU_IDLE(<1%):0 CPU_NORMAL(1-25%):0 CPU_HOT(>=25%):0
2026-08-16 01:53:06 HEARTBEAT PROCS:0 TOP_MEM:none TOP_CPU:none SYS_CPU:0%-WD:0% SYS_MEM:2.7/32GB(8.4%)-WD:0GB(0%) TRACKING:0 SPIKES:0 KILLS:0
2026-08-16 01:53:06   DIST CPU_IDLE(<1%):0 CPU_NORMAL(1-25%):0 CPU_HOT(>=25%):0
2026-08-16 01:58:09 HEARTBEAT PROCS:0 TOP_MEM:none TOP_CPU:none SYS_CPU:1%-WD:0% SYS_MEM:2.7/32GB(8.4%)-WD:0GB(0%) TRACKING:0 SPIKES:0 KILLS:0
2026-08-16 01:58:09   DIST CPU_IDLE(<1%):0 CPU_NORMAL(1-25%):0 CPU_HOT(>=25%):0
2026-08-16 02:03:12 HEARTBEAT PROCS:0 TOP_MEM:none TOP_CPU:none SYS_CPU:0%-WD:0% SYS_MEM:2.7/32GB(8.4%)-WD:0GB(0%) TRACKING:0 SPIKES:0 KILLS:0
2026-08-16 02:03:12   DIST CPU_IDLE(<1%):0 CPU_NORMAL(1-25%):0 CPU_HOT(>=25%):0
2026-08-16 02:08:16 HEARTBEAT PROCS:7 TOP_MEM:PID:8200/49.8MB TOP_CPU:PID:8200/0% SYS_CPU:1%-WD:0% SYS_MEM:2.9/32GB(9.1%)-WD:0.3GB(0.9%) TRACKING:0 SPIKES:0 KILLS:0
2026-08-16 02:08:16   DIST CPU_IDLE(<1%):7 CPU_NORMAL(1-25%):0 CPU_HOT(>=25%):0
2026-08-16 02:13:19 HEARTBEAT PROCS:4 TOP_MEM:PID:2492/35.1MB TOP_CPU:PID:9120/0% SYS_CPU:0%-WD:0% SYS_MEM:2.8/32GB(8.8%)-WD:0.1GB(0.3%) TRACKING:0 SPIKES:0 KILLS:0
2026-08-16 02:13:19   DIST CPU_IDLE(<1%):4 CPU_NORMAL(1-25%):0 CPU_HOT(>=25%):0
2026-08-16 02:18:23 HEARTBEAT PROCS:0 TOP_MEM:none TOP_CPU:none SYS_CPU:0%-WD:0% SYS_MEM:2.7/32GB(8.4%)-WD:0GB(0%) TRACKING:0 SPIKES:0 KILLS:0
2026-08-16 02:18:23   DIST CPU_IDLE(<1%):0 CPU_NORMAL(1-25%):0 CPU_HOT(>=25%):0
2026-08-16 02:23:26 HEARTBEAT PROCS:0 TOP_MEM:none TOP_CPU:none SYS_CPU:1%-WD:0% SYS_MEM:2.7/32GB(8.4%)-WD:0GB(0%) TRACKING:0 SPIKES:0 KILLS:0
2026-08-16 02:23:26   DIST CPU_IDLE(<1%):0 CPU_NORMAL(1-25%):0 CPU_HOT(>=25%):0
2026-08-16 02:28:29 HEARTBEAT PROCS:1 TOP_MEM:PID:14300/45.2MB TOP_CPU:PID:14300/0% SYS_CPU:1%-WD:0% SYS_MEM:2.8/32GB(8.8%)-WD:0GB(0%) TRACKING:0 SPIKES:0 KILLS:0
2026-08-16 02:28:29   DIST CPU_IDLE(<1%):1 CPU_NORMAL(1-25%):0 CPU_HOT(>=25%):0
2026-08-16 02:33:33 HEARTBEAT PROCS:0 TOP_MEM:none TOP_CPU:none SYS_CPU:1%-WD:0% SYS_MEM:2.7/32GB(8.4%)-WD:0GB(0%) TRACKING:0 SPIKES:0 KILLS:0
2026-08-16 02:33:33   DIST CPU_IDLE(<1%):0 CPU_NORMAL(1-25%):0 CPU_HOT(>=25%):0
2026-08-16 02:38:36 HEARTBEAT PROCS:7 TOP_MEM:PID:13072/50.1MB TOP_CPU:PID:15952/0% SYS_CPU:2%-WD:0% SYS_MEM:2.9/32GB(9.1%)-WD:0.3GB(0.9%) TRACKING:0 SPIKES:0 KILLS:0
2026-08-16 02:38:36   DIST CPU_IDLE(<1%):7 CPU_NORMAL(1-25%):0 CPU_HOT(>=25%):0
2026-08-16 02:43:39 HEARTBEAT PROCS:8 TOP_MEM:PID:13072/50.2MB TOP_CPU:PID:15952/0% SYS_CPU:1%-WD:0% SYS_MEM:2.9/32GB(9.1%)-WD:0.3GB(0.9%) TRACKING:0 SPIKES:0 KILLS:0
2026-08-16 02:43:39   DIST CPU_IDLE(<1%):8 CPU_NORMAL(1-25%):0 CPU_HOT(>=25%):0
2026-08-16 02:48:43 HEARTBEAT PROCS:3 TOP_MEM:PID:13072/50.2MB TOP_CPU:PID:8876/0% SYS_CPU:0%-WD:0% SYS_MEM:2.8/32GB(8.8%)-WD:0.1GB(0.3%) TRACKING:0 SPIKES:0 KILLS:0
2026-08-16 02:48:43   DIST CPU_IDLE(<1%):3 CPU_NORMAL(1-25%):0 CPU_HOT(>=25%):0
2026-08-16 02:53:47 HEARTBEAT PROCS:3 TOP_MEM:PID:8876/44.7MB TOP_CPU:PID:8876/0% SYS_CPU:0%-WD:0% SYS_MEM:2.8/32GB(8.8%)-WD:0.1GB(0.3%) TRACKING:0 SPIKES:0 KILLS:0
2026-08-16 02:53:47   DIST CPU_IDLE(<1%):3 CPU_NORMAL(1-25%):0 CPU_HOT(>=25%):0
2026-08-16 02:58:51 HEARTBEAT PROCS:0 TOP_MEM:none TOP_CPU:none SYS_CPU:0%-WD:0% SYS_MEM:2.7/32GB(8.4%)-WD:0GB(0%) TRACKING:0 SPIKES:0 KILLS:0
2026-08-16 02:58:51   DIST CPU_IDLE(<1%):0 CPU_NORMAL(1-25%):0 CPU_HOT(>=25%):0
2026-08-16 03:03:54 HEARTBEAT PROCS:0 TOP_MEM:none TOP_CPU:none SYS_CPU:1%-WD:0% SYS_MEM:2.7/32GB(8.4%)-WD:0GB(0%) TRACKING:0 SPIKES:0 KILLS:0
2026-08-16 03:03:54   DIST CPU_IDLE(<1%):0 CPU_NORMAL(1-25%):0 CPU_HOT(>=25%):0
2026-08-16 03:08:57 HEARTBEAT PROCS:0 TOP_MEM:none TOP_CPU:none SYS_CPU:0%-WD:0% SYS_MEM:2.7/32GB(8.4%)-WD:0GB(0%) TRACKING:0 SPIKES:0 KILLS:0
2026-08-16 03:08:57   DIST CPU_IDLE(<1%):0 CPU_NORMAL(1-25%):0 CPU_HOT(>=25%):0
2026-08-16 03:14:00 HEARTBEAT PROCS:0 TOP_MEM:none TOP_CPU:none SYS_CPU:1%-WD:0% SYS_MEM:2.7/32GB(8.4%)-WD:0GB(0%) TRACKING:0 SPIKES:0 KILLS:0
2026-08-16 03:14:00   DIST CPU_IDLE(<1%):0 CPU_NORMAL(1-25%):0 CPU_HOT(>=25%):0
2026-08-16 03:19:03 HEARTBEAT PROCS:0 TOP_MEM:none TOP_CPU:none SYS_CPU:1%-WD:0% SYS_MEM:2.7/32GB(8.4%)-WD:0GB(0%) TRACKING:0 SPIKES:0 KILLS:0
2026-08-16 03:19:03   DIST CPU_IDLE(<1%):0 CPU_NORMAL(1-25%):0 CPU_HOT(>=25%):0
2026-08-16 03:24:06 HEARTBEAT PROCS:0 TOP_MEM:none TOP_CPU:none SYS_CPU:1%-WD:0% SYS_MEM:2.7/32GB(8.4%)-WD:0GB(0%) TRACKING:0 SPIKES:0 KILLS:0
2026-08-16 03:24:06   DIST CPU_IDLE(<1%):0 CPU_NORMAL(1-25%):0 CPU_HOT(>=25%):0
2026-08-16 03:29:09 HEARTBEAT PROCS:0 TOP_MEM:none TOP_CPU:none SYS_CPU:1%-WD:0% SYS_MEM:2.7/32GB(8.4%)-WD:0GB(0%) TRACKING:0 SPIKES:0 KILLS:0
2026-08-16 03:29:09   DIST CPU_IDLE(<1%):0 CPU_NORMAL(1-25%):0 CPU_HOT(>=25%):0
2026-08-16 03:31:06 MONITOR STARTED v4.4 (External Config)
2026-08-16 03:31:06 CONFIG PATTERN:WD*Session MODE:kill LOGLEVEL:quiet MEM_IMMEDIATE:3000MB MEM_SUSTAINED:1500MB CPU:25% CONFIRM:10s CORES:8 DETAILS_ON_KILL:True(60 samples)
2026-08-16 03:31:06 CONFIG NON_WD_CPU_GAP:20% NON_WD_CPU_TOPN:10
2026-08-16 03:31:06 CONFIG_FILE:C:\WebDevMonitor\config.json
2026-08-16 03:36:10 HEARTBEAT PROCS:0 TOP_MEM:none TOP_CPU:none SYS_CPU:1%-WD:0% SYS_MEM:1.7/32GB(5.3%)-WD:0GB(0%) TRACKING:0 SPIKES:0 KILLS:0
2026-08-16 03:36:10   DIST CPU_IDLE(<1%):0 CPU_NORMAL(1-25%):0 CPU_HOT(>=25%):0
2026-08-16 03:41:13 HEARTBEAT PROCS:4 TOP_MEM:PID:7036/34.8MB TOP_CPU:PID:7036/0% SYS_CPU:5%-WD:0% SYS_MEM:1.7/32GB(5.3%)-WD:0.1GB(0.3%) TRACKING:0 SPIKES:0 KILLS:0
2026-08-16 03:41:13   DIST CPU_IDLE(<1%):4 CPU_NORMAL(1-25%):0 CPU_HOT(>=25%):0
2026-08-16 03:46:16 HEARTBEAT PROCS:0 TOP_MEM:none TOP_CPU:none SYS_CPU:1%-WD:0% SYS_MEM:1.7/32GB(5.3%)-WD:0GB(0%) TRACKING:0 SPIKES:0 KILLS:0
2026-08-16 03:46:16   DIST CPU_IDLE(<1%):0 CPU_NORMAL(1-25%):0 CPU_HOT(>=25%):0
2026-08-16 03:51:20 HEARTBEAT PROCS:0 TOP_MEM:none TOP_CPU:none SYS_CPU:0%-WD:0% SYS_MEM:1.7/32GB(5.3%)-WD:0GB(0%) TRACKING:0 SPIKES:0 KILLS:0
2026-08-16 03:51:20   DIST CPU_IDLE(<1%):0 CPU_NORMAL(1-25%):0 CPU_HOT(>=25%):0
2026-08-16 03:56:22 HEARTBEAT PROCS:0 TOP_MEM:none TOP_CPU:none SYS_CPU:0%-WD:0% SYS_MEM:1.6/32GB(5%)-WD:0GB(0%) TRACKING:0 SPIKES:0 KILLS:0
2026-08-16 03:56:22   DIST CPU_IDLE(<1%):0 CPU_NORMAL(1-25%):0 CPU_HOT(>=25%):0
2026-08-16 04:01:24 HEARTBEAT PROCS:0 TOP_MEM:none TOP_CPU:none SYS_CPU:0%-WD:0% SYS_MEM:1.6/32GB(5%)-WD:0GB(0%) TRACKING:0 SPIKES:0 KILLS:0
2026-08-16 04:01:24   DIST CPU_IDLE(<1%):0 CPU_NORMAL(1-25%):0 CPU_HOT(>=25%):0
2026-08-16 04:06:27 HEARTBEAT PROCS:0 TOP_MEM:none TOP_CPU:none SYS_CPU:1%-WD:0% SYS_MEM:1.7/32GB(5.3%)-WD:0GB(0%) TRACKING:0 SPIKES:0 KILLS:0
2026-08-16 04:06:27   DIST CPU_IDLE(<1%):0 CPU_NORMAL(1-25%):0 CPU_HOT(>=25%):0
2026-08-16 04:11:29 HEARTBEAT PROCS:1 TOP_MEM:PID:7008/34.4MB TOP_CPU:PID:7008/0% SYS_CPU:0%-WD:0% SYS_MEM:1.7/32GB(5.3%)-WD:0GB(0%) TRACKING:0 SPIKES:0 KILLS:0
2026-08-16 04:11:29   DIST CPU_IDLE(<1%):1 CPU_NORMAL(1-25%):0 CPU_HOT(>=25%):0
2026-08-16 04:16:31 HEARTBEAT PROCS:0 TOP_MEM:none TOP_CPU:none SYS_CPU:1%-WD:0% SYS_MEM:1.6/32GB(5%)-WD:0GB(0%) TRACKING:0 SPIKES:0 KILLS:0
2026-08-16 04:16:31   DIST CPU_IDLE(<1%):0 CPU_NORMAL(1-25%):0 CPU_HOT(>=25%):0
2026-08-16 04:21:34 HEARTBEAT PROCS:0 TOP_MEM:none TOP_CPU:none SYS_CPU:1%-WD:0% SYS_MEM:1.7/32GB(5.3%)-WD:0GB(0%) TRACKING:0 SPIKES:0 KILLS:0
2026-08-16 04:21:34   DIST CPU_IDLE(<1%):0 CPU_NORMAL(1-25%):0 CPU_HOT(>=25%):0
2026-08-16 04:26:36 HEARTBEAT PROCS:0 TOP_MEM:none TOP_CPU:none SYS_CPU:1%-WD:0% SYS_MEM:1.6/32GB(5%)-WD:0GB(0%) TRACKING:0 SPIKES:0 KILLS:0
2026-08-16 04:26:36   DIST CPU_IDLE(<1%):0 CPU_NORMAL(1-25%):0 CPU_HOT(>=25%):0
2026-08-16 04:31:38 HEARTBEAT PROCS:0 TOP_MEM:none TOP_CPU:none SYS_CPU:2%-WD:0% SYS_MEM:1.7/32GB(5.3%)-WD:0GB(0%) TRACKING:0 SPIKES:0 KILLS:0
2026-08-16 04:31:38   DIST CPU_IDLE(<1%):0 CPU_NORMAL(1-25%):0 CPU_HOT(>=25%):0
2026-08-16 04:36:41 HEARTBEAT PROCS:0 TOP_MEM:none TOP_CPU:none SYS_CPU:1%-WD:0% SYS_MEM:1.7/32GB(5.3%)-WD:0GB(0%) TRACKING:0 SPIKES:0 KILLS:0
2026-08-16 04:36:41   DIST CPU_IDLE(<1%):0 CPU_NORMAL(1-25%):0 CPU_HOT(>=25%):0
2026-08-16 04:41:43 HEARTBEAT PROCS:4 TOP_MEM:PID:4408/35MB TOP_CPU:PID:1388/0% SYS_CPU:0%-WD:0% SYS_MEM:1.7/32GB(5.3%)-WD:0.1GB(0.3%) TRACKING:0 SPIKES:0 KILLS:0
2026-08-16 04:41:43   DIST CPU_IDLE(<1%):4 CPU_NORMAL(1-25%):0 CPU_HOT(>=25%):0
2026-08-16 04:46:45 HEARTBEAT PROCS:0 TOP_MEM:none TOP_CPU:none SYS_CPU:1%-WD:0% SYS_MEM:1.6/32GB(5%)-WD:0GB(0%) TRACKING:0 SPIKES:0 KILLS:0
2026-08-16 04:46:45   DIST CPU_IDLE(<1%):0 CPU_NORMAL(1-25%):0 CPU_HOT(>=25%):0
2026-08-16 04:51:48 HEARTBEAT PROCS:0 TOP_MEM:none TOP_CPU:none SYS_CPU:1%-WD:0% SYS_MEM:1.7/32GB(5.3%)-WD:0GB(0%) TRACKING:0 SPIKES:0 KILLS:0
2026-08-16 04:51:48   DIST CPU_IDLE(<1%):0 CPU_NORMAL(1-25%):0 CPU_HOT(>=25%):0
2026-08-16 04:56:50 HEARTBEAT PROCS:0 TOP_MEM:none TOP_CPU:none SYS_CPU:1%-WD:0% SYS_MEM:1.6/32GB(5%)-WD:0GB(0%) TRACKING:0 SPIKES:0 KILLS:0
2026-08-16 04:56:50   DIST CPU_IDLE(<1%):0 CPU_NORMAL(1-25%):0 CPU_HOT(>=25%):0
2026-08-16 05:01:52 HEARTBEAT PROCS:0 TOP_MEM:none TOP_CPU:none SYS_CPU:1%-WD:0% SYS_MEM:1.7/32GB(5.3%)-WD:0GB(0%) TRACKING:0 SPIKES:0 KILLS:0
2026-08-16 05:01:52   DIST CPU_IDLE(<1%):0 CPU_NORMAL(1-25%):0 CPU_HOT(>=25%):0
2026-08-16 05:06:55 HEARTBEAT PROCS:1 TOP_MEM:PID:5132/43.3MB TOP_CPU:PID:5132/0% SYS_CPU:1%-WD:0% SYS_MEM:1.7/32GB(5.3%)-WD:0GB(0%) TRACKING:0 SPIKES:0 KILLS:0
2026-08-16 05:06:55   DIST CPU_IDLE(<1%):1 CPU_NORMAL(1-25%):0 CPU_HOT(>=25%):0
2026-08-16 05:11:58 HEARTBEAT PROCS:6 TOP_MEM:PID:5916/52MB TOP_CPU:PID:4136/0% SYS_CPU:1%-WD:0% SYS_MEM:1.8/32GB(5.6%)-WD:0.2GB(0.6%) TRACKING:0 SPIKES:0 KILLS:0
2026-08-16 05:11:58   DIST CPU_IDLE(<1%):6 CPU_NORMAL(1-25%):0 CPU_HOT(>=25%):0
2026-08-16 05:17:00 HEARTBEAT PROCS:5 TOP_MEM:PID:5916/52MB TOP_CPU:PID:2340/0% SYS_CPU:1%-WD:0% SYS_MEM:1.8/32GB(5.6%)-WD:0.2GB(0.6%) TRACKING:0 SPIKES:0 KILLS:0
2026-08-16 05:17:00   DIST CPU_IDLE(<1%):5 CPU_NORMAL(1-25%):0 CPU_HOT(>=25%):0
2026-08-16 05:22:03 HEARTBEAT PROCS:4 TOP_MEM:PID:6480/34.9MB TOP_CPU:PID:6724/0% SYS_CPU:1%-WD:0% SYS_MEM:1.7/32GB(5.3%)-WD:0.1GB(0.3%) TRACKING:0 SPIKES:0 KILLS:0
2026-08-16 05:22:03   DIST CPU_IDLE(<1%):4 CPU_NORMAL(1-25%):0 CPU_HOT(>=25%):0
2026-08-16 05:27:06 HEARTBEAT PROCS:0 TOP_MEM:none TOP_CPU:none SYS_CPU:1%-WD:0% SYS_MEM:1.7/32GB(5.3%)-WD:0GB(0%) TRACKING:0 SPIKES:0 KILLS:0
2026-08-16 05:27:06   DIST CPU_IDLE(<1%):0 CPU_NORMAL(1-25%):0 CPU_HOT(>=25%):0
2026-08-16 05:32:08 HEARTBEAT PROCS:0 TOP_MEM:none TOP_CPU:none SYS_CPU:1%-WD:0% SYS_MEM:1.8/32GB(5.6%)-WD:0GB(0%) TRACKING:0 SPIKES:0 KILLS:0
2026-08-16 05:32:08   DIST CPU_IDLE(<1%):0 CPU_NORMAL(1-25%):0 CPU_HOT(>=25%):0
2026-08-16 05:37:10 HEARTBEAT PROCS:1 TOP_MEM:PID:2812/43.5MB TOP_CPU:PID:2812/0% SYS_CPU:1%-WD:0% SYS_MEM:1.8/32GB(5.6%)-WD:0GB(0%) TRACKING:0 SPIKES:0 KILLS:0
2026-08-16 05:37:10   DIST CPU_IDLE(<1%):1 CPU_NORMAL(1-25%):0 CPU_HOT(>=25%):0
2026-08-16 05:42:13 HEARTBEAT PROCS:0 TOP_MEM:none TOP_CPU:none SYS_CPU:1%-WD:0% SYS_MEM:1.8/32GB(5.6%)-WD:0GB(0%) TRACKING:0 SPIKES:0 KILLS:0
2026-08-16 05:42:13   DIST CPU_IDLE(<1%):0 CPU_NORMAL(1-25%):0 CPU_HOT(>=25%):0
2026-08-16 05:47:15 HEARTBEAT PROCS:3 TOP_MEM:PID:592/49.4MB TOP_CPU:PID:3192/0% SYS_CPU:0%-WD:0% SYS_MEM:1.9/32GB(5.9%)-WD:0.1GB(0.3%) TRACKING:0 SPIKES:0 KILLS:0
2026-08-16 05:47:15   DIST CPU_IDLE(<1%):3 CPU_NORMAL(1-25%):0 CPU_HOT(>=25%):0
2026-08-16 05:52:18 HEARTBEAT PROCS:0 TOP_MEM:none TOP_CPU:none SYS_CPU:2%-WD:0% SYS_MEM:1.8/32GB(5.6%)-WD:0GB(0%) TRACKING:0 SPIKES:0 KILLS:0
2026-08-16 05:52:18   DIST CPU_IDLE(<1%):0 CPU_NORMAL(1-25%):0 CPU_HOT(>=25%):0
2026-08-16 05:57:21 HEARTBEAT PROCS:0 TOP_MEM:none TOP_CPU:none SYS_CPU:1%-WD:0% SYS_MEM:1.8/32GB(5.6%)-WD:0GB(0%) TRACKING:0 SPIKES:0 KILLS:0
2026-08-16 05:57:21   DIST CPU_IDLE(<1%):0 CPU_NORMAL(1-25%):0 CPU_HOT(>=25%):0
2026-08-16 06:02:23 HEARTBEAT PROCS:0 TOP_MEM:none TOP_CPU:none SYS_CPU:1%-WD:0% SYS_MEM:1.8/32GB(5.6%)-WD:0GB(0%) TRACKING:0 SPIKES:0 KILLS:0
2026-08-16 06:02:23   DIST CPU_IDLE(<1%):0 CPU_NORMAL(1-25%):0 CPU_HOT(>=25%):0
2026-08-16 06:07:25 HEARTBEAT PROCS:0 TOP_MEM:none TOP_CPU:none SYS_CPU:0%-WD:0% SYS_MEM:1.8/32GB(5.6%)-WD:0GB(0%) TRACKING:0 SPIKES:0 KILLS:0
2026-08-16 06:07:25   DIST CPU_IDLE(<1%):0 CPU_NORMAL(1-25%):0 CPU_HOT(>=25%):0
2026-08-16 06:12:28 HEARTBEAT PROCS:0 TOP_MEM:none TOP_CPU:none SYS_CPU:2%-WD:0% SYS_MEM:1.8/32GB(5.6%)-WD:0GB(0%) TRACKING:0 SPIKES:0 KILLS:0
2026-08-16 06:12:28   DIST CPU_IDLE(<1%):0 CPU_NORMAL(1-25%):0 CPU_HOT(>=25%):0
2026-08-16 06:17:30 HEARTBEAT PROCS:0 TOP_MEM:none TOP_CPU:none SYS_CPU:1%-WD:0% SYS_MEM:1.8/32GB(5.6%)-WD:0GB(0%) TRACKING:0 SPIKES:0 KILLS:0
2026-08-16 06:17:30   DIST CPU_IDLE(<1%):0 CPU_NORMAL(1-25%):0 CPU_HOT(>=25%):0
2026-08-16 06:22:33 HEARTBEAT PROCS:0 TOP_MEM:none TOP_CPU:none SYS_CPU:2%-WD:0% SYS_MEM:1.8/32GB(5.6%)-WD:0GB(0%) TRACKING:0 SPIKES:0 KILLS:0
2026-08-16 06:22:33   DIST CPU_IDLE(<1%):0 CPU_NORMAL(1-25%):0 CPU_HOT(>=25%):0
2026-08-16 06:27:35 HEARTBEAT PROCS:2 TOP_MEM:PID:6776/63.6MB TOP_CPU:PID:1336/0% SYS_CPU:0%-WD:0% SYS_MEM:1.9/32GB(5.9%)-WD:0.1GB(0.3%) TRACKING:0 SPIKES:0 KILLS:0
2026-08-16 06:27:35   DIST CPU_IDLE(<1%):2 CPU_NORMAL(1-25%):0 CPU_HOT(>=25%):0
2026-08-16 06:32:38 HEARTBEAT PROCS:3 TOP_MEM:PID:6776/68.5MB TOP_CPU:PID:6776/0% SYS_CPU:1%-WD:0% SYS_MEM:1.9/32GB(5.9%)-WD:0.2GB(0.6%) TRACKING:0 SPIKES:0 KILLS:0
2026-08-16 06:32:38   DIST CPU_IDLE(<1%):3 CPU_NORMAL(1-25%):0 CPU_HOT(>=25%):0
2026-08-16 06:37:41 HEARTBEAT PROCS:1 TOP_MEM:PID:6776/71.9MB TOP_CPU:PID:6776/0% SYS_CPU:1%-WD:0% SYS_MEM:1.9/32GB(5.9%)-WD:0.1GB(0.3%) TRACKING:0 SPIKES:0 KILLS:0
2026-08-16 06:37:41   DIST CPU_IDLE(<1%):1 CPU_NORMAL(1-25%):0 CPU_HOT(>=25%):0
2026-08-16 06:42:43 HEARTBEAT PROCS:6 TOP_MEM:PID:6776/74.8MB TOP_CPU:PID:2300/0% SYS_CPU:0%-WD:0% SYS_MEM:1.9/32GB(5.9%)-WD:0.2GB(0.6%) TRACKING:0 SPIKES:0 KILLS:0
2026-08-16 06:42:43   DIST CPU_IDLE(<1%):6 CPU_NORMAL(1-25%):0 CPU_HOT(>=25%):0
2026-08-16 06:47:46 HEARTBEAT PROCS:2 TOP_MEM:PID:6776/73.3MB TOP_CPU:PID:4424/0% SYS_CPU:0%-WD:0% SYS_MEM:1.9/32GB(5.9%)-WD:0.1GB(0.3%) TRACKING:0 SPIKES:0 KILLS:0
2026-08-16 06:47:46   DIST CPU_IDLE(<1%):2 CPU_NORMAL(1-25%):0 CPU_HOT(>=25%):0
2026-08-16 06:52:49 HEARTBEAT PROCS:5 TOP_MEM:PID:6776/88.1MB TOP_CPU:PID:6776/2.1% SYS_CPU:0%-WD:2.1% SYS_MEM:2/32GB(6.2%)-WD:0.3GB(0.9%) TRACKING:0 SPIKES:0 KILLS:0
2026-08-16 06:52:49   DIST CPU_IDLE(<1%):4 CPU_NORMAL(1-25%):1 CPU_HOT(>=25%):0
2026-08-16 06:57:52 HEARTBEAT PROCS:5 TOP_MEM:PID:6776/81.4MB TOP_CPU:PID:5944/0% SYS_CPU:1%-WD:0% SYS_MEM:2/32GB(6.2%)-WD:0.3GB(0.9%) TRACKING:0 SPIKES:0 KILLS:0
2026-08-16 06:57:52   DIST CPU_IDLE(<1%):5 CPU_NORMAL(1-25%):0 CPU_HOT(>=25%):0
2026-08-16 07:02:55 HEARTBEAT PROCS:8 TOP_MEM:PID:6776/81.4MB TOP_CPU:PID:6892/0% SYS_CPU:1%-WD:0% SYS_MEM:2.1/32GB(6.6%)-WD:0.4GB(1.2%) TRACKING:0 SPIKES:0 KILLS:0
2026-08-16 07:02:55   DIST CPU_IDLE(<1%):8 CPU_NORMAL(1-25%):0 CPU_HOT(>=25%):0
2026-08-16 07:07:58 HEARTBEAT PROCS:4 TOP_MEM:PID:6776/88.7MB TOP_CPU:PID:5944/0% SYS_CPU:0%-WD:0% SYS_MEM:2/32GB(6.2%)-WD:0.3GB(0.9%) TRACKING:0 SPIKES:0 KILLS:0
2026-08-16 07:07:58   DIST CPU_IDLE(<1%):4 CPU_NORMAL(1-25%):0 CPU_HOT(>=25%):0
2026-08-16 07:13:01 HEARTBEAT PROCS:11 TOP_MEM:PID:6776/90.9MB TOP_CPU:PID:5944/3.4% SYS_CPU:2%-WD:3.4% SYS_MEM:2.2/32GB(6.9%)-WD:0.6GB(1.9%) TRACKING:0 SPIKES:0 KILLS:0
2026-08-16 07:13:01   DIST CPU_IDLE(<1%):10 CPU_NORMAL(1-25%):1 CPU_HOT(>=25%):0
2026-08-16 07:18:05 HEARTBEAT PROCS:13 TOP_MEM:PID:6776/96.3MB TOP_CPU:PID:6444/0% SYS_CPU:1%-WD:0% SYS_MEM:2.2/32GB(6.9%)-WD:0.7GB(2.2%) TRACKING:0 SPIKES:0 KILLS:0
2026-08-16 07:18:05   DIST CPU_IDLE(<1%):13 CPU_NORMAL(1-25%):0 CPU_HOT(>=25%):0
2026-08-16 07:23:08 HEARTBEAT PROCS:8 TOP_MEM:PID:6776/98.1MB TOP_CPU:PID:772/0% SYS_CPU:1%-WD:0% SYS_MEM:2.1/32GB(6.6%)-WD:0.4GB(1.2%) TRACKING:0 SPIKES:0 KILLS:0
2026-08-16 07:23:08   DIST CPU_IDLE(<1%):8 CPU_NORMAL(1-25%):0 CPU_HOT(>=25%):0
2026-08-16 07:28:11 HEARTBEAT PROCS:3 TOP_MEM:PID:6776/102.4MB TOP_CPU:PID:6776/0% SYS_CPU:1%-WD:0% SYS_MEM:2/32GB(6.2%)-WD:0.2GB(0.6%) TRACKING:0 SPIKES:0 KILLS:0
2026-08-16 07:28:11   DIST CPU_IDLE(<1%):3 CPU_NORMAL(1-25%):0 CPU_HOT(>=25%):0
2026-08-16 07:33:15 HEARTBEAT PROCS:9 TOP_MEM:PID:6776/101.1MB TOP_CPU:PID:1388/0% SYS_CPU:1%-WD:0% SYS_MEM:2.2/32GB(6.9%)-WD:0.5GB(1.6%) TRACKING:0 SPIKES:0 KILLS:0
2026-08-16 07:33:15   DIST CPU_IDLE(<1%):9 CPU_NORMAL(1-25%):0 CPU_HOT(>=25%):0
2026-08-16 07:38:18 HEARTBEAT PROCS:8 TOP_MEM:PID:3688/86.5MB TOP_CPU:PID:1452/0% SYS_CPU:4%-WD:0% SYS_MEM:2.1/32GB(6.6%)-WD:0.4GB(1.2%) TRACKING:0 SPIKES:0 KILLS:0
2026-08-16 07:38:18   DIST CPU_IDLE(<1%):8 CPU_NORMAL(1-25%):0 CPU_HOT(>=25%):0
2026-08-16 07:43:21 HEARTBEAT PROCS:2 TOP_MEM:PID:3688/88.7MB TOP_CPU:PID:5944/0% SYS_CPU:0%-WD:0% SYS_MEM:1.9/32GB(5.9%)-WD:0.2GB(0.6%) TRACKING:0 SPIKES:0 KILLS:0
2026-08-16 07:43:21   DIST CPU_IDLE(<1%):2 CPU_NORMAL(1-25%):0 CPU_HOT(>=25%):0
2026-08-16 07:48:24 HEARTBEAT PROCS:3 TOP_MEM:PID:3688/95MB TOP_CPU:PID:4788/0% SYS_CPU:0%-WD:0% SYS_MEM:2/32GB(6.2%)-WD:0.2GB(0.6%) TRACKING:0 SPIKES:0 KILLS:0
2026-08-16 07:48:24   DIST CPU_IDLE(<1%):3 CPU_NORMAL(1-25%):0 CPU_HOT(>=25%):0
2026-08-16 07:53:27 HEARTBEAT PROCS:4 TOP_MEM:PID:3688/93.8MB TOP_CPU:PID:5932/0% SYS_CPU:1%-WD:0% SYS_MEM:2/32GB(6.2%)-WD:0.3GB(0.9%) TRACKING:0 SPIKES:0 KILLS:0
2026-08-16 07:53:27   DIST CPU_IDLE(<1%):4 CPU_NORMAL(1-25%):0 CPU_HOT(>=25%):0
2026-08-16 07:58:30 HEARTBEAT PROCS:14 TOP_MEM:PID:5904/100.7MB TOP_CPU:PID:4412/0% SYS_CPU:1%-WD:0% SYS_MEM:2.2/32GB(6.9%)-WD:0.7GB(2.2%) TRACKING:0 SPIKES:0 KILLS:0
2026-08-16 07:58:30   DIST CPU_IDLE(<1%):14 CPU_NORMAL(1-25%):0 CPU_HOT(>=25%):0
2026-08-16 08:03:33 HEARTBEAT PROCS:17 TOP_MEM:PID:3688/96.9MB TOP_CPU:PID:1344/0% SYS_CPU:1%-WD:0% SYS_MEM:2.3/32GB(7.2%)-WD:0.8GB(2.5%) TRACKING:0 SPIKES:0 KILLS:0
2026-08-16 08:03:33   DIST CPU_IDLE(<1%):17 CPU_NORMAL(1-25%):0 CPU_HOT(>=25%):0
2026-08-16 08:08:38 HEARTBEAT PROCS:28 TOP_MEM:PID:3688/88.8MB TOP_CPU:PID:3684/0% SYS_CPU:1%-WD:0% SYS_MEM:2.6/32GB(8.1%)-WD:1.2GB(3.8%) TRACKING:0 SPIKES:0 KILLS:0
2026-08-16 08:08:38   DIST CPU_IDLE(<1%):28 CPU_NORMAL(1-25%):0 CPU_HOT(>=25%):0
2026-08-16 08:13:41 HEARTBEAT PROCS:22 TOP_MEM:PID:2980/97.1MB TOP_CPU:PID:1564/0% SYS_CPU:2%-WD:0% SYS_MEM:2.6/32GB(8.1%)-WD:1.1GB(3.4%) TRACKING:0 SPIKES:1 KILLS:0
2026-08-16 08:13:41   DIST CPU_IDLE(<1%):22 CPU_NORMAL(1-25%):0 CPU_HOT(>=25%):0
2026-08-16 08:18:45 HEARTBEAT PROCS:32 TOP_MEM:PID:2980/103.7MB TOP_CPU:PID:3148/0% SYS_CPU:1%-WD:0% SYS_MEM:2.7/32GB(8.4%)-WD:1.5GB(4.7%) TRACKING:0 SPIKES:1 KILLS:0
2026-08-16 08:18:45   DIST CPU_IDLE(<1%):32 CPU_NORMAL(1-25%):0 CPU_HOT(>=25%):0
2026-08-16 08:23:49 HEARTBEAT PROCS:28 TOP_MEM:PID:2980/108.3MB TOP_CPU:PID:4400/0% SYS_CPU:1%-WD:0% SYS_MEM:2.7/32GB(8.4%)-WD:1.3GB(4.1%) TRACKING:0 SPIKES:0 KILLS:0
2026-08-16 08:23:49   DIST CPU_IDLE(<1%):28 CPU_NORMAL(1-25%):0 CPU_HOT(>=25%):0
2026-08-16 08:28:53 HEARTBEAT PROCS:17 TOP_MEM:PID:2980/104.1MB TOP_CPU:PID:8112/0% SYS_CPU:0%-WD:0% SYS_MEM:2.4/32GB(7.5%)-WD:0.9GB(2.8%) TRACKING:0 SPIKES:0 KILLS:0
2026-08-16 08:28:53   DIST CPU_IDLE(<1%):17 CPU_NORMAL(1-25%):0 CPU_HOT(>=25%):0
2026-08-16 08:33:57 HEARTBEAT PROCS:35 TOP_MEM:PID:2980/104.1MB TOP_CPU:PID:8008/2% SYS_CPU:1%-WD:2% SYS_MEM:2.8/32GB(8.8%)-WD:1.6GB(5%) TRACKING:0 SPIKES:0 KILLS:0
2026-08-16 08:33:57   DIST CPU_IDLE(<1%):34 CPU_NORMAL(1-25%):1 CPU_HOT(>=25%):0
2026-08-16 08:39:01 HEARTBEAT PROCS:36 TOP_MEM:PID:2980/104.1MB TOP_CPU:PID:3688/0% SYS_CPU:1%-WD:0% SYS_MEM:2.7/32GB(8.4%)-WD:1.5GB(4.7%) TRACKING:0 SPIKES:0 KILLS:0
2026-08-16 08:39:01   DIST CPU_IDLE(<1%):36 CPU_NORMAL(1-25%):0 CPU_HOT(>=25%):0
2026-08-16 08:44:05 HEARTBEAT PROCS:15 TOP_MEM:PID:2980/103.4MB TOP_CPU:PID:2144/1.4% SYS_CPU:1%-WD:1.4% SYS_MEM:2.3/32GB(7.2%)-WD:0.7GB(2.2%) TRACKING:0 SPIKES:0 KILLS:0
2026-08-16 08:44:05   DIST CPU_IDLE(<1%):14 CPU_NORMAL(1-25%):1 CPU_HOT(>=25%):0
2026-08-16 08:49:08 HEARTBEAT PROCS:30 TOP_MEM:PID:2980/111.7MB TOP_CPU:PID:4748/0% SYS_CPU:1%-WD:0% SYS_MEM:2.6/32GB(8.1%)-WD:1.3GB(4.1%) TRACKING:0 SPIKES:0 KILLS:0
2026-08-16 08:49:08   DIST CPU_IDLE(<1%):30 CPU_NORMAL(1-25%):0 CPU_HOT(>=25%):0
2026-08-16 08:54:13 HEARTBEAT PROCS:43 TOP_MEM:PID:4400/72MB TOP_CPU:PID:7508/0% SYS_CPU:1%-WD:0% SYS_MEM:2.8/32GB(8.8%)-WD:1.7GB(5.3%) TRACKING:0 SPIKES:0 KILLS:0
2026-08-16 08:54:13   DIST CPU_IDLE(<1%):43 CPU_NORMAL(1-25%):0 CPU_HOT(>=25%):0
2026-08-16 08:59:17 HEARTBEAT PROCS:13 TOP_MEM:PID:8164/83MB TOP_CPU:PID:2268/0% SYS_CPU:1%-WD:0% SYS_MEM:2.2/32GB(6.9%)-WD:0.6GB(1.9%) TRACKING:0 SPIKES:2 KILLS:0
2026-08-16 08:59:17   DIST CPU_IDLE(<1%):13 CPU_NORMAL(1-25%):0 CPU_HOT(>=25%):0
2026-08-16 09:04:21 HEARTBEAT PROCS:8 TOP_MEM:PID:6860/90.9MB TOP_CPU:PID:6652/0% SYS_CPU:1%-WD:0% SYS_MEM:2.1/32GB(6.6%)-WD:0.4GB(1.2%) TRACKING:0 SPIKES:0 KILLS:0
2026-08-16 09:04:21   DIST CPU_IDLE(<1%):8 CPU_NORMAL(1-25%):0 CPU_HOT(>=25%):0
2026-08-16 09:09:25 HEARTBEAT PROCS:31 TOP_MEM:PID:6860/99.5MB TOP_CPU:PID:6860/7.6% SYS_CPU:1%-WD:7.6% SYS_MEM:2.6/32GB(8.1%)-WD:1.3GB(4.1%) TRACKING:0 SPIKES:0 KILLS:0
2026-08-16 09:09:25   DIST CPU_IDLE(<1%):30 CPU_NORMAL(1-25%):1 CPU_HOT(>=25%):0
2026-08-16 09:14:29 HEARTBEAT PROCS:21 TOP_MEM:PID:6860/94.1MB TOP_CPU:PID:7084/0% SYS_CPU:1%-WD:0% SYS_MEM:2.5/32GB(7.8%)-WD:1.1GB(3.4%) TRACKING:0 SPIKES:0 KILLS:0
2026-08-16 09:14:29   DIST CPU_IDLE(<1%):21 CPU_NORMAL(1-25%):0 CPU_HOT(>=25%):0
2026-08-16 09:19:32 HEARTBEAT PROCS:27 TOP_MEM:PID:6860/95.5MB TOP_CPU:PID:3332/0% SYS_CPU:1%-WD:0% SYS_MEM:2.7/32GB(8.4%)-WD:1.3GB(4.1%) TRACKING:0 SPIKES:4 KILLS:0
2026-08-16 09:19:32   DIST CPU_IDLE(<1%):27 CPU_NORMAL(1-25%):0 CPU_HOT(>=25%):0
2026-08-16 09:24:37 HEARTBEAT PROCS:18 TOP_MEM:PID:1772/95.6MB TOP_CPU:PID:6972/0% SYS_CPU:1%-WD:0% SYS_MEM:2.5/32GB(7.8%)-WD:1GB(3.1%) TRACKING:0 SPIKES:2 KILLS:0
2026-08-16 09:24:37   DIST CPU_IDLE(<1%):18 CPU_NORMAL(1-25%):0 CPU_HOT(>=25%):0
2026-08-16 09:29:40 HEARTBEAT PROCS:19 TOP_MEM:PID:1772/95.6MB TOP_CPU:PID:812/0% SYS_CPU:1%-WD:0% SYS_MEM:2.5/32GB(7.8%)-WD:1GB(3.1%) TRACKING:0 SPIKES:0 KILLS:0
2026-08-16 09:29:40   DIST CPU_IDLE(<1%):19 CPU_NORMAL(1-25%):0 CPU_HOT(>=25%):0
2026-08-16 09:34:44 HEARTBEAT PROCS:19 TOP_MEM:PID:1772/95.6MB TOP_CPU:PID:1324/0% SYS_CPU:1%-WD:0% SYS_MEM:2.5/32GB(7.8%)-WD:1GB(3.1%) TRACKING:0 SPIKES:0 KILLS:0
2026-08-16 09:34:44   DIST CPU_IDLE(<1%):19 CPU_NORMAL(1-25%):0 CPU_HOT(>=25%):0
2026-08-16 09:39:47 HEARTBEAT PROCS:17 TOP_MEM:PID:6860/95.5MB TOP_CPU:PID:7852/0% SYS_CPU:1%-WD:0% SYS_MEM:2.4/32GB(7.5%)-WD:0.9GB(2.8%) TRACKING:0 SPIKES:0 KILLS:0
2026-08-16 09:39:47   DIST CPU_IDLE(<1%):17 CPU_NORMAL(1-25%):0 CPU_HOT(>=25%):0
2026-08-16 09:44:51 HEARTBEAT PROCS:19 TOP_MEM:PID:4768/113.4MB TOP_CPU:PID:7636/0% SYS_CPU:1%-WD:0% SYS_MEM:2.7/32GB(8.4%)-WD:1.1GB(3.4%) TRACKING:0 SPIKES:0 KILLS:0
2026-08-16 09:44:51   DIST CPU_IDLE(<1%):19 CPU_NORMAL(1-25%):0 CPU_HOT(>=25%):0
2026-08-16 09:49:55 HEARTBEAT PROCS:28 TOP_MEM:PID:4768/113.4MB TOP_CPU:PID:6168/0% SYS_CPU:2%-WD:0% SYS_MEM:2.8/32GB(8.8%)-WD:1.4GB(4.4%) TRACKING:0 SPIKES:0 KILLS:0
2026-08-16 09:49:55   DIST CPU_IDLE(<1%):28 CPU_NORMAL(1-25%):0 CPU_HOT(>=25%):0
2026-08-16 09:54:59 HEARTBEAT PROCS:6 TOP_MEM:PID:4768/113.4MB TOP_CPU:PID:5056/0% SYS_CPU:1%-WD:0% SYS_MEM:2.3/32GB(7.2%)-WD:0.5GB(1.6%) TRACKING:0 SPIKES:2 KILLS:0
2026-08-16 09:54:59   DIST CPU_IDLE(<1%):6 CPU_NORMAL(1-25%):0 CPU_HOT(>=25%):0
2026-08-16 10:00:03 HEARTBEAT PROCS:15 TOP_MEM:PID:4768/113.4MB TOP_CPU:PID:3308/6.9% SYS_CPU:12%-WD:7.5% SYS_MEM:2.6/32GB(8.1%)-WD:0.9GB(2.8%) TRACKING:0 SPIKES:0 KILLS:0
2026-08-16 10:00:03   DIST CPU_IDLE(<1%):14 CPU_NORMAL(1-25%):1 CPU_HOT(>=25%):0
2026-08-16 10:05:06 HEARTBEAT PROCS:24 TOP_MEM:PID:6860/98.5MB TOP_CPU:PID:3528/0% SYS_CPU:4%-WD:0% SYS_MEM:2.6/32GB(8.1%)-WD:1.2GB(3.8%) TRACKING:0 SPIKES:0 KILLS:0
2026-08-16 10:05:06   DIST CPU_IDLE(<1%):24 CPU_NORMAL(1-25%):0 CPU_HOT(>=25%):0
2026-08-16 10:10:10 HEARTBEAT PROCS:49 TOP_MEM:PID:3528/96.9MB TOP_CPU:PID:6860/11% SYS_CPU:1%-WD:11% SYS_MEM:3.3/32GB(10.3%)-WD:2.3GB(7.2%) TRACKING:0 SPIKES:0 KILLS:0
2026-08-16 10:10:10   DIST CPU_IDLE(<1%):48 CPU_NORMAL(1-25%):1 CPU_HOT(>=25%):0
2026-08-16 10:15:15 HEARTBEAT PROCS:31 TOP_MEM:PID:6860/97.3MB TOP_CPU:PID:7788/0% SYS_CPU:1%-WD:0% SYS_MEM:2.8/32GB(8.8%)-WD:1.5GB(4.7%) TRACKING:0 SPIKES:1 KILLS:0
2026-08-16 10:15:15   DIST CPU_IDLE(<1%):31 CPU_NORMAL(1-25%):0 CPU_HOT(>=25%):0
2026-08-16 10:20:18 HEARTBEAT PROCS:23 TOP_MEM:PID:6860/97.6MB TOP_CPU:PID:7220/0% SYS_CPU:1%-WD:0% SYS_MEM:2.6/32GB(8.1%)-WD:1.2GB(3.8%) TRACKING:0 SPIKES:0 KILLS:0
2026-08-16 10:20:18   DIST CPU_IDLE(<1%):23 CPU_NORMAL(1-25%):0 CPU_HOT(>=25%):0
2026-08-16 10:25:22 HEARTBEAT PROCS:33 TOP_MEM:PID:6860/98.1MB TOP_CPU:PID:4748/0% SYS_CPU:0%-WD:0% SYS_MEM:2.8/32GB(8.8%)-WD:1.5GB(4.7%) TRACKING:0 SPIKES:0 KILLS:0
2026-08-16 10:25:22   DIST CPU_IDLE(<1%):33 CPU_NORMAL(1-25%):0 CPU_HOT(>=25%):0
2026-08-16 10:30:26 HEARTBEAT PROCS:26 TOP_MEM:PID:6704/110.4MB TOP_CPU:PID:6704/6.5% SYS_CPU:1%-WD:6.5% SYS_MEM:2.7/32GB(8.4%)-WD:1.4GB(4.4%) TRACKING:0 SPIKES:0 KILLS:0
2026-08-16 10:30:26   DIST CPU_IDLE(<1%):25 CPU_NORMAL(1-25%):1 CPU_HOT(>=25%):0
2026-08-16 10:35:30 HEARTBEAT PROCS:23 TOP_MEM:PID:6860/100.3MB TOP_CPU:PID:2412/0% SYS_CPU:0%-WD:0% SYS_MEM:2.7/32GB(8.4%)-WD:1.3GB(4.1%) TRACKING:0 SPIKES:0 KILLS:0
2026-08-16 10:35:30   DIST CPU_IDLE(<1%):23 CPU_NORMAL(1-25%):0 CPU_HOT(>=25%):0
2026-08-16 10:40:34 HEARTBEAT PROCS:48 TOP_MEM:PID:6860/99.9MB TOP_CPU:PID:6972/0% SYS_CPU:1%-WD:0% SYS_MEM:3.2/32GB(10%)-WD:2.2GB(6.9%) TRACKING:0 SPIKES:1 KILLS:0
2026-08-16 10:40:34   DIST CPU_IDLE(<1%):48 CPU_NORMAL(1-25%):0 CPU_HOT(>=25%):0
2026-08-16 10:45:38 HEARTBEAT PROCS:40 TOP_MEM:PID:6860/99.9MB TOP_CPU:PID:1456/0% SYS_CPU:2%-WD:0% SYS_MEM:3.1/32GB(9.7%)-WD:1.9GB(5.9%) TRACKING:0 SPIKES:1 KILLS:0
2026-08-16 10:45:38   DIST CPU_IDLE(<1%):40 CPU_NORMAL(1-25%):0 CPU_HOT(>=25%):0
2026-08-16 10:50:42 HEARTBEAT PROCS:26 TOP_MEM:PID:6860/98.3MB TOP_CPU:PID:4396/0% SYS_CPU:1%-WD:0% SYS_MEM:2.7/32GB(8.4%)-WD:1.3GB(4.1%) TRACKING:0 SPIKES:0 KILLS:0
2026-08-16 10:50:42   DIST CPU_IDLE(<1%):26 CPU_NORMAL(1-25%):0 CPU_HOT(>=25%):0
2026-08-16 10:55:46 HEARTBEAT PROCS:35 TOP_MEM:PID:6860/100.4MB TOP_CPU:PID:7504/0% SYS_CPU:1%-WD:0% SYS_MEM:3/32GB(9.4%)-WD:1.7GB(5.3%) TRACKING:0 SPIKES:2 KILLS:0
2026-08-16 10:55:46   DIST CPU_IDLE(<1%):35 CPU_NORMAL(1-25%):0 CPU_HOT(>=25%):0
2026-08-16 11:00:50 HEARTBEAT PROCS:33 TOP_MEM:PID:6860/100.7MB TOP_CPU:PID:1456/0% SYS_CPU:0%-WD:0% SYS_MEM:2.8/32GB(8.8%)-WD:1.6GB(5%) TRACKING:0 SPIKES:0 KILLS:0
2026-08-16 11:00:50   DIST CPU_IDLE(<1%):33 CPU_NORMAL(1-25%):0 CPU_HOT(>=25%):0
2026-08-16 11:05:54 HEARTBEAT PROCS:25 TOP_MEM:PID:6860/99.7MB TOP_CPU:PID:5860/0% SYS_CPU:1%-WD:0% SYS_MEM:2.7/32GB(8.4%)-WD:1.3GB(4.1%) TRACKING:0 SPIKES:0 KILLS:0
2026-08-16 11:05:54   DIST CPU_IDLE(<1%):25 CPU_NORMAL(1-25%):0 CPU_HOT(>=25%):0
2026-08-16 11:10:58 HEARTBEAT PROCS:32 TOP_MEM:PID:6860/99.6MB TOP_CPU:PID:6704/0% SYS_CPU:1%-WD:0% SYS_MEM:2.9/32GB(9.1%)-WD:1.6GB(5%) TRACKING:0 SPIKES:2 KILLS:0
2026-08-16 11:10:58   DIST CPU_IDLE(<1%):32 CPU_NORMAL(1-25%):0 CPU_HOT(>=25%):0
2026-08-16 11:16:01 HEARTBEAT PROCS:41 TOP_MEM:PID:6860/99.6MB TOP_CPU:PID:7236/0% SYS_CPU:2%-WD:0% SYS_MEM:3.2/32GB(10%)-WD:2GB(6.2%) TRACKING:0 SPIKES:1 KILLS:0
2026-08-16 11:16:02   DIST CPU_IDLE(<1%):41 CPU_NORMAL(1-25%):0 CPU_HOT(>=25%):0
2026-08-16 11:21:06 HEARTBEAT PROCS:26 TOP_MEM:PID:6860/99.6MB TOP_CPU:PID:1456/0% SYS_CPU:1%-WD:0% SYS_MEM:2.8/32GB(8.8%)-WD:1.4GB(4.4%) TRACKING:0 SPIKES:0 KILLS:0
2026-08-16 11:21:06   DIST CPU_IDLE(<1%):26 CPU_NORMAL(1-25%):0 CPU_HOT(>=25%):0
2026-08-16 11:26:09 HEARTBEAT PROCS:30 TOP_MEM:PID:6860/99.6MB TOP_CPU:PID:7148/0% SYS_CPU:1%-WD:0% SYS_MEM:2.8/32GB(8.8%)-WD:1.5GB(4.7%) TRACKING:0 SPIKES:0 KILLS:0
2026-08-16 11:26:09   DIST CPU_IDLE(<1%):30 CPU_NORMAL(1-25%):0 CPU_HOT(>=25%):0
2026-08-16 11:31:13 HEARTBEAT PROCS:40 TOP_MEM:PID:3088/113.3MB TOP_CPU:PID:6796/0% SYS_CPU:1%-WD:0% SYS_MEM:3.2/32GB(10%)-WD:1.9GB(5.9%) TRACKING:0 SPIKES:0 KILLS:0
2026-08-16 11:31:13   DIST CPU_IDLE(<1%):40 CPU_NORMAL(1-25%):0 CPU_HOT(>=25%):0
2026-08-16 11:36:18 HEARTBEAT PROCS:31 TOP_MEM:PID:3088/113.3MB TOP_CPU:PID:1456/0% SYS_CPU:0%-WD:0% SYS_MEM:3/32GB(9.4%)-WD:1.6GB(5%) TRACKING:0 SPIKES:0 KILLS:0
2026-08-16 11:36:18   DIST CPU_IDLE(<1%):31 CPU_NORMAL(1-25%):0 CPU_HOT(>=25%):0
2026-08-16 11:41:21 HEARTBEAT PROCS:37 TOP_MEM:PID:3088/113.4MB TOP_CPU:PID:6704/0% SYS_CPU:1%-WD:0% SYS_MEM:3.2/32GB(10%)-WD:1.9GB(5.9%) TRACKING:0 SPIKES:1 KILLS:0
2026-08-16 11:41:21   DIST CPU_IDLE(<1%):37 CPU_NORMAL(1-25%):0 CPU_HOT(>=25%):0
2026-08-16 11:46:25 HEARTBEAT PROCS:24 TOP_MEM:PID:5856/100.7MB TOP_CPU:PID:6948/42.2% SYS_CPU:2%-WD:60.0% SYS_MEM:2.6/32GB(8.1%)-WD:1.3GB(4.1%) TRACKING:1 SPIKES:1 KILLS:0
2026-08-16 11:46:25   DIST CPU_IDLE(<1%):18 CPU_NORMAL(1-25%):5 CPU_HOT(>=25%):1
2026-08-16 11:51:29 HEARTBEAT PROCS:23 TOP_MEM:PID:5856/102.3MB TOP_CPU:PID:6860/0% SYS_CPU:2%-WD:0% SYS_MEM:2.8/32GB(8.8%)-WD:1.3GB(4.1%) TRACKING:0 SPIKES:0 KILLS:0
2026-08-16 11:51:29   DIST CPU_IDLE(<1%):23 CPU_NORMAL(1-25%):0 CPU_HOT(>=25%):0
2026-08-16 11:56:33 HEARTBEAT PROCS:38 TOP_MEM:PID:5856/102.3MB TOP_CPU:PID:292/0% SYS_CPU:1%-WD:0% SYS_MEM:3.1/32GB(9.7%)-WD:1.9GB(5.9%) TRACKING:0 SPIKES:0 KILLS:0
2026-08-16 11:56:33   DIST CPU_IDLE(<1%):38 CPU_NORMAL(1-25%):0 CPU_HOT(>=25%):0
2026-08-16 12:01:37 HEARTBEAT PROCS:30 TOP_MEM:PID:6860/98.8MB TOP_CPU:PID:1676/0% SYS_CPU:11%-WD:0% SYS_MEM:2.8/32GB(8.8%)-WD:1.5GB(4.7%) TRACKING:0 SPIKES:0 KILLS:0
2026-08-16 12:01:37   DIST CPU_IDLE(<1%):30 CPU_NORMAL(1-25%):0 CPU_HOT(>=25%):0
2026-08-16 12:06:41 HEARTBEAT PROCS:19 TOP_MEM:PID:5856/101.6MB TOP_CPU:PID:5856/0% SYS_CPU:1%-WD:0% SYS_MEM:2.6/32GB(8.1%)-WD:1.1GB(3.4%) TRACKING:0 SPIKES:2 KILLS:0
2026-08-16 12:06:41   DIST CPU_IDLE(<1%):19 CPU_NORMAL(1-25%):0 CPU_HOT(>=25%):0
2026-08-16 12:11:45 HEARTBEAT PROCS:22 TOP_MEM:PID:5856/103.2MB TOP_CPU:PID:5856/0% SYS_CPU:1%-WD:0% SYS_MEM:2.7/32GB(8.4%)-WD:1.3GB(4.1%) TRACKING:0 SPIKES:0 KILLS:0
2026-08-16 12:11:45   DIST CPU_IDLE(<1%):22 CPU_NORMAL(1-25%):0 CPU_HOT(>=25%):0
2026-08-16 12:16:48 HEARTBEAT PROCS:28 TOP_MEM:PID:5856/102.7MB TOP_CPU:PID:7860/0% SYS_CPU:1%-WD:0% SYS_MEM:2.8/32GB(8.8%)-WD:1.4GB(4.4%) TRACKING:0 SPIKES:0 KILLS:0
2026-08-16 12:16:48   DIST CPU_IDLE(<1%):28 CPU_NORMAL(1-25%):0 CPU_HOT(>=25%):0
2026-08-16 12:21:52 HEARTBEAT PROCS:22 TOP_MEM:PID:4916/110.9MB TOP_CPU:PID:4916/4.8% SYS_CPU:1%-WD:4.8% SYS_MEM:2.6/32GB(8.1%)-WD:1GB(3.1%) TRACKING:0 SPIKES:0 KILLS:0
2026-08-16 12:21:52   DIST CPU_IDLE(<1%):21 CPU_NORMAL(1-25%):1 CPU_HOT(>=25%):0
2026-08-16 12:26:56 HEARTBEAT PROCS:11 TOP_MEM:PID:6860/102.1MB TOP_CPU:PID:6860/0% SYS_CPU:4%-WD:0% SYS_MEM:2.3/32GB(7.2%)-WD:0.6GB(1.9%) TRACKING:0 SPIKES:0 KILLS:0
2026-08-16 12:26:56   DIST CPU_IDLE(<1%):11 CPU_NORMAL(1-25%):0 CPU_HOT(>=25%):0
2026-08-16 12:32:00 HEARTBEAT PROCS:30 TOP_MEM:PID:4916/107.3MB TOP_CPU:PID:7500/0% SYS_CPU:0%-WD:0% SYS_MEM:2.7/32GB(8.4%)-WD:1.3GB(4.1%) TRACKING:0 SPIKES:0 KILLS:0
2026-08-16 12:32:00   DIST CPU_IDLE(<1%):30 CPU_NORMAL(1-25%):0 CPU_HOT(>=25%):0
2026-08-16 12:37:03 HEARTBEAT PROCS:39 TOP_MEM:PID:1420/166.4MB TOP_CPU:PID:7860/0% SYS_CPU:5%-WD:0% SYS_MEM:3/32GB(9.4%)-WD:1.8GB(5.6%) TRACKING:0 SPIKES:1 KILLS:0
2026-08-16 12:37:03   DIST CPU_IDLE(<1%):39 CPU_NORMAL(1-25%):0 CPU_HOT(>=25%):0
2026-08-16 12:42:08 HEARTBEAT PROCS:23 TOP_MEM:PID:4916/108.5MB TOP_CPU:PID:6444/0% SYS_CPU:2%-WD:0% SYS_MEM:2.6/32GB(8.1%)-WD:1.1GB(3.4%) TRACKING:0 SPIKES:0 KILLS:0
2026-08-16 12:42:08   DIST CPU_IDLE(<1%):23 CPU_NORMAL(1-25%):0 CPU_HOT(>=25%):0
2026-08-16 12:47:11 HEARTBEAT PROCS:28 TOP_MEM:PID:4916/108.5MB TOP_CPU:PID:3948/0% SYS_CPU:0%-WD:0% SYS_MEM:2.7/32GB(8.4%)-WD:1.4GB(4.4%) TRACKING:0 SPIKES:0 KILLS:0
2026-08-16 12:47:11   DIST CPU_IDLE(<1%):28 CPU_NORMAL(1-25%):0 CPU_HOT(>=25%):0
2026-08-16 12:52:16 HEARTBEAT PROCS:48 TOP_MEM:PID:7540/81.1MB TOP_CPU:PID:1720/0% SYS_CPU:1%-WD:0% SYS_MEM:3.1/32GB(9.7%)-WD:2GB(6.2%) TRACKING:0 SPIKES:1 KILLS:0
2026-08-16 12:52:16   DIST CPU_IDLE(<1%):48 CPU_NORMAL(1-25%):0 CPU_HOT(>=25%):0
2026-08-16 12:57:20 HEARTBEAT PROCS:29 TOP_MEM:PID:7540/81MB TOP_CPU:PID:5904/0% SYS_CPU:1%-WD:0% SYS_MEM:2.7/32GB(8.4%)-WD:1.3GB(4.1%) TRACKING:0 SPIKES:0 KILLS:0
2026-08-16 12:57:20   DIST CPU_IDLE(<1%):29 CPU_NORMAL(1-25%):0 CPU_HOT(>=25%):0
2026-08-16 13:02:24 HEARTBEAT PROCS:28 TOP_MEM:PID:3860/113.8MB TOP_CPU:PID:4424/0% SYS_CPU:1%-WD:0% SYS_MEM:2.8/32GB(8.8%)-WD:1.4GB(4.4%) TRACKING:0 SPIKES:0 KILLS:0
2026-08-16 13:02:24   DIST CPU_IDLE(<1%):28 CPU_NORMAL(1-25%):0 CPU_HOT(>=25%):0
2026-08-16 13:07:27 HEARTBEAT PROCS:15 TOP_MEM:PID:3860/113.9MB TOP_CPU:PID:4856/0% SYS_CPU:1%-WD:0% SYS_MEM:2.6/32GB(8.1%)-WD:0.9GB(2.8%) TRACKING:0 SPIKES:0 KILLS:0
2026-08-16 13:07:27   DIST CPU_IDLE(<1%):15 CPU_NORMAL(1-25%):0 CPU_HOT(>=25%):0
2026-08-16 13:12:32 HEARTBEAT PROCS:25 TOP_MEM:PID:3860/113.9MB TOP_CPU:PID:3048/0% SYS_CPU:0%-WD:0% SYS_MEM:2.8/32GB(8.8%)-WD:1.3GB(4.1%) TRACKING:0 SPIKES:1 KILLS:0
2026-08-16 13:12:32   DIST CPU_IDLE(<1%):25 CPU_NORMAL(1-25%):0 CPU_HOT(>=25%):0
2026-08-16 13:17:35 HEARTBEAT PROCS:38 TOP_MEM:PID:6052/88.1MB TOP_CPU:PID:2468/0% SYS_CPU:1%-WD:0% SYS_MEM:3/32GB(9.4%)-WD:1.8GB(5.6%) TRACKING:0 SPIKES:0 KILLS:0
2026-08-16 13:17:35   DIST CPU_IDLE(<1%):38 CPU_NORMAL(1-25%):0 CPU_HOT(>=25%):0
2026-08-16 13:22:39 HEARTBEAT PROCS:37 TOP_MEM:PID:6052/88.1MB TOP_CPU:PID:7592/0% SYS_CPU:1%-WD:0% SYS_MEM:3/32GB(9.4%)-WD:1.8GB(5.6%) TRACKING:0 SPIKES:1 KILLS:0
2026-08-16 13:22:39   DIST CPU_IDLE(<1%):37 CPU_NORMAL(1-25%):0 CPU_HOT(>=25%):0
2026-08-16 13:27:44 HEARTBEAT PROCS:46 TOP_MEM:PID:6700/163.8MB TOP_CPU:PID:7444/0% SYS_CPU:0%-WD:0% SYS_MEM:3.4/32GB(10.6%)-WD:2.3GB(7.2%) TRACKING:0 SPIKES:0 KILLS:0
2026-08-16 13:27:44   DIST CPU_IDLE(<1%):46 CPU_NORMAL(1-25%):0 CPU_HOT(>=25%):0
2026-08-16 13:32:48 HEARTBEAT PROCS:34 TOP_MEM:PID:3244/97.8MB TOP_CPU:PID:740/0% SYS_CPU:2%-WD:0% SYS_MEM:3.1/32GB(9.7%)-WD:1.8GB(5.6%) TRACKING:0 SPIKES:2 KILLS:0
2026-08-16 13:32:48   DIST CPU_IDLE(<1%):34 CPU_NORMAL(1-25%):0 CPU_HOT(>=25%):0
2026-08-16 13:37:52 HEARTBEAT PROCS:33 TOP_MEM:PID:6052/89.6MB TOP_CPU:PID:6700/0% SYS_CPU:0%-WD:0% SYS_MEM:2.9/32GB(9.1%)-WD:1.6GB(5%) TRACKING:0 SPIKES:0 KILLS:0
2026-08-16 13:37:52   DIST CPU_IDLE(<1%):33 CPU_NORMAL(1-25%):0 CPU_HOT(>=25%):0
2026-08-16 13:42:56 HEARTBEAT PROCS:21 TOP_MEM:PID:6052/89.6MB TOP_CPU:PID:8144/3.4% SYS_CPU:5%-WD:3.4% SYS_MEM:2.7/32GB(8.4%)-WD:1.2GB(3.8%) TRACKING:0 SPIKES:1 KILLS:0
2026-08-16 13:42:56   DIST CPU_IDLE(<1%):20 CPU_NORMAL(1-25%):1 CPU_HOT(>=25%):0
2026-08-16 13:47:59 HEARTBEAT PROCS:20 TOP_MEM:PID:6052/89.6MB TOP_CPU:PID:1456/0% SYS_CPU:1%-WD:0% SYS_MEM:2.7/32GB(8.4%)-WD:1.1GB(3.4%) TRACKING:0 SPIKES:0 KILLS:0
2026-08-16 13:47:59   DIST CPU_IDLE(<1%):20 CPU_NORMAL(1-25%):0 CPU_HOT(>=25%):0
2026-08-16 13:53:03 HEARTBEAT PROCS:13 TOP_MEM:PID:6052/89.6MB TOP_CPU:PID:7592/0% SYS_CPU:1%-WD:0% SYS_MEM:2.5/32GB(7.8%)-WD:0.8GB(2.5%) TRACKING:0 SPIKES:0 KILLS:0
2026-08-16 13:53:03   DIST CPU_IDLE(<1%):13 CPU_NORMAL(1-25%):0 CPU_HOT(>=25%):0
2026-08-16 13:58:07 HEARTBEAT PROCS:28 TOP_MEM:PID:6052/89.6MB TOP_CPU:PID:7592/0% SYS_CPU:0%-WD:0% SYS_MEM:2.9/32GB(9.1%)-WD:1.5GB(4.7%) TRACKING:0 SPIKES:6 KILLS:0
2026-08-16 13:58:07   DIST CPU_IDLE(<1%):28 CPU_NORMAL(1-25%):0 CPU_HOT(>=25%):0
2026-08-16 14:03:11 HEARTBEAT PROCS:20 TOP_MEM:PID:6052/89.6MB TOP_CPU:PID:2160/0% SYS_CPU:1%-WD:0% SYS_MEM:2.7/32GB(8.4%)-WD:1.2GB(3.8%) TRACKING:0 SPIKES:0 KILLS:0
2026-08-16 14:03:11   DIST CPU_IDLE(<1%):20 CPU_NORMAL(1-25%):0 CPU_HOT(>=25%):0
2026-08-16 14:08:14 HEARTBEAT PROCS:20 TOP_MEM:PID:7540/96.2MB TOP_CPU:PID:7896/0% SYS_CPU:2%-WD:0% SYS_MEM:2.7/32GB(8.4%)-WD:1.2GB(3.8%) TRACKING:0 SPIKES:0 KILLS:0
2026-08-16 14:08:14   DIST CPU_IDLE(<1%):20 CPU_NORMAL(1-25%):0 CPU_HOT(>=25%):0
2026-08-16 14:13:18 HEARTBEAT PROCS:21 TOP_MEM:PID:7540/102.2MB TOP_CPU:PID:7004/0% SYS_CPU:2%-WD:0% SYS_MEM:2.7/32GB(8.4%)-WD:1.2GB(3.8%) TRACKING:0 SPIKES:0 KILLS:0
2026-08-16 14:13:18   DIST CPU_IDLE(<1%):21 CPU_NORMAL(1-25%):0 CPU_HOT(>=25%):0
2026-08-16 14:18:22 HEARTBEAT PROCS:27 TOP_MEM:PID:7540/103.6MB TOP_CPU:PID:7004/1.4% SYS_CPU:2%-WD:1.4% SYS_MEM:2.9/32GB(9.1%)-WD:1.4GB(4.4%) TRACKING:0 SPIKES:0 KILLS:0
2026-08-16 14:18:22   DIST CPU_IDLE(<1%):26 CPU_NORMAL(1-25%):1 CPU_HOT(>=25%):0
2026-08-16 14:23:26 HEARTBEAT PROCS:19 TOP_MEM:PID:7540/101.7MB TOP_CPU:PID:4892/0% SYS_CPU:2%-WD:0% SYS_MEM:2.7/32GB(8.4%)-WD:1.2GB(3.8%) TRACKING:0 SPIKES:0 KILLS:0
2026-08-16 14:23:26   DIST CPU_IDLE(<1%):19 CPU_NORMAL(1-25%):0 CPU_HOT(>=25%):0
2026-08-16 14:28:30 HEARTBEAT PROCS:49 TOP_MEM:PID:7540/104.7MB TOP_CPU:PID:5992/0% SYS_CPU:1%-WD:0% SYS_MEM:3.4/32GB(10.6%)-WD:2.3GB(7.2%) TRACKING:0 SPIKES:0 KILLS:0
2026-08-16 14:28:30   DIST CPU_IDLE(<1%):49 CPU_NORMAL(1-25%):0 CPU_HOT(>=25%):0
2026-08-16 14:33:34 HEARTBEAT PROCS:23 TOP_MEM:PID:7540/104.4MB TOP_CPU:PID:1420/0% SYS_CPU:2%-WD:0% SYS_MEM:2.8/32GB(8.8%)-WD:1.4GB(4.4%) TRACKING:0 SPIKES:0 KILLS:0
2026-08-16 14:33:34   DIST CPU_IDLE(<1%):23 CPU_NORMAL(1-25%):0 CPU_HOT(>=25%):0
2026-08-16 14:38:38 HEARTBEAT PROCS:26 TOP_MEM:PID:7540/108.3MB TOP_CPU:PID:6652/0% SYS_CPU:1%-WD:0% SYS_MEM:2.9/32GB(9.1%)-WD:1.4GB(4.4%) TRACKING:0 SPIKES:0 KILLS:0
2026-08-16 14:38:38   DIST CPU_IDLE(<1%):26 CPU_NORMAL(1-25%):0 CPU_HOT(>=25%):0
2026-08-16 14:43:41 HEARTBEAT PROCS:28 TOP_MEM:PID:7540/104.6MB TOP_CPU:PID:288/0% SYS_CPU:2%-WD:0% SYS_MEM:3/32GB(9.4%)-WD:1.6GB(5%) TRACKING:0 SPIKES:0 KILLS:0
2026-08-16 14:43:41   DIST CPU_IDLE(<1%):28 CPU_NORMAL(1-25%):0 CPU_HOT(>=25%):0
2026-08-16 14:48:46 HEARTBEAT PROCS:22 TOP_MEM:PID:7540/108.7MB TOP_CPU:PID:5264/0% SYS_CPU:1%-WD:0% SYS_MEM:2.9/32GB(9.1%)-WD:1.3GB(4.1%) TRACKING:0 SPIKES:0 KILLS:0
2026-08-16 14:48:46   DIST CPU_IDLE(<1%):22 CPU_NORMAL(1-25%):0 CPU_HOT(>=25%):0
2026-08-16 14:53:49 HEARTBEAT PROCS:40 TOP_MEM:PID:7540/98.3MB TOP_CPU:PID:288/0% SYS_CPU:2%-WD:0% SYS_MEM:3.2/32GB(10%)-WD:2GB(6.2%) TRACKING:0 SPIKES:1 KILLS:0
2026-08-16 14:53:49   DIST CPU_IDLE(<1%):40 CPU_NORMAL(1-25%):0 CPU_HOT(>=25%):0
2026-08-16 14:58:54 HEARTBEAT PROCS:50 TOP_MEM:PID:7540/98.3MB TOP_CPU:PID:4124/0% SYS_CPU:0%-WD:0% SYS_MEM:3.3/32GB(10.3%)-WD:2.3GB(7.2%) TRACKING:0 SPIKES:0 KILLS:0
2026-08-16 14:58:54   DIST CPU_IDLE(<1%):50 CPU_NORMAL(1-25%):0 CPU_HOT(>=25%):0
2026-08-16 15:03:59 HEARTBEAT PROCS:54 TOP_MEM:PID:7540/108.4MB TOP_CPU:PID:7828/0% SYS_CPU:1%-WD:0% SYS_MEM:3.4/32GB(10.6%)-WD:2.4GB(7.5%) TRACKING:0 SPIKES:0 KILLS:0
2026-08-16 15:03:59   DIST CPU_IDLE(<1%):54 CPU_NORMAL(1-25%):0 CPU_HOT(>=25%):0
2026-08-16 15:09:03 HEARTBEAT PROCS:34 TOP_MEM:PID:7540/106.2MB TOP_CPU:PID:1984/0% SYS_CPU:1%-WD:0% SYS_MEM:3/32GB(9.4%)-WD:1.8GB(5.6%) TRACKING:0 SPIKES:0 KILLS:0
2026-08-16 15:09:03   DIST CPU_IDLE(<1%):34 CPU_NORMAL(1-25%):0 CPU_HOT(>=25%):0
2026-08-16 15:14:07 HEARTBEAT PROCS:35 TOP_MEM:PID:7540/110.3MB TOP_CPU:PID:7540/4.4% SYS_CPU:0%-WD:4.4% SYS_MEM:3.1/32GB(9.7%)-WD:1.8GB(5.6%) TRACKING:0 SPIKES:0 KILLS:0
2026-08-16 15:14:07   DIST CPU_IDLE(<1%):34 CPU_NORMAL(1-25%):1 CPU_HOT(>=25%):0
2026-08-16 15:19:11 HEARTBEAT PROCS:22 TOP_MEM:PID:7540/111.9MB TOP_CPU:PID:7148/0% SYS_CPU:1%-WD:0% SYS_MEM:2.8/32GB(8.8%)-WD:1.3GB(4.1%) TRACKING:0 SPIKES:0 KILLS:0
2026-08-16 15:19:11   DIST CPU_IDLE(<1%):22 CPU_NORMAL(1-25%):0 CPU_HOT(>=25%):0
2026-08-16 15:24:15 HEARTBEAT PROCS:47 TOP_MEM:PID:7540/113.2MB TOP_CPU:PID:3044/0% SYS_CPU:1%-WD:0% SYS_MEM:3.2/32GB(10%)-WD:2.1GB(6.6%) TRACKING:0 SPIKES:0 KILLS:0
2026-08-16 15:24:15   DIST CPU_IDLE(<1%):47 CPU_NORMAL(1-25%):0 CPU_HOT(>=25%):0
2026-08-16 15:29:19 HEARTBEAT PROCS:24 TOP_MEM:PID:7540/113.2MB TOP_CPU:PID:1304/0% SYS_CPU:2%-WD:0% SYS_MEM:2.9/32GB(9.1%)-WD:1.4GB(4.4%) TRACKING:0 SPIKES:0 KILLS:0
2026-08-16 15:29:19   DIST CPU_IDLE(<1%):24 CPU_NORMAL(1-25%):0 CPU_HOT(>=25%):0
2026-08-16 15:34:23 HEARTBEAT PROCS:29 TOP_MEM:PID:7540/113.2MB TOP_CPU:PID:8312/0% SYS_CPU:0%-WD:0% SYS_MEM:3.1/32GB(9.7%)-WD:1.7GB(5.3%) TRACKING:0 SPIKES:0 KILLS:0
2026-08-16 15:34:23   DIST CPU_IDLE(<1%):29 CPU_NORMAL(1-25%):0 CPU_HOT(>=25%):0
2026-08-16 15:39:27 HEARTBEAT PROCS:28 TOP_MEM:PID:7540/113.2MB TOP_CPU:PID:288/0% SYS_CPU:0%-WD:0% SYS_MEM:2.9/32GB(9.1%)-WD:1.5GB(4.7%) TRACKING:0 SPIKES:0 KILLS:0
2026-08-16 15:39:27   DIST CPU_IDLE(<1%):28 CPU_NORMAL(1-25%):0 CPU_HOT(>=25%):0
2026-08-16 15:44:30 HEARTBEAT PROCS:25 TOP_MEM:PID:7540/113.2MB TOP_CPU:PID:6416/0% SYS_CPU:5%-WD:0% SYS_MEM:2.9/32GB(9.1%)-WD:1.4GB(4.4%) TRACKING:0 SPIKES:0 KILLS:0
2026-08-16 15:44:30   DIST CPU_IDLE(<1%):25 CPU_NORMAL(1-25%):0 CPU_HOT(>=25%):0
2026-08-16 15:49:34 HEARTBEAT PROCS:28 TOP_MEM:PID:7540/113.2MB TOP_CPU:PID:288/0% SYS_CPU:1%-WD:0% SYS_MEM:2.9/32GB(9.1%)-WD:1.5GB(4.7%) TRACKING:0 SPIKES:0 KILLS:0
2026-08-16 15:49:34   DIST CPU_IDLE(<1%):28 CPU_NORMAL(1-25%):0 CPU_HOT(>=25%):0
2026-08-16 15:54:38 HEARTBEAT PROCS:28 TOP_MEM:PID:7540/113.2MB TOP_CPU:PID:7320/0% SYS_CPU:1%-WD:0% SYS_MEM:2.9/32GB(9.1%)-WD:1.5GB(4.7%) TRACKING:0 SPIKES:2 KILLS:0
2026-08-16 15:54:38   DIST CPU_IDLE(<1%):28 CPU_NORMAL(1-25%):0 CPU_HOT(>=25%):0
2026-08-16 15:59:42 HEARTBEAT PROCS:23 TOP_MEM:PID:7540/111.4MB TOP_CPU:PID:8832/0% SYS_CPU:1%-WD:0% SYS_MEM:2.9/32GB(9.1%)-WD:1.4GB(4.4%) TRACKING:0 SPIKES:0 KILLS:0
2026-08-16 15:59:42   DIST CPU_IDLE(<1%):23 CPU_NORMAL(1-25%):0 CPU_HOT(>=25%):0
2026-08-16 16:04:46 HEARTBEAT PROCS:30 TOP_MEM:PID:7540/113.5MB TOP_CPU:PID:2524/0% SYS_CPU:1%-WD:0% SYS_MEM:3/32GB(9.4%)-WD:1.6GB(5%) TRACKING:0 SPIKES:0 KILLS:0
2026-08-16 16:04:46   DIST CPU_IDLE(<1%):30 CPU_NORMAL(1-25%):0 CPU_HOT(>=25%):0
2026-08-16 16:09:50 HEARTBEAT PROCS:28 TOP_MEM:PID:7540/113.3MB TOP_CPU:PID:8564/0% SYS_CPU:2%-WD:0% SYS_MEM:3/32GB(9.4%)-WD:1.5GB(4.7%) TRACKING:0 SPIKES:0 KILLS:0
2026-08-16 16:09:50   DIST CPU_IDLE(<1%):28 CPU_NORMAL(1-25%):0 CPU_HOT(>=25%):0
2026-08-16 16:14:54 HEARTBEAT PROCS:17 TOP_MEM:PID:7540/112.8MB TOP_CPU:PID:8148/0% SYS_CPU:2%-WD:0% SYS_MEM:2.7/32GB(8.4%)-WD:1.1GB(3.4%) TRACKING:0 SPIKES:2 KILLS:0
2026-08-16 16:14:54   DIST CPU_IDLE(<1%):17 CPU_NORMAL(1-25%):0 CPU_HOT(>=25%):0
2026-08-16 16:19:57 HEARTBEAT PROCS:23 TOP_MEM:PID:7540/112.2MB TOP_CPU:PID:6720/0% SYS_CPU:1%-WD:0% SYS_MEM:2.9/32GB(9.1%)-WD:1.4GB(4.4%) TRACKING:0 SPIKES:0 KILLS:0
2026-08-16 16:19:57   DIST CPU_IDLE(<1%):23 CPU_NORMAL(1-25%):0 CPU_HOT(>=25%):0
2026-08-16 16:25:02 HEARTBEAT PROCS:30 TOP_MEM:PID:7540/113.6MB TOP_CPU:PID:5288/0% SYS_CPU:0%-WD:0% SYS_MEM:3/32GB(9.4%)-WD:1.6GB(5%) TRACKING:0 SPIKES:0 KILLS:0
2026-08-16 16:25:02   DIST CPU_IDLE(<1%):30 CPU_NORMAL(1-25%):0 CPU_HOT(>=25%):0
2026-08-16 16:30:05 HEARTBEAT PROCS:42 TOP_MEM:PID:4676/123.8MB TOP_CPU:PID:5288/0% SYS_CPU:8%-WD:0% SYS_MEM:3.6/32GB(11.2%)-WD:2.3GB(7.2%) TRACKING:0 SPIKES:0 KILLS:0
2026-08-16 16:30:05   DIST CPU_IDLE(<1%):42 CPU_NORMAL(1-25%):0 CPU_HOT(>=25%):0
2026-08-16 16:35:09 HEARTBEAT PROCS:56 TOP_MEM:PID:4676/123.8MB TOP_CPU:PID:9020/0% SYS_CPU:1%-WD:0% SYS_MEM:3.9/32GB(12.2%)-WD:2.9GB(9.1%) TRACKING:0 SPIKES:7 KILLS:0
2026-08-16 16:35:09   DIST CPU_IDLE(<1%):56 CPU_NORMAL(1-25%):0 CPU_HOT(>=25%):0
2026-08-16 16:40:14 HEARTBEAT PROCS:46 TOP_MEM:PID:4676/123.8MB TOP_CPU:PID:1720/0% SYS_CPU:1%-WD:0% SYS_MEM:3.8/32GB(11.9%)-WD:2.6GB(8.1%) TRACKING:0 SPIKES:1 KILLS:0
2026-08-16 16:40:14   DIST CPU_IDLE(<1%):46 CPU_NORMAL(1-25%):0 CPU_HOT(>=25%):0
2026-08-16 16:45:18 HEARTBEAT PROCS:33 TOP_MEM:PID:4676/123.8MB TOP_CPU:PID:8380/0% SYS_CPU:1%-WD:0% SYS_MEM:3.5/32GB(10.9%)-WD:2.1GB(6.6%) TRACKING:0 SPIKES:0 KILLS:0
2026-08-16 16:45:18   DIST CPU_IDLE(<1%):33 CPU_NORMAL(1-25%):0 CPU_HOT(>=25%):0
2026-08-16 16:50:22 HEARTBEAT PROCS:34 TOP_MEM:PID:4676/123.8MB TOP_CPU:PID:8840/0% SYS_CPU:1%-WD:0% SYS_MEM:3.5/32GB(10.9%)-WD:2.2GB(6.9%) TRACKING:0 SPIKES:0 KILLS:0
2026-08-16 16:50:22   DIST CPU_IDLE(<1%):34 CPU_NORMAL(1-25%):0 CPU_HOT(>=25%):0
2026-08-16 16:55:27 HEARTBEAT PROCS:42 TOP_MEM:PID:4676/123.8MB TOP_CPU:PID:4676/0% SYS_CPU:1%-WD:0% SYS_MEM:3.7/32GB(11.6%)-WD:2.5GB(7.8%) TRACKING:0 SPIKES:0 KILLS:0
2026-08-16 16:55:27   DIST CPU_IDLE(<1%):42 CPU_NORMAL(1-25%):0 CPU_HOT(>=25%):0
2026-08-16 17:00:31 HEARTBEAT PROCS:33 TOP_MEM:PID:4676/123.8MB TOP_CPU:PID:1628/0% SYS_CPU:4%-WD:0% SYS_MEM:3.5/32GB(10.9%)-WD:2.1GB(6.6%) TRACKING:0 SPIKES:0 KILLS:0
2026-08-16 17:00:31   DIST CPU_IDLE(<1%):33 CPU_NORMAL(1-25%):0 CPU_HOT(>=25%):0
2026-08-16 17:05:35 HEARTBEAT PROCS:31 TOP_MEM:PID:4676/123.8MB TOP_CPU:PID:7592/0% SYS_CPU:1%-WD:0% SYS_MEM:3.4/32GB(10.6%)-WD:2GB(6.2%) TRACKING:0 SPIKES:0 KILLS:0
2026-08-16 17:05:35   DIST CPU_IDLE(<1%):31 CPU_NORMAL(1-25%):0 CPU_HOT(>=25%):0
2026-08-16 17:10:39 HEARTBEAT PROCS:20 TOP_MEM:PID:4676/123.8MB TOP_CPU:PID:9112/0% SYS_CPU:1%-WD:0% SYS_MEM:3.1/32GB(9.7%)-WD:1.5GB(4.7%) TRACKING:0 SPIKES:0 KILLS:0
2026-08-16 17:10:39   DIST CPU_IDLE(<1%):20 CPU_NORMAL(1-25%):0 CPU_HOT(>=25%):0
2026-08-16 17:15:43 HEARTBEAT PROCS:34 TOP_MEM:PID:4676/123.8MB TOP_CPU:PID:1332/5.5% SYS_CPU:1%-WD:9.5% SYS_MEM:3.5/32GB(10.9%)-WD:2.1GB(6.6%) TRACKING:0 SPIKES:0 KILLS:0
2026-08-16 17:15:43   DIST CPU_IDLE(<1%):32 CPU_NORMAL(1-25%):2 CPU_HOT(>=25%):0
2026-08-16 17:20:47 HEARTBEAT PROCS:57 TOP_MEM:PID:4676/123.8MB TOP_CPU:PID:1628/0% SYS_CPU:1%-WD:0% SYS_MEM:3.9/32GB(12.2%)-WD:3GB(9.4%) TRACKING:0 SPIKES:0 KILLS:0
2026-08-16 17:20:47   DIST CPU_IDLE(<1%):57 CPU_NORMAL(1-25%):0 CPU_HOT(>=25%):0
2026-08-16 17:25:51 HEARTBEAT PROCS:37 TOP_MEM:PID:4676/123.8MB TOP_CPU:PID:1628/0% SYS_CPU:0%-WD:0% SYS_MEM:3.5/32GB(10.9%)-WD:2.3GB(7.2%) TRACKING:0 SPIKES:0 KILLS:0
2026-08-16 17:25:51   DIST CPU_IDLE(<1%):37 CPU_NORMAL(1-25%):0 CPU_HOT(>=25%):0
2026-08-16 17:30:56 HEARTBEAT PROCS:39 TOP_MEM:PID:4676/123.8MB TOP_CPU:PID:1628/0% SYS_CPU:1%-WD:0% SYS_MEM:3.6/32GB(11.2%)-WD:2.3GB(7.2%) TRACKING:0 SPIKES:0 KILLS:0
2026-08-16 17:30:56   DIST CPU_IDLE(<1%):39 CPU_NORMAL(1-25%):0 CPU_HOT(>=25%):0
2026-08-16 17:35:59 HEARTBEAT PROCS:43 TOP_MEM:PID:4676/123.8MB TOP_CPU:PID:8308/0% SYS_CPU:4%-WD:0% SYS_MEM:3.7/32GB(11.6%)-WD:2.5GB(7.8%) TRACKING:0 SPIKES:1 KILLS:0
2026-08-16 17:36:00   DIST CPU_IDLE(<1%):43 CPU_NORMAL(1-25%):0 CPU_HOT(>=25%):0
2026-08-16 17:41:04 HEARTBEAT PROCS:45 TOP_MEM:PID:2220/117.4MB TOP_CPU:PID:9036/0% SYS_CPU:1%-WD:0% SYS_MEM:3.6/32GB(11.2%)-WD:2.5GB(7.8%) TRACKING:0 SPIKES:0 KILLS:0
2026-08-16 17:41:04   DIST CPU_IDLE(<1%):45 CPU_NORMAL(1-25%):0 CPU_HOT(>=25%):0
2026-08-16 17:46:09 HEARTBEAT PROCS:49 TOP_MEM:PID:2220/119.6MB TOP_CPU:PID:1456/0% SYS_CPU:1%-WD:0% SYS_MEM:3.7/32GB(11.6%)-WD:2.7GB(8.4%) TRACKING:0 SPIKES:0 KILLS:0
2026-08-16 17:46:09   DIST CPU_IDLE(<1%):49 CPU_NORMAL(1-25%):0 CPU_HOT(>=25%):0
2026-08-16 17:51:13 HEARTBEAT PROCS:46 TOP_MEM:PID:2220/119.6MB TOP_CPU:PID:3428/0% SYS_CPU:4%-WD:0% SYS_MEM:3.6/32GB(11.2%)-WD:2.6GB(8.1%) TRACKING:0 SPIKES:1 KILLS:0
2026-08-16 17:51:13   DIST CPU_IDLE(<1%):46 CPU_NORMAL(1-25%):0 CPU_HOT(>=25%):0
2026-08-16 17:56:17 HEARTBEAT PROCS:66 TOP_MEM:PID:2220/120.8MB TOP_CPU:PID:6792/0% SYS_CPU:1%-WD:0% SYS_MEM:4/32GB(12.5%)-WD:3.3GB(10.3%) TRACKING:0 SPIKES:0 KILLS:0
2026-08-16 17:56:17   DIST CPU_IDLE(<1%):66 CPU_NORMAL(1-25%):0 CPU_HOT(>=25%):0
2026-08-16 18:01:17 HEARTBEAT PROCS:40 TOP_MEM:PID:2220/122.3MB TOP_CPU:PID:2872/0% SYS_CPU:1%-WD:0% SYS_MEM:3.6/32GB(11.2%)-WD:2.3GB(7.2%) TRACKING:0 SPIKES:0 KILLS:0
2026-08-16 18:01:17   DIST CPU_IDLE(<1%):40 CPU_NORMAL(1-25%):0 CPU_HOT(>=25%):0
2026-08-16 18:06:22 HEARTBEAT PROCS:57 TOP_MEM:PID:2220/118MB TOP_CPU:PID:6820/0.6% SYS_CPU:1%-WD:0.6% SYS_MEM:4/32GB(12.5%)-WD:3.2GB(10%) TRACKING:0 SPIKES:2 KILLS:0
2026-08-16 18:06:22   DIST CPU_IDLE(<1%):57 CPU_NORMAL(1-25%):0 CPU_HOT(>=25%):0
2026-08-16 18:11:26 HEARTBEAT PROCS:38 TOP_MEM:PID:2220/118.5MB TOP_CPU:PID:8928/0% SYS_CPU:2%-WD:0% SYS_MEM:3.7/32GB(11.6%)-WD:2.5GB(7.8%) TRACKING:0 SPIKES:0 KILLS:0
2026-08-16 18:11:26   DIST CPU_IDLE(<1%):38 CPU_NORMAL(1-25%):0 CPU_HOT(>=25%):0
2026-08-16 18:16:30 HEARTBEAT PROCS:34 TOP_MEM:PID:1424/98.7MB TOP_CPU:PID:1872/2% SYS_CPU:2%-WD:2% SYS_MEM:3.5/32GB(10.9%)-WD:2.2GB(6.9%) TRACKING:0 SPIKES:0 KILLS:0
2026-08-16 18:16:30   DIST CPU_IDLE(<1%):33 CPU_NORMAL(1-25%):1 CPU_HOT(>=25%):0
2026-08-16 18:21:35 HEARTBEAT PROCS:57 TOP_MEM:PID:1368/99.7MB TOP_CPU:PID:1424/0% SYS_CPU:1%-WD:0% SYS_MEM:3.9/32GB(12.2%)-WD:3GB(9.4%) TRACKING:0 SPIKES:0 KILLS:0
2026-08-16 18:21:35   DIST CPU_IDLE(<1%):57 CPU_NORMAL(1-25%):0 CPU_HOT(>=25%):0
2026-08-16 18:26:39 HEARTBEAT PROCS:45 TOP_MEM:PID:5288/103.2MB TOP_CPU:PID:5988/0% SYS_CPU:1%-WD:0% SYS_MEM:3.8/32GB(11.9%)-WD:2.7GB(8.4%) TRACKING:0 SPIKES:5 KILLS:0
2026-08-16 18:26:39   DIST CPU_IDLE(<1%):45 CPU_NORMAL(1-25%):0 CPU_HOT(>=25%):0
2026-08-16 18:31:44 HEARTBEAT PROCS:39 TOP_MEM:PID:5288/103.2MB TOP_CPU:PID:5988/0% SYS_CPU:1%-WD:0% SYS_MEM:3.8/32GB(11.9%)-WD:2.5GB(7.8%) TRACKING:0 SPIKES:0 KILLS:0
2026-08-16 18:31:44   DIST CPU_IDLE(<1%):39 CPU_NORMAL(1-25%):0 CPU_HOT(>=25%):0
2026-08-16 18:36:48 HEARTBEAT PROCS:40 TOP_MEM:PID:5288/103.2MB TOP_CPU:PID:8036/0% SYS_CPU:0%-WD:0% SYS_MEM:3.8/32GB(11.9%)-WD:2.6GB(8.1%) TRACKING:0 SPIKES:0 KILLS:0
2026-08-16 18:36:48   DIST CPU_IDLE(<1%):40 CPU_NORMAL(1-25%):0 CPU_HOT(>=25%):0
2026-08-16 18:41:52 HEARTBEAT PROCS:59 TOP_MEM:PID:5288/103.2MB TOP_CPU:PID:7236/0% SYS_CPU:2%-WD:0% SYS_MEM:4.1/32GB(12.8%)-WD:3.2GB(10%) TRACKING:0 SPIKES:0 KILLS:0
2026-08-16 18:41:52   DIST CPU_IDLE(<1%):59 CPU_NORMAL(1-25%):0 CPU_HOT(>=25%):0
2026-08-16 18:46:57 HEARTBEAT PROCS:38 TOP_MEM:PID:5288/103.2MB TOP_CPU:PID:8564/0% SYS_CPU:4%-WD:0% SYS_MEM:3.7/32GB(11.6%)-WD:2.5GB(7.8%) TRACKING:0 SPIKES:0 KILLS:0
2026-08-16 18:46:57   DIST CPU_IDLE(<1%):38 CPU_NORMAL(1-25%):0 CPU_HOT(>=25%):0
2026-08-16 18:52:01 HEARTBEAT PROCS:42 TOP_MEM:PID:5288/103.2MB TOP_CPU:PID:8036/0% SYS_CPU:1%-WD:0% SYS_MEM:3.9/32GB(12.2%)-WD:2.7GB(8.4%) TRACKING:0 SPIKES:0 KILLS:0
2026-08-16 18:52:01   DIST CPU_IDLE(<1%):42 CPU_NORMAL(1-25%):0 CPU_HOT(>=25%):0
2026-08-16 18:57:05 HEARTBEAT PROCS:48 TOP_MEM:PID:5288/103.2MB TOP_CPU:PID:8484/0% SYS_CPU:4%-WD:0% SYS_MEM:3.9/32GB(12.2%)-WD:2.8GB(8.8%) TRACKING:0 SPIKES:0 KILLS:0
2026-08-16 18:57:05   DIST CPU_IDLE(<1%):48 CPU_NORMAL(1-25%):0 CPU_HOT(>=25%):0
2026-08-16 19:02:09 HEARTBEAT PROCS:44 TOP_MEM:PID:5288/103.2MB TOP_CPU:PID:8036/0% SYS_CPU:2%-WD:0% SYS_MEM:3.7/32GB(11.6%)-WD:2.5GB(7.8%) TRACKING:0 SPIKES:6 KILLS:0
2026-08-16 19:02:09   DIST CPU_IDLE(<1%):44 CPU_NORMAL(1-25%):0 CPU_HOT(>=25%):0
2026-08-16 19:07:13 HEARTBEAT PROCS:29 TOP_MEM:PID:5288/103.2MB TOP_CPU:PID:7368/0% SYS_CPU:1%-WD:0% SYS_MEM:3.3/32GB(10.3%)-WD:1.9GB(5.9%) TRACKING:0 SPIKES:1 KILLS:0
2026-08-16 19:07:13   DIST CPU_IDLE(<1%):29 CPU_NORMAL(1-25%):0 CPU_HOT(>=25%):0
2026-08-16 19:12:17 HEARTBEAT PROCS:30 TOP_MEM:PID:5288/103.2MB TOP_CPU:PID:7236/0% SYS_CPU:1%-WD:0% SYS_MEM:3.3/32GB(10.3%)-WD:1.9GB(5.9%) TRACKING:0 SPIKES:0 KILLS:0
2026-08-16 19:12:17   DIST CPU_IDLE(<1%):30 CPU_NORMAL(1-25%):0 CPU_HOT(>=25%):0
2026-08-16 19:17:21 HEARTBEAT PROCS:39 TOP_MEM:PID:5288/103.2MB TOP_CPU:PID:7236/0% SYS_CPU:1%-WD:0% SYS_MEM:3.5/32GB(10.9%)-WD:2.2GB(6.9%) TRACKING:0 SPIKES:1 KILLS:0
2026-08-16 19:17:21   DIST CPU_IDLE(<1%):39 CPU_NORMAL(1-25%):0 CPU_HOT(>=25%):0
2026-08-16 19:22:26 HEARTBEAT PROCS:37 TOP_MEM:PID:5288/103.2MB TOP_CPU:PID:8836/0% SYS_CPU:8%-WD:0% SYS_MEM:3.5/32GB(10.9%)-WD:2.2GB(6.9%) TRACKING:0 SPIKES:0 KILLS:0
2026-08-16 19:22:26   DIST CPU_IDLE(<1%):37 CPU_NORMAL(1-25%):0 CPU_HOT(>=25%):0
2026-08-16 19:27:30 HEARTBEAT PROCS:40 TOP_MEM:PID:5288/103.2MB TOP_CPU:PID:4680/0% SYS_CPU:0%-WD:0% SYS_MEM:3.5/32GB(10.9%)-WD:2.2GB(6.9%) TRACKING:0 SPIKES:0 KILLS:0
2026-08-16 19:27:30   DIST CPU_IDLE(<1%):40 CPU_NORMAL(1-25%):0 CPU_HOT(>=25%):0
2026-08-16 19:32:33 HEARTBEAT PROCS:40 TOP_MEM:PID:7332/113.2MB TOP_CPU:PID:7576/0% SYS_CPU:2%-WD:0% SYS_MEM:3.5/32GB(10.9%)-WD:2.2GB(6.9%) TRACKING:0 SPIKES:1 KILLS:0
2026-08-16 19:32:33   DIST CPU_IDLE(<1%):40 CPU_NORMAL(1-25%):0 CPU_HOT(>=25%):0
2026-08-16 19:37:39 HEARTBEAT PROCS:52 TOP_MEM:PID:7332/113.3MB TOP_CPU:PID:7576/0% SYS_CPU:7%-WD:0% SYS_MEM:3.9/32GB(12.2%)-WD:2.8GB(8.8%) TRACKING:0 SPIKES:0 KILLS:0
2026-08-16 19:37:39   DIST CPU_IDLE(<1%):52 CPU_NORMAL(1-25%):0 CPU_HOT(>=25%):0
2026-08-16 19:42:43 HEARTBEAT PROCS:45 TOP_MEM:PID:7332/113.3MB TOP_CPU:PID:8656/0% SYS_CPU:1%-WD:0% SYS_MEM:3.8/32GB(11.9%)-WD:2.6GB(8.1%) TRACKING:0 SPIKES:8 KILLS:0
2026-08-16 19:42:43   DIST CPU_IDLE(<1%):45 CPU_NORMAL(1-25%):0 CPU_HOT(>=25%):0
2026-08-16 19:47:47 HEARTBEAT PROCS:44 TOP_MEM:PID:5288/103.2MB TOP_CPU:PID:8648/0% SYS_CPU:1%-WD:0% SYS_MEM:3.7/32GB(11.6%)-WD:2.5GB(7.8%) TRACKING:0 SPIKES:0 KILLS:0
2026-08-16 19:47:47   DIST CPU_IDLE(<1%):44 CPU_NORMAL(1-25%):0 CPU_HOT(>=25%):0
2026-08-16 19:52:52 HEARTBEAT PROCS:38 TOP_MEM:PID:5288/103.2MB TOP_CPU:PID:2132/2.8% SYS_CPU:1%-WD:2.8% SYS_MEM:3.5/32GB(10.9%)-WD:2.3GB(7.2%) TRACKING:0 SPIKES:0 KILLS:0
2026-08-16 19:52:52   DIST CPU_IDLE(<1%):37 CPU_NORMAL(1-25%):1 CPU_HOT(>=25%):0
2026-08-16 19:57:56 HEARTBEAT PROCS:45 TOP_MEM:PID:5288/103.2MB TOP_CPU:PID:3808/0% SYS_CPU:0%-WD:0% SYS_MEM:3.6/32GB(11.2%)-WD:2.5GB(7.8%) TRACKING:0 SPIKES:2 KILLS:0
2026-08-16 19:57:56   DIST CPU_IDLE(<1%):45 CPU_NORMAL(1-25%):0 CPU_HOT(>=25%):0
2026-08-16 20:03:00 HEARTBEAT PROCS:49 TOP_MEM:PID:6772/166.3MB TOP_CPU:PID:9012/0% SYS_CPU:2%-WD:0% SYS_MEM:3.9/32GB(12.2%)-WD:2.8GB(8.8%) TRACKING:0 SPIKES:2 KILLS:0
2026-08-16 20:03:00   DIST CPU_IDLE(<1%):49 CPU_NORMAL(1-25%):0 CPU_HOT(>=25%):0
2026-08-16 20:08:05 HEARTBEAT PROCS:52 TOP_MEM:PID:6772/166.4MB TOP_CPU:PID:3556/0% SYS_CPU:0%-WD:0% SYS_MEM:3.8/32GB(11.9%)-WD:2.7GB(8.4%) TRACKING:0 SPIKES:0 KILLS:0
2026-08-16 20:08:05   DIST CPU_IDLE(<1%):52 CPU_NORMAL(1-25%):0 CPU_HOT(>=25%):0
2026-08-16 20:13:10 HEARTBEAT PROCS:59 TOP_MEM:PID:6772/166.4MB TOP_CPU:PID:6744/0% SYS_CPU:1%-WD:0% SYS_MEM:3.8/32GB(11.9%)-WD:2.9GB(9.1%) TRACKING:0 SPIKES:0 KILLS:0
2026-08-16 20:13:10   DIST CPU_IDLE(<1%):59 CPU_NORMAL(1-25%):0 CPU_HOT(>=25%):0
2026-08-16 20:18:14 HEARTBEAT PROCS:38 TOP_MEM:PID:2132/110.3MB TOP_CPU:PID:5904/0% SYS_CPU:0%-WD:0% SYS_MEM:3.4/32GB(10.6%)-WD:2.1GB(6.6%) TRACKING:0 SPIKES:2 KILLS:0
2026-08-16 20:18:14   DIST CPU_IDLE(<1%):38 CPU_NORMAL(1-25%):0 CPU_HOT(>=25%):0
2026-08-16 20:23:19 HEARTBEAT PROCS:51 TOP_MEM:PID:3808/497.5MB TOP_CPU:PID:8568/0% SYS_CPU:1%-WD:0% SYS_MEM:4.1/32GB(12.8%)-WD:3GB(9.4%) TRACKING:0 SPIKES:0 KILLS:0
2026-08-16 20:23:19   DIST CPU_IDLE(<1%):51 CPU_NORMAL(1-25%):0 CPU_HOT(>=25%):0
2026-08-16 20:28:23 HEARTBEAT PROCS:38 TOP_MEM:PID:3808/497.5MB TOP_CPU:PID:292/0% SYS_CPU:0%-WD:0% SYS_MEM:3.8/32GB(11.9%)-WD:2.5GB(7.8%) TRACKING:0 SPIKES:5 KILLS:0
2026-08-16 20:28:23   DIST CPU_IDLE(<1%):38 CPU_NORMAL(1-25%):0 CPU_HOT(>=25%):0
2026-08-16 20:33:26 HEARTBEAT PROCS:42 TOP_MEM:PID:3656/105.8MB TOP_CPU:PID:8664/0% SYS_CPU:1%-WD:0% SYS_MEM:3.4/32GB(10.6%)-WD:2.1GB(6.6%) TRACKING:0 SPIKES:1 KILLS:0
2026-08-16 20:33:26   DIST CPU_IDLE(<1%):42 CPU_NORMAL(1-25%):0 CPU_HOT(>=25%):0
2026-08-16 20:38:30 HEARTBEAT PROCS:36 TOP_MEM:PID:3656/105.9MB TOP_CPU:PID:1712/0% SYS_CPU:1%-WD:0% SYS_MEM:3.2/32GB(10%)-WD:1.8GB(5.6%) TRACKING:0 SPIKES:3 KILLS:0
2026-08-16 20:38:30   DIST CPU_IDLE(<1%):36 CPU_NORMAL(1-25%):0 CPU_HOT(>=25%):0
2026-08-16 20:43:35 HEARTBEAT PROCS:24 TOP_MEM:PID:3656/105.9MB TOP_CPU:PID:4876/0% SYS_CPU:1%-WD:0% SYS_MEM:3/32GB(9.4%)-WD:1.5GB(4.7%) TRACKING:0 SPIKES:0 KILLS:0
2026-08-16 20:43:35   DIST CPU_IDLE(<1%):24 CPU_NORMAL(1-25%):0 CPU_HOT(>=25%):0
2026-08-16 20:48:38 HEARTBEAT PROCS:29 TOP_MEM:PID:5288/103.2MB TOP_CPU:PID:6700/0% SYS_CPU:2%-WD:0% SYS_MEM:3/32GB(9.4%)-WD:1.6GB(5%) TRACKING:0 SPIKES:0 KILLS:0
2026-08-16 20:48:38   DIST CPU_IDLE(<1%):29 CPU_NORMAL(1-25%):0 CPU_HOT(>=25%):0
2026-08-16 20:53:42 HEARTBEAT PROCS:40 TOP_MEM:PID:7308/106.2MB TOP_CPU:PID:292/0% SYS_CPU:1%-WD:0% SYS_MEM:3.3/32GB(10.3%)-WD:2.1GB(6.6%) TRACKING:0 SPIKES:1 KILLS:0
2026-08-16 20:53:42   DIST CPU_IDLE(<1%):40 CPU_NORMAL(1-25%):0 CPU_HOT(>=25%):0
2026-08-16 20:58:46 HEARTBEAT PROCS:35 TOP_MEM:PID:7308/130.2MB TOP_CPU:PID:824/0% SYS_CPU:1%-WD:0% SYS_MEM:3.1/32GB(9.7%)-WD:1.7GB(5.3%) TRACKING:0 SPIKES:0 KILLS:0
2026-08-16 20:58:46   DIST CPU_IDLE(<1%):35 CPU_NORMAL(1-25%):0 CPU_HOT(>=25%):0
2026-08-16 21:03:50 HEARTBEAT PROCS:32 TOP_MEM:PID:7308/137.5MB TOP_CPU:PID:6280/0% SYS_CPU:1%-WD:0% SYS_MEM:3.1/32GB(9.7%)-WD:1.7GB(5.3%) TRACKING:0 SPIKES:0 KILLS:0
2026-08-16 21:03:50   DIST CPU_IDLE(<1%):32 CPU_NORMAL(1-25%):0 CPU_HOT(>=25%):0
2026-08-16 21:08:54 HEARTBEAT PROCS:13 TOP_MEM:PID:7308/142.3MB TOP_CPU:PID:8260/0% SYS_CPU:0%-WD:0% SYS_MEM:2.7/32GB(8.4%)-WD:0.9GB(2.8%) TRACKING:0 SPIKES:0 KILLS:0
2026-08-16 21:08:54   DIST CPU_IDLE(<1%):13 CPU_NORMAL(1-25%):0 CPU_HOT(>=25%):0
2026-08-16 21:13:58 HEARTBEAT PROCS:22 TOP_MEM:PID:5288/103.2MB TOP_CPU:PID:1564/0% SYS_CPU:1%-WD:0% SYS_MEM:2.8/32GB(8.8%)-WD:1.2GB(3.8%) TRACKING:0 SPIKES:0 KILLS:0
2026-08-16 21:13:58   DIST CPU_IDLE(<1%):22 CPU_NORMAL(1-25%):0 CPU_HOT(>=25%):0
2026-08-16 21:19:01 HEARTBEAT PROCS:14 TOP_MEM:PID:5288/103.2MB TOP_CPU:PID:1564/0% SYS_CPU:1%-WD:0% SYS_MEM:2.5/32GB(7.8%)-WD:0.8GB(2.5%) TRACKING:0 SPIKES:0 KILLS:0
2026-08-16 21:19:01   DIST CPU_IDLE(<1%):14 CPU_NORMAL(1-25%):0 CPU_HOT(>=25%):0
2026-08-16 21:24:05 HEARTBEAT PROCS:21 TOP_MEM:PID:5288/103.2MB TOP_CPU:PID:4676/0% SYS_CPU:1%-WD:0% SYS_MEM:2.7/32GB(8.4%)-WD:1GB(3.1%) TRACKING:0 SPIKES:0 KILLS:0
2026-08-16 21:24:05   DIST CPU_IDLE(<1%):21 CPU_NORMAL(1-25%):0 CPU_HOT(>=25%):0
2026-08-16 21:29:09 HEARTBEAT PROCS:23 TOP_MEM:PID:4124/92.6MB TOP_CPU:PID:2644/0% SYS_CPU:1%-WD:0% SYS_MEM:2.7/32GB(8.4%)-WD:1.1GB(3.4%) TRACKING:0 SPIKES:0 KILLS:0
2026-08-16 21:29:09   DIST CPU_IDLE(<1%):23 CPU_NORMAL(1-25%):0 CPU_HOT(>=25%):0
2026-08-16 21:34:13 HEARTBEAT PROCS:26 TOP_MEM:PID:1080/87.9MB TOP_CPU:PID:6412/0% SYS_CPU:1%-WD:0% SYS_MEM:2.8/32GB(8.8%)-WD:1.2GB(3.8%) TRACKING:0 SPIKES:1 KILLS:0
2026-08-16 21:34:13   DIST CPU_IDLE(<1%):26 CPU_NORMAL(1-25%):0 CPU_HOT(>=25%):0
2026-08-16 21:39:17 HEARTBEAT PROCS:12 TOP_MEM:PID:1080/84.9MB TOP_CPU:PID:8912/0% SYS_CPU:0%-WD:0% SYS_MEM:2.5/32GB(7.8%)-WD:0.7GB(2.2%) TRACKING:0 SPIKES:0 KILLS:0
2026-08-16 21:39:17   DIST CPU_IDLE(<1%):12 CPU_NORMAL(1-25%):0 CPU_HOT(>=25%):0
2026-08-16 21:44:21 HEARTBEAT PROCS:27 TOP_MEM:PID:1080/94.2MB TOP_CPU:PID:1808/0% SYS_CPU:0%-WD:0% SYS_MEM:2.8/32GB(8.8%)-WD:1.2GB(3.8%) TRACKING:0 SPIKES:1 KILLS:0
2026-08-16 21:44:21   DIST CPU_IDLE(<1%):27 CPU_NORMAL(1-25%):0 CPU_HOT(>=25%):0
2026-08-16 21:49:25 HEARTBEAT PROCS:30 TOP_MEM:PID:1080/85.4MB TOP_CPU:PID:6268/0% SYS_CPU:1%-WD:0% SYS_MEM:2.8/32GB(8.8%)-WD:1.3GB(4.1%) TRACKING:0 SPIKES:0 KILLS:0
2026-08-16 21:49:25   DIST CPU_IDLE(<1%):30 CPU_NORMAL(1-25%):0 CPU_HOT(>=25%):0
2026-08-16 21:54:28 HEARTBEAT PROCS:21 TOP_MEM:PID:1080/101.2MB TOP_CPU:PID:2192/0% SYS_CPU:0%-WD:0% SYS_MEM:2.6/32GB(8.1%)-WD:1GB(3.1%) TRACKING:0 SPIKES:0 KILLS:0
2026-08-16 21:54:28   DIST CPU_IDLE(<1%):21 CPU_NORMAL(1-25%):0 CPU_HOT(>=25%):0
2026-08-16 21:59:32 HEARTBEAT PROCS:7 TOP_MEM:PID:1080/97.6MB TOP_CPU:PID:4392/0% SYS_CPU:1%-WD:0% SYS_MEM:2.4/32GB(7.5%)-WD:0.5GB(1.6%) TRACKING:0 SPIKES:0 KILLS:0
2026-08-16 21:59:32   DIST CPU_IDLE(<1%):7 CPU_NORMAL(1-25%):0 CPU_HOT(>=25%):0
2026-08-16 22:04:35 HEARTBEAT PROCS:20 TOP_MEM:PID:1080/105.7MB TOP_CPU:PID:8920/0% SYS_CPU:0%-WD:0% SYS_MEM:2.6/32GB(8.1%)-WD:1GB(3.1%) TRACKING:0 SPIKES:0 KILLS:0
2026-08-16 22:04:35   DIST CPU_IDLE(<1%):20 CPU_NORMAL(1-25%):0 CPU_HOT(>=25%):0
2026-08-16 22:09:39 HEARTBEAT PROCS:28 TOP_MEM:PID:1080/105.7MB TOP_CPU:PID:4392/0% SYS_CPU:1%-WD:0% SYS_MEM:2.8/32GB(8.8%)-WD:1.3GB(4.1%) TRACKING:0 SPIKES:0 KILLS:0
2026-08-16 22:09:39   DIST CPU_IDLE(<1%):28 CPU_NORMAL(1-25%):0 CPU_HOT(>=25%):0
2026-08-16 22:14:42 HEARTBEAT PROCS:12 TOP_MEM:PID:1080/105.7MB TOP_CPU:PID:4392/0% SYS_CPU:1%-WD:0% SYS_MEM:2.5/32GB(7.8%)-WD:0.7GB(2.2%) TRACKING:0 SPIKES:0 KILLS:0
2026-08-16 22:14:42   DIST CPU_IDLE(<1%):12 CPU_NORMAL(1-25%):0 CPU_HOT(>=25%):0
2026-08-16 22:19:47 HEARTBEAT PROCS:25 TOP_MEM:PID:1080/104.3MB TOP_CPU:PID:6988/0% SYS_CPU:1%-WD:0% SYS_MEM:2.7/32GB(8.4%)-WD:1.1GB(3.4%) TRACKING:0 SPIKES:0 KILLS:0
2026-08-16 22:19:47   DIST CPU_IDLE(<1%):25 CPU_NORMAL(1-25%):0 CPU_HOT(>=25%):0
2026-08-16 22:24:50 HEARTBEAT PROCS:20 TOP_MEM:PID:3356/81.9MB TOP_CPU:PID:4968/0% SYS_CPU:1%-WD:0% SYS_MEM:2.6/32GB(8.1%)-WD:0.9GB(2.8%) TRACKING:0 SPIKES:4 KILLS:0
2026-08-16 22:24:50   DIST CPU_IDLE(<1%):20 CPU_NORMAL(1-25%):0 CPU_HOT(>=25%):0
2026-08-16 22:29:54 HEARTBEAT PROCS:29 TOP_MEM:PID:7156/161.2MB TOP_CPU:PID:7156/0% SYS_CPU:1%-WD:0% SYS_MEM:2.9/32GB(9.1%)-WD:1.4GB(4.4%) TRACKING:0 SPIKES:0 KILLS:0
2026-08-16 22:29:54   DIST CPU_IDLE(<1%):29 CPU_NORMAL(1-25%):0 CPU_HOT(>=25%):0
2026-08-16 22:34:58 HEARTBEAT PROCS:25 TOP_MEM:PID:7156/161.4MB TOP_CPU:PID:4872/0% SYS_CPU:0%-WD:0% SYS_MEM:2.8/32GB(8.8%)-WD:1.2GB(3.8%) TRACKING:0 SPIKES:0 KILLS:0
2026-08-16 22:34:58   DIST CPU_IDLE(<1%):25 CPU_NORMAL(1-25%):0 CPU_HOT(>=25%):0
2026-08-16 22:40:01 HEARTBEAT PROCS:20 TOP_MEM:PID:3356/81.9MB TOP_CPU:PID:4080/0% SYS_CPU:1%-WD:0% SYS_MEM:2.6/32GB(8.1%)-WD:0.9GB(2.8%) TRACKING:0 SPIKES:0 KILLS:0
2026-08-16 22:40:02   DIST CPU_IDLE(<1%):20 CPU_NORMAL(1-25%):0 CPU_HOT(>=25%):0
2026-08-16 22:45:05 HEARTBEAT PROCS:8 TOP_MEM:PID:3356/81.9MB TOP_CPU:PID:3356/0% SYS_CPU:4%-WD:0% SYS_MEM:2.4/32GB(7.5%)-WD:0.5GB(1.6%) TRACKING:0 SPIKES:0 KILLS:0
2026-08-16 22:45:05   DIST CPU_IDLE(<1%):8 CPU_NORMAL(1-25%):0 CPU_HOT(>=25%):0
2026-08-16 22:50:09 HEARTBEAT PROCS:20 TOP_MEM:PID:3356/81.9MB TOP_CPU:PID:248/0% SYS_CPU:1%-WD:0% SYS_MEM:2.6/32GB(8.1%)-WD:0.9GB(2.8%) TRACKING:0 SPIKES:0 KILLS:0
2026-08-16 22:50:09   DIST CPU_IDLE(<1%):20 CPU_NORMAL(1-25%):0 CPU_HOT(>=25%):0
2026-08-16 22:55:13 HEARTBEAT PROCS:16 TOP_MEM:PID:3356/81.9MB TOP_CPU:PID:2524/0% SYS_CPU:1%-WD:0% SYS_MEM:2.5/32GB(7.8%)-WD:0.8GB(2.5%) TRACKING:0 SPIKES:0 KILLS:0
2026-08-16 22:55:13   DIST CPU_IDLE(<1%):16 CPU_NORMAL(1-25%):0 CPU_HOT(>=25%):0
2026-08-16 23:00:16 HEARTBEAT PROCS:15 TOP_MEM:PID:3356/81.9MB TOP_CPU:PID:4804/0.6% SYS_CPU:1%-WD:0.6% SYS_MEM:2.4/32GB(7.5%)-WD:0.7GB(2.2%) TRACKING:0 SPIKES:0 KILLS:0
2026-08-16 23:00:16   DIST CPU_IDLE(<1%):15 CPU_NORMAL(1-25%):0 CPU_HOT(>=25%):0
2026-08-16 23:05:20 HEARTBEAT PROCS:18 TOP_MEM:PID:3356/81.9MB TOP_CPU:PID:4836/0% SYS_CPU:2%-WD:0% SYS_MEM:2.5/32GB(7.8%)-WD:0.8GB(2.5%) TRACKING:0 SPIKES:0 KILLS:0
2026-08-16 23:05:20   DIST CPU_IDLE(<1%):18 CPU_NORMAL(1-25%):0 CPU_HOT(>=25%):0
2026-08-16 23:10:24 HEARTBEAT PROCS:14 TOP_MEM:PID:2816/75.6MB TOP_CPU:PID:6372/0% SYS_CPU:1%-WD:0% SYS_MEM:2.4/32GB(7.5%)-WD:0.6GB(1.9%) TRACKING:0 SPIKES:0 KILLS:0
2026-08-16 23:10:24   DIST CPU_IDLE(<1%):14 CPU_NORMAL(1-25%):0 CPU_HOT(>=25%):0
2026-08-16 23:15:28 HEARTBEAT PROCS:16 TOP_MEM:PID:2816/75.6MB TOP_CPU:PID:2128/0% SYS_CPU:2%-WD:0% SYS_MEM:2.4/32GB(7.5%)-WD:0.7GB(2.2%) TRACKING:0 SPIKES:0 KILLS:0
2026-08-16 23:15:28   DIST CPU_IDLE(<1%):16 CPU_NORMAL(1-25%):0 CPU_HOT(>=25%):0
2026-08-16 23:20:32 HEARTBEAT PROCS:23 TOP_MEM:PID:2816/75.6MB TOP_CPU:PID:7160/0% SYS_CPU:0%-WD:0% SYS_MEM:2.5/32GB(7.8%)-WD:0.9GB(2.8%) TRACKING:0 SPIKES:0 KILLS:0
2026-08-16 23:20:32   DIST CPU_IDLE(<1%):23 CPU_NORMAL(1-25%):0 CPU_HOT(>=25%):0
2026-08-16 23:25:34 HEARTBEAT PROCS:1 TOP_MEM:PID:6508/45.6MB TOP_CPU:PID:6508/0% SYS_CPU:1%-WD:0% SYS_MEM:2.1/32GB(6.6%)-WD:0GB(0%) TRACKING:0 SPIKES:0 KILLS:0
2026-08-16 23:25:34   DIST CPU_IDLE(<1%):1 CPU_NORMAL(1-25%):0 CPU_HOT(>=25%):0
2026-08-16 23:30:37 HEARTBEAT PROCS:8 TOP_MEM:PID:8352/46.4MB TOP_CPU:PID:8352/0% SYS_CPU:1%-WD:0% SYS_MEM:2.2/32GB(6.9%)-WD:0.3GB(0.9%) TRACKING:0 SPIKES:0 KILLS:0
2026-08-16 23:30:37   DIST CPU_IDLE(<1%):8 CPU_NORMAL(1-25%):0 CPU_HOT(>=25%):0
2026-08-16 23:35:41 HEARTBEAT PROCS:13 TOP_MEM:PID:7216/113.4MB TOP_CPU:PID:3304/0% SYS_CPU:1%-WD:0% SYS_MEM:2.4/32GB(7.5%)-WD:0.6GB(1.9%) TRACKING:0 SPIKES:0 KILLS:0
2026-08-16 23:35:41   DIST CPU_IDLE(<1%):13 CPU_NORMAL(1-25%):0 CPU_HOT(>=25%):0
2026-08-16 23:40:44 HEARTBEAT PROCS:13 TOP_MEM:PID:7216/113.5MB TOP_CPU:PID:9148/0% SYS_CPU:1%-WD:0% SYS_MEM:2.4/32GB(7.5%)-WD:0.6GB(1.9%) TRACKING:0 SPIKES:0 KILLS:0
2026-08-16 23:40:44   DIST CPU_IDLE(<1%):13 CPU_NORMAL(1-25%):0 CPU_HOT(>=25%):0
2026-08-16 23:45:47 HEARTBEAT PROCS:5 TOP_MEM:PID:7216/113.5MB TOP_CPU:PID:7984/0% SYS_CPU:1%-WD:0% SYS_MEM:2.3/32GB(7.2%)-WD:0.2GB(0.6%) TRACKING:0 SPIKES:0 KILLS:0
2026-08-16 23:45:47   DIST CPU_IDLE(<1%):5 CPU_NORMAL(1-25%):0 CPU_HOT(>=25%):0
2026-08-16 23:50:50 HEARTBEAT PROCS:9 TOP_MEM:PID:1512/50MB TOP_CPU:PID:8404/0% SYS_CPU:1%-WD:0% SYS_MEM:2.2/32GB(6.9%)-WD:0.3GB(0.9%) TRACKING:0 SPIKES:0 KILLS:0
2026-08-16 23:50:50   DIST CPU_IDLE(<1%):9 CPU_NORMAL(1-25%):0 CPU_HOT(>=25%):0
2026-08-16 23:55:54 HEARTBEAT PROCS:6 TOP_MEM:PID:5220/54MB TOP_CPU:PID:8316/0% SYS_CPU:1%-WD:0% SYS_MEM:2.2/32GB(6.9%)-WD:0.2GB(0.6%) TRACKING:0 SPIKES:0 KILLS:0
2026-08-16 23:55:54   DIST CPU_IDLE(<1%):6 CPU_NORMAL(1-25%):0 CPU_HOT(>=25%):0
